# 3ds Max Wavefront OBJ Exporter v0.97b - (c)2007 guruware
# File Created: 11.10.2018 13:17:45

mtllib dummy.mtl

#
# object Cylinder001
#

v  10.8433 0.0903 -1.9120
v  10.8433 141.3981 -1.9120
v  11.0106 141.3981 -0.0000
v  11.0106 0.0903 -0.0000
v  10.3465 0.0903 -3.7658
v  10.3465 141.3981 -3.7658
v  9.5354 0.0903 -5.5053
v  9.5354 141.3981 -5.5053
v  8.4346 0.0903 -7.0775
v  8.4346 141.3981 -7.0775
v  7.0775 0.0903 -8.4346
v  7.0775 141.3981 -8.4346
v  5.5053 0.0903 -9.5354
v  5.5053 141.3981 -9.5354
v  3.7658 0.0903 -10.3465
v  3.7658 141.3981 -10.3465
v  1.9120 0.0903 -10.8433
v  1.9120 141.3981 -10.8433
v  0.0000 0.0903 -11.0106
v  0.0000 141.3981 -11.0106
v  -1.9120 0.0903 -10.8433
v  -1.9120 141.3981 -10.8433
v  -3.7658 0.0903 -10.3465
v  -3.7658 141.3981 -10.3465
v  -5.5053 0.0903 -9.5354
v  -5.5053 141.3981 -9.5354
v  -7.0775 0.0903 -8.4346
v  -7.0775 141.3981 -8.4346
v  -8.4346 0.0903 -7.0775
v  -8.4346 141.3981 -7.0775
v  -9.5354 0.0903 -5.5053
v  -9.5354 141.3981 -5.5053
v  -10.3465 0.0903 -3.7658
v  -10.3465 141.3981 -3.7658
v  -10.8433 0.0903 -1.9120
v  -10.8433 141.3981 -1.9120
v  -11.0106 0.0903 -0.0000
v  -11.0106 141.3981 -0.0000
v  -10.8433 0.0903 1.9120
v  -10.8433 141.3981 1.9120
v  -10.3465 0.0903 3.7658
v  -10.3465 141.3981 3.7658
v  -9.5354 0.0903 5.5053
v  -9.5354 141.3981 5.5053
v  -8.4346 0.0903 7.0775
v  -8.4346 141.3981 7.0775
v  -7.0775 0.0903 8.4346
v  -7.0775 141.3981 8.4346
v  -5.5053 0.0903 9.5354
v  -5.5053 141.3981 9.5354
v  -3.7658 0.0903 10.3465
v  -3.7658 141.3981 10.3465
v  -1.9120 0.0903 10.8433
v  -1.9120 141.3981 10.8433
v  -0.0000 0.0903 11.0106
v  -0.0000 141.3981 11.0106
v  1.9120 0.0903 10.8433
v  1.9120 141.3981 10.8433
v  3.7658 0.0903 10.3465
v  3.7658 141.3981 10.3465
v  5.5053 0.0903 9.5354
v  5.5053 141.3981 9.5354
v  7.0774 0.0903 8.4346
v  7.0774 141.3981 8.4346
v  8.4346 0.0903 7.0775
v  8.4346 141.3981 7.0775
v  9.5354 0.0903 5.5053
v  9.5354 141.3981 5.5053
v  10.3465 0.0903 3.7658
v  10.3465 141.3981 3.7658
v  10.8433 0.0903 1.9120
v  10.8433 141.3981 1.9120
v  1.4766 0.0903 -8.3744
v  1.5714 0.0903 -8.9119
v  3.0951 0.0903 -8.5036
v  4.5247 0.0903 -7.8370
v  -4.8169 143.2164 4.0419
v  -4.0419 143.2164 4.8169
v  -3.7981 143.2164 4.5264
v  -5.4456 143.2164 3.1440
v  9.0493 0.0903 -0.0000
v  8.9119 0.0903 -1.5714
v  8.9119 0.0903 1.5714
v  8.5036 0.0903 3.0951
v  7.8370 0.0903 4.5247
v  6.9322 0.0903 5.8168
v  5.8168 0.0903 6.9322
v  4.5247 0.0903 7.8370
v  3.0951 0.0903 8.5036
v  1.5714 0.0903 8.9119
v  -0.0000 0.0903 9.0493
v  -1.5714 0.0903 8.9119
v  -3.0951 0.0903 8.5036
v  -4.5247 0.0903 7.8370
v  -5.8168 0.0903 6.9322
v  -6.9322 0.0903 5.8168
v  -7.8370 0.0903 4.5247
v  -8.5036 0.0903 3.0951
v  -8.9119 0.0903 1.5714
v  -9.0493 0.0903 -0.0000
v  -8.9119 0.0903 -1.5714
v  -8.5036 0.0903 -3.0951
v  -7.8370 0.0903 -4.5247
v  -6.9322 0.0903 -5.8168
v  -5.8168 0.0903 -6.9322
v  -4.5247 0.0903 -7.8370
v  -3.0951 0.0903 -8.5036
v  -1.5714 0.0903 -8.9119
v  0.0000 0.0903 -9.0493
v  5.8168 0.0903 -6.9322
v  6.9322 0.0903 -5.8168
v  7.8370 0.0903 -4.5247
v  8.5036 0.0903 -3.0951
v  1.2038 0.0903 -6.8269
v  1.3609 0.0903 -7.7179
v  0.7857 0.0903 -4.4559
v  1.0101 0.0903 -5.7284
v  0.2729 0.0903 -1.5475
v  0.5374 0.0903 -3.0480
v  -0.2729 0.0903 1.5475
v  -0.0000 0.0903 0.0000
v  -0.7857 0.0903 4.4559
v  -0.5375 0.0903 3.0480
v  -1.2038 0.0903 6.8269
v  -1.0101 0.0903 5.7284
v  -1.4766 0.0903 8.3744
v  -1.3609 0.0903 7.7179
v  9.1923 143.2164 -0.0000
v  9.0527 143.2164 -1.5962
v  6.1925 143.2164 -1.0919
v  6.2880 143.2164 -0.0000
v  8.6380 143.2164 -3.1440
v  5.9088 143.2164 -2.1506
v  7.9608 143.2164 -4.5962
v  5.4456 143.2164 -3.1440
v  7.0417 143.2164 -5.9087
v  4.8169 143.2164 -4.0419
v  5.9087 143.2164 -7.0417
v  4.0419 143.2164 -4.8169
v  4.5962 143.2164 -7.9608
v  3.1440 143.2164 -5.4456
v  3.1440 143.2164 -8.6380
v  2.1506 143.2164 -5.9088
v  1.5962 143.2164 -9.0527
v  1.0919 143.2164 -6.1925
v  0.0000 143.2164 -9.1923
v  -0.0000 143.2164 -6.2880
v  -1.5962 143.2164 -9.0527
v  -1.0919 143.2164 -6.1925
v  -3.1440 143.2164 -8.6380
v  -2.1506 143.2164 -5.9088
v  -4.5962 143.2164 -7.9608
v  -3.1440 143.2164 -5.4456
v  -5.9087 143.2164 -7.0417
v  -4.0419 143.2164 -4.8169
v  -7.0417 143.2164 -5.9087
v  -4.8169 143.2164 -4.0419
v  -7.9608 143.2164 -4.5962
v  -5.4456 143.2164 -3.1440
v  -8.6380 143.2164 -3.1440
v  -5.9088 143.2164 -2.1506
v  -9.0527 143.2164 -1.5962
v  -6.1925 143.2164 -1.0919
v  -9.1923 143.2164 -0.0000
v  -6.2880 143.2164 -0.0000
v  -9.0527 143.2164 1.5962
v  -6.1925 143.2164 1.0919
v  -8.6380 143.2164 3.1440
v  -5.9088 143.2164 2.1506
v  -7.9608 143.2164 4.5962
v  -7.0417 143.2164 5.9087
v  -5.9087 143.2164 7.0417
v  -4.5962 143.2164 7.9608
v  -3.1440 143.2164 5.4456
v  -3.1440 143.2164 8.6380
v  -2.1506 143.2164 5.9088
v  -1.5962 143.2164 9.0527
v  -1.0919 143.2164 6.1925
v  -0.0000 143.2164 9.1923
v  -0.0000 143.2164 6.2880
v  1.5962 143.2164 9.0527
v  1.0919 143.2164 6.1925
v  3.1440 143.2164 8.6380
v  2.1506 143.2164 5.9088
v  4.5962 143.2164 7.9608
v  3.1440 143.2164 5.4456
v  5.9087 143.2164 7.0417
v  4.0418 143.2164 4.8169
v  7.0417 143.2164 5.9087
v  4.8169 143.2164 4.0419
v  7.9608 143.2164 4.5962
v  5.4456 143.2164 3.1440
v  8.6380 143.2164 3.1440
v  5.9088 143.2164 2.1506
v  9.0527 143.2164 1.5962
v  6.1925 143.2164 1.0919
v  10.0475 143.0144 -1.7716
v  10.2025 143.0144 -0.0000
v  9.5872 143.0144 -3.4894
v  8.8356 143.0144 -5.1012
v  7.8155 143.0144 -6.5580
v  6.5580 143.0144 -7.8155
v  5.1012 143.0144 -8.8356
v  3.4894 143.0144 -9.5872
v  1.7716 143.0144 -10.0475
v  0.0000 143.0144 -10.2025
v  -1.7716 143.0144 -10.0475
v  -3.4894 143.0144 -9.5872
v  -5.1012 143.0144 -8.8356
v  -6.5580 143.0144 -7.8155
v  -7.8155 143.0144 -6.5580
v  -8.8356 143.0144 -5.1012
v  -9.5872 143.0144 -3.4895
v  -10.0475 143.0144 -1.7716
v  -10.2025 143.0144 -0.0000
v  -10.0475 143.0144 1.7716
v  -9.5872 143.0144 3.4894
v  -8.8356 143.0144 5.1012
v  -7.8155 143.0144 6.5580
v  -6.5580 143.0144 7.8155
v  -5.1012 143.0144 8.8356
v  -3.4895 143.0144 9.5872
v  -1.7716 143.0144 10.0475
v  -0.0000 143.0144 10.2025
v  1.7716 143.0144 10.0475
v  3.4894 143.0144 9.5872
v  5.1012 143.0144 8.8356
v  6.5580 143.0144 7.8155
v  7.8155 143.0144 6.5580
v  8.8356 143.0144 5.1012
v  9.5872 143.0144 3.4895
v  10.0475 143.0144 1.7716
v  10.6443 142.4083 -1.8769
v  10.8085 142.4083 -0.0000
v  10.1567 142.4083 -3.6967
v  9.3605 142.4083 -5.4043
v  8.2798 142.4083 -6.9476
v  6.9476 142.4083 -8.2798
v  5.4043 142.4083 -9.3605
v  3.6967 142.4083 -10.1567
v  1.8769 142.4083 -10.6443
v  0.0000 142.4083 -10.8085
v  -1.8769 142.4083 -10.6443
v  -3.6967 142.4083 -10.1567
v  -5.4043 142.4083 -9.3605
v  -6.9476 142.4083 -8.2798
v  -8.2798 142.4083 -6.9476
v  -9.3605 142.4083 -5.4043
v  -10.1567 142.4083 -3.6967
v  -10.6443 142.4083 -1.8769
v  -10.8085 142.4083 -0.0000
v  -10.6443 142.4083 1.8769
v  -10.1567 142.4083 3.6967
v  -9.3605 142.4083 5.4043
v  -8.2798 142.4083 6.9476
v  -6.9476 142.4083 8.2798
v  -5.4043 142.4083 9.3605
v  -3.6967 142.4083 10.1567
v  -1.8769 142.4083 10.6443
v  -0.0000 142.4083 10.8085
v  1.8769 142.4083 10.6443
v  3.6967 142.4083 10.1567
v  5.4043 142.4083 9.3605
v  6.9476 142.4083 8.2798
v  8.2798 142.4083 6.9476
v  9.3605 142.4083 5.4043
v  10.1567 142.4083 3.6967
v  10.6443 142.4083 1.8769
v  -3.0962 143.2164 3.6900
v  -3.5004 143.2164 4.1716
v  -2.0209 143.2164 2.4084
v  -2.5981 143.2164 3.0962
v  -0.7019 143.2164 0.8364
v  -1.3824 143.2164 1.6475
v  0.7019 143.2164 -0.8364
v  -0.0000 143.2164 0.0000
v  2.0209 143.2164 -2.4084
v  1.3824 143.2164 -1.6475
v  3.0962 143.2164 -3.6899
v  2.5980 143.2164 -3.0962
v  3.7981 143.2164 -4.5264
v  3.5003 143.2164 -4.1715
v  -73.2913 0.0000 2.2820
v  -73.2913 0.0000 -2.2820
v  73.2913 0.0000 -2.2820
v  73.2913 0.0000 2.2820
v  -73.2913 4.9059 2.2820
v  73.2913 4.9059 2.2820
v  73.2913 4.9059 -2.2820
v  -73.2913 4.9059 -2.2820
v  -73.2913 0.2669 2.5489
v  73.2913 0.2669 2.5489
v  73.2913 4.6391 2.5489
v  -73.2913 4.6391 2.5489
v  73.5582 0.2669 2.2820
v  73.5582 0.2669 -2.2820
v  73.5582 4.6391 -2.2820
v  73.5582 4.6391 2.2820
v  73.2913 0.2669 -2.5489
v  -73.2913 0.2669 -2.5489
v  -73.2913 4.6391 -2.5489
v  73.2913 4.6391 -2.5489
v  -73.5582 0.2669 -2.2820
v  -73.5582 0.2669 2.2820
v  -73.5582 4.6391 2.2820
v  -73.5582 4.6391 -2.2820
v  -2.2820 0.0000 -74.2235
v  2.2820 0.0000 -74.2235
v  2.2820 0.0000 33.0987
v  -2.2820 0.0000 33.0987
v  -2.2820 4.9059 -74.2235
v  -2.2820 4.9059 33.0987
v  2.2820 4.9059 33.0987
v  2.2820 4.9059 -74.2235
v  -2.5489 0.2669 -74.2235
v  -2.5489 0.2669 33.0987
v  -2.5489 4.6391 33.0987
v  -2.5489 4.6391 -74.2235
v  -2.2820 0.2669 33.3656
v  2.2820 0.2669 33.3656
v  2.2820 4.6391 33.3656
v  -2.2820 4.6391 33.3656
v  2.5489 0.2669 33.0987
v  2.5489 0.2669 -74.2235
v  2.5489 4.6391 -74.2235
v  2.5489 4.6391 33.0987
v  2.2820 0.2669 -74.4904
v  -2.2820 0.2669 -74.4904
v  -2.2820 4.6391 -74.4904
v  2.2820 4.6391 -74.4904
v  1.9505 4.9235 -64.0233
v  1.9711 4.9235 -59.1571
v  -58.7321 4.9235 1.7655
v  -63.8013 4.9235 1.7861
v  1.9505 6.9997 -64.0233
v  -63.8013 6.9997 1.7861
v  -58.7321 6.9997 1.7655
v  1.9711 6.9997 -59.1571
v  1.7400 5.1904 -64.1874
v  -64.0118 5.1904 1.6220
v  -64.0118 6.7328 1.6220
v  1.7400 6.7328 -64.1874
v  -63.9655 5.1904 1.9966
v  -58.8962 5.1904 1.9759
v  -58.8962 6.7328 1.9759
v  -63.9655 6.7328 1.9966
v  -58.5216 5.1904 1.9296
v  2.1815 5.1904 -58.9930
v  2.1815 6.7328 -58.9930
v  -58.5216 6.7328 1.9296
v  2.1352 5.1904 -59.3675
v  2.1146 5.1904 -64.2337
v  2.1146 6.7328 -64.2337
v  2.1352 6.7328 -59.3675
v  64.9813 6.9708 1.9976
v  60.1155 6.9708 2.0618
v  -1.3480 6.9708 -58.8990
v  -1.4141 6.9708 -63.9679
v  64.9813 9.0470 1.9976
v  -1.4141 9.0470 -63.9679
v  -1.3480 9.0470 -58.8990
v  60.1155 9.0470 2.0618
v  65.1436 7.2377 1.7857
v  -1.2518 7.2377 -64.1798
v  -1.2518 8.7801 -64.1798
v  65.1436 8.7801 1.7857
v  -1.6260 7.2377 -64.1301
v  -1.5599 7.2377 -59.0613
v  -1.5599 8.7801 -59.0613
v  -1.6260 8.7801 -64.1301
v  -1.5103 7.2377 -58.6871
v  59.9533 7.2377 2.2737
v  59.9533 8.7801 2.2737
v  -1.5103 8.7801 -58.6871
v  60.3274 7.2377 2.2240
v  65.1932 7.2377 2.1599
v  65.1932 8.7801 2.1599
v  60.3274 8.7801 2.2240
v  58.7092 4.8647 1.7573
v  58.7092 4.8647 -1.8619
v  63.3239 4.8647 -1.8619
v  63.3239 4.8647 1.7573
v  58.7092 6.9709 1.7573
v  63.3239 6.9709 1.7573
v  63.3239 6.9709 -1.8619
v  58.7092 6.9709 -1.8619
v  58.5645 5.0094 1.9020
v  63.4686 5.0094 1.9020
v  63.4686 6.8262 1.9020
v  58.5645 6.8262 1.9020
v  63.4686 5.0094 -2.0066
v  63.4686 6.8262 -2.0066
v  58.5645 5.0094 -2.0066
v  58.5645 6.8262 -2.0066
v  -19.2861 39.3223 2.0820
v  -19.2861 39.3223 -1.6514
v  19.2861 39.3223 -1.6514
v  19.2861 39.3223 2.0820
v  -19.2861 43.3353 2.0820
v  19.2861 43.3353 2.0820
v  19.2861 43.3353 -1.6514
v  -19.2861 43.3353 -1.6514
v  -19.2861 39.5406 2.3003
v  19.2861 39.5406 2.3003
v  19.2861 43.1170 2.3003
v  -19.2861 43.1170 2.3003
v  19.3563 39.5406 2.0820
v  19.3563 39.5406 -1.6514
v  19.3563 43.1170 -1.6514
v  19.3563 43.1170 2.0820
v  19.2861 39.5406 -1.8697
v  -19.2861 39.5406 -1.8697
v  -19.2861 43.1170 -1.8697
v  19.2861 43.1170 -1.8697
v  -19.3563 39.5406 -1.6514
v  -19.3563 39.5406 2.0820
v  -19.3563 43.1170 2.0820
v  -19.3563 43.1170 -1.6514
v  4.9444 4.2264 -43.7916
v  4.8994 4.3423 -43.8356
v  4.8676 4.2957 -43.7224
v  4.8994 4.1824 -43.6757
v  4.9823 4.0631 -43.7545
v  4.9243 4.0347 -43.6392
v  4.9978 3.8626 -43.7394
v  4.9339 3.8626 -43.6251
v  4.9823 3.6622 -43.7545
v  4.9243 3.6906 -43.6392
v  4.9444 3.4988 -43.7916
v  4.8994 3.5428 -43.6757
v  4.8994 3.3829 -43.8356
v  4.8676 3.4296 -43.7224
v  4.9823 4.2635 -43.9550
v  4.9243 4.3788 -43.9834
v  5.0349 4.0888 -43.9293
v  5.0575 3.8626 -43.9183
v  5.0349 3.6365 -43.9293
v  4.9823 3.4617 -43.9550
v  4.9243 3.3465 -43.9834
v  4.9978 4.2787 -44.1554
v  4.9339 4.3930 -44.1554
v  5.0575 4.0998 -44.1554
v  5.0837 3.8626 -44.1554
v  5.0575 3.6255 -44.1554
v  4.9978 3.4466 -44.1554
v  4.9339 3.3323 -44.1554
v  4.9823 4.2635 -44.3559
v  4.9243 4.3788 -44.3275
v  5.0349 4.0888 -44.3816
v  5.0575 3.8626 -44.3926
v  5.0349 3.6365 -44.3816
v  4.9823 3.4617 -44.3559
v  4.9243 3.3465 -44.3275
v  4.9444 4.2264 -44.5192
v  4.8994 4.3423 -44.4752
v  4.9823 4.0631 -44.5563
v  4.9978 3.8626 -44.5715
v  4.9823 3.6622 -44.5563
v  4.9444 3.4988 -44.5192
v  4.8994 3.3829 -44.4752
v  4.8994 4.1824 -44.6351
v  4.8676 4.2957 -44.5884
v  4.9243 4.0347 -44.6716
v  4.9339 3.8626 -44.6858
v  4.9243 3.6906 -44.6716
v  4.8994 3.5428 -44.6351
v  4.8676 3.4296 -44.5884
v  4.7090 4.2635 -43.5541
v  4.6896 4.3788 -43.6392
v  4.5723 4.3930 -43.6251
v  4.5723 4.2787 -43.5314
v  4.7265 4.0888 -43.4770
v  4.5723 4.0998 -43.4439
v  4.7340 3.8626 -43.4439
v  4.5723 3.8626 -43.4054
v  4.7265 3.6365 -43.4770
v  4.5723 3.6255 -43.4439
v  4.7090 3.4617 -43.5541
v  4.5723 3.4466 -43.5314
v  4.6896 3.3465 -43.6392
v  4.5723 3.3323 -43.6251
v  4.8204 4.2264 -43.6097
v  4.7904 4.3423 -43.6757
v  4.8457 4.0631 -43.5541
v  4.8560 3.8626 -43.5314
v  4.8457 3.6622 -43.5541
v  4.8204 3.4988 -43.6097
v  4.7904 3.3829 -43.6757
v  4.7090 3.2613 -43.7545
v  4.5723 3.2386 -43.7394
v  4.7265 3.1842 -43.9293
v  4.5723 3.1511 -43.9183
v  4.7340 3.1511 -44.1554
v  4.5723 3.1126 -44.1554
v  4.7265 3.1842 -44.3816
v  4.5723 3.1511 -44.3926
v  4.7090 3.2613 -44.5563
v  4.5723 3.2386 -44.5715
v  4.6896 3.3465 -44.6716
v  4.5723 3.3323 -44.6858
v  4.8204 3.3169 -43.7916
v  4.8457 3.2613 -43.9550
v  4.8560 3.2386 -44.1554
v  4.8457 3.2613 -44.3559
v  4.8204 3.3169 -44.5192
v  4.7904 3.3829 -44.6351
v  4.7090 3.4617 -44.7568
v  4.5723 3.4466 -44.7795
v  4.7265 3.6365 -44.8338
v  4.5723 3.6255 -44.8669
v  4.7340 3.8626 -44.8669
v  4.5723 3.8626 -44.9054
v  4.7265 4.0888 -44.8338
v  4.5723 4.0998 -44.8669
v  4.7090 4.2635 -44.7568
v  4.5723 4.2787 -44.7795
v  4.6896 4.3788 -44.6716
v  4.5723 4.3930 -44.6858
v  4.8204 3.4988 -44.7011
v  4.8457 3.6622 -44.7568
v  4.8560 3.8626 -44.7795
v  4.8457 4.0631 -44.7568
v  4.8204 4.2264 -44.7011
v  4.7904 4.3423 -44.6351
v  4.7090 4.4640 -44.5563
v  4.5723 4.4867 -44.5715
v  4.7265 4.5410 -44.3816
v  4.5723 4.5742 -44.3926
v  4.7340 4.5742 -44.1554
v  4.5723 4.6126 -44.1554
v  4.7265 4.5410 -43.9293
v  4.5723 4.5742 -43.9183
v  4.7090 4.4640 -43.7545
v  4.5723 4.4867 -43.7394
v  4.8204 4.4083 -44.5192
v  4.8457 4.4640 -44.3559
v  4.8560 4.4867 -44.1554
v  4.8457 4.4640 -43.9550
v  4.8204 4.4083 -43.7916
v  -2.1640 39.0027 -19.9248
v  2.1640 39.0027 -19.9248
v  2.1640 39.0027 -7.4949
v  -2.1640 39.0027 -7.4949
v  -2.1640 43.6549 -19.9248
v  -2.1640 43.6549 -7.4949
v  2.1640 43.6549 -7.4949
v  2.1640 43.6549 -19.9248
v  -2.4171 39.2558 -19.9248
v  -2.4171 39.2558 -7.4949
v  -2.4171 43.4018 -7.4949
v  -2.4171 43.4018 -19.9248
v  -2.1640 39.2558 -7.4135
v  2.1640 39.2558 -7.4135
v  2.1640 43.4018 -7.4135
v  -2.1640 43.4018 -7.4135
v  2.4171 39.2558 -7.4949
v  2.4171 39.2558 -19.9248
v  2.4171 43.4018 -19.9248
v  2.4171 43.4018 -7.4949
v  2.1640 39.2558 -20.0062
v  -2.1640 39.2558 -20.0062
v  -2.1640 43.4018 -20.0062
v  2.1640 43.4018 -20.0062
v  4.5755 42.9958 -13.3885
v  4.5755 39.8055 -13.4200
v  4.5755 0.7823 -45.2323
v  4.5755 0.7163 -48.1604
v  2.4994 42.9958 -13.3885
v  2.4994 0.7163 -48.1604
v  2.4994 0.7823 -45.2323
v  2.4994 39.8055 -13.4200
v  4.3086 43.1581 -13.6004
v  4.3086 0.8785 -48.3723
v  2.7662 0.8785 -48.3724
v  2.7662 43.1581 -13.6004
v  4.3086 0.5043 -48.3227
v  4.3086 0.5704 -45.3946
v  2.7662 0.5704 -45.3946
v  2.7662 0.5043 -48.3227
v  4.3086 0.6201 -45.0204
v  4.3086 39.6432 -13.2081
v  2.7662 39.6432 -13.2081
v  2.7662 0.6200 -45.0204
v  4.3086 40.0174 -13.2578
v  4.3086 43.2077 -13.2263
v  2.7662 43.2077 -13.2263
v  2.7662 40.0174 -13.2578
v  0.0799 49.9867 -16.0217
v  0.0799 49.0792 18.4038
v  -3.4759 50.4356 18.5521
v  -3.4759 50.1766 -15.9604
v  -3.4759 55.3365 21.8830
v  0.0799 56.9690 22.7603
v  0.0799 56.8999 -15.5110
v  -3.4759 55.0760 -15.4826
v  -3.8817 50.6315 18.7333
v  -3.8817 55.1405 21.7018
v  -3.8817 54.8801 -15.6638
v  -3.8817 50.3725 -15.7792
v  0.0799 0.6318 50.6403
v  0.0799 0.6317 58.5826
v  -3.4759 0.6360 58.1455
v  -3.4759 0.6361 50.5895
v  3.8688 45.6281 27.3100
v  3.8688 50.1406 30.2873
v  3.8688 0.8172 57.9495
v  3.8688 0.8172 50.3936
v  0.0799 50.3898 -16.0374
v  0.0799 56.8841 -15.9141
v  3.4631 55.0613 -15.8597
v  3.4631 50.5537 -15.9751
v  -3.4759 50.5537 -15.9751
v  -3.4759 0.6213 50.2124
v  -3.8817 0.8172 50.3936
v  3.8688 50.3725 -15.7792
v  3.4631 50.1766 -15.9604
v  3.4631 0.6213 50.2124
v  3.4631 0.6361 50.5895
v  -3.4759 55.0613 -15.8597
v  -3.4759 1.0131 58.1307
v  -3.8817 0.8172 57.9495
v  3.4631 55.0760 -15.4826
v  3.8688 54.8801 -15.6638
v  3.4631 1.0131 58.1307
v  3.4631 0.6360 58.1455
v  3.8688 50.6315 18.7333
v  3.4631 50.4356 18.5521
v  0.0799 0.6160 50.2372
v  -3.8817 45.6281 27.3100
v  -3.4759 45.4321 27.1288
v  0.0799 1.0348 58.5669
v  3.4631 50.3365 30.4685
v  0.0799 43.9849 27.0582
v  3.4631 45.4321 27.1288
v  0.0799 51.8971 31.2533
v  -3.4759 50.3365 30.4685
v  -3.8817 50.1406 30.2873
v  3.8688 55.1405 21.7018
v  3.4631 55.3365 21.8830
v  0.0799 48.8417 20.5946
v  3.4631 50.2451 20.7401
v  0.0799 56.7685 24.9449
v  -3.4759 55.1456 24.0713
v  -3.8817 54.9497 23.8901
v  -3.8817 50.4410 20.9213
v  3.8688 51.9497 29.0414
v  3.8688 47.4389 26.0673
v  3.8688 50.4410 20.9213
v  -3.4759 47.2430 25.8861
v  -3.8817 47.4389 26.0673
v  3.4631 52.1457 29.2226
v  3.4631 55.1456 24.0713
v  -3.4759 50.2451 20.7401
v  0.0799 48.2135 22.5554
v  3.4631 49.6495 22.6917
v  0.0799 47.1946 24.2863
v  3.4631 48.6488 24.4071
v  0.0799 45.7851 25.7872
v  3.4631 47.2430 25.8861
v  0.0799 56.1611 26.8865
v  -3.4759 54.5502 26.0240
v  0.0799 55.1467 28.5852
v  -3.4759 53.5502 27.7411
v  0.0799 53.7254 30.0408
v  -3.4759 52.1457 29.2226
v  -3.8817 54.3543 25.8428
v  -3.8817 49.8454 22.8729
v  -3.8817 53.3543 27.5599
v  -3.8817 48.8447 24.5883
v  -3.8817 51.9497 29.0414
v  3.8688 53.3543 27.5599
v  3.8688 48.8447 24.5883
v  3.8688 54.3543 25.8428
v  3.8688 49.8454 22.8729
v  3.8688 54.9497 23.8901
v  -3.4759 48.6488 24.4071
v  -3.4759 49.6495 22.6917
v  3.4631 53.5502 27.7411
v  3.4631 54.5502 26.0240
v  -1.2594 87.7223 -18.4132
v  -1.7002 88.4261 -18.4190
v  0.0000 88.4261 -18.4265
v  0.0000 87.4759 -18.4190
v  -1.2594 89.1299 -18.4132
v  0.0000 89.3762 -18.4190
v  1.2594 89.1299 -18.4132
v  1.7002 88.4261 -18.4190
v  1.2594 87.7223 -18.4132
v  -1.5078 87.4503 41.6908
v  0.0000 87.4553 41.9261
v  0.0000 88.4261 42.3871
v  -1.5990 88.4261 42.1473
v  1.5078 87.4503 41.6908
v  1.5990 88.4261 42.1473
v  1.5078 89.4019 41.6908
v  0.0000 89.3968 41.9261
v  -1.5078 89.4019 41.6908
v  -1.2658 85.6713 12.1986
v  0.0000 85.5764 12.2805
v  0.0000 85.4567 12.4615
v  -1.6053 85.5782 12.3382
v  1.2658 85.6713 12.1986
v  1.6053 85.5782 12.3382
v  1.5314 85.6764 15.5306
v  0.0000 85.5541 15.5844
v  -1.5314 85.6764 15.5306
v  2.4176 86.7089 11.4809
v  2.9154 88.4261 11.4092
v  2.9975 88.4261 11.4752
v  2.8689 86.8065 11.5985
v  2.4176 90.1432 11.4809
v  2.8689 90.0457 11.5985
v  2.7657 89.9685 15.2082
v  2.8934 88.4261 15.1544
v  2.7657 86.8837 15.2082
v  1.2658 91.1808 12.1986
v  0.0000 91.2757 12.2805
v  0.0000 91.3955 12.4615
v  1.6053 91.2740 12.3382
v  -1.2658 91.1808 12.1986
v  -1.6053 91.2740 12.3382
v  -1.5314 91.1758 15.5306
v  0.0000 91.2981 15.5844
v  1.5314 91.1758 15.5306
v  -2.4176 90.1432 11.4809
v  -2.9154 88.4261 11.4092
v  -2.9975 88.4261 11.4752
v  -2.8689 90.0457 11.5985
v  -2.4176 86.7089 11.4809
v  -2.8689 86.8065 11.5985
v  -2.7657 86.8837 15.2082
v  -2.8934 88.4261 15.1544
v  -2.7657 89.9685 15.2082
v  -1.8636 90.9113 11.9073
v  0.0000 90.9119 11.8869
v  0.0000 90.4635 11.5121
v  1.8636 90.9113 11.9073
v  1.8636 85.9408 11.9073
v  0.0000 85.9402 11.8869
v  0.0000 86.3886 11.5121
v  -1.8636 85.9408 11.9073
v  -1.2342 86.7824 40.3214
v  0.0000 86.7890 40.5431
v  -0.8099 86.4919 39.1486
v  0.0000 86.3970 38.9564
v  0.8099 86.4919 39.1486
v  1.2342 86.7824 40.3214
v  1.2342 90.0697 40.3214
v  0.0000 90.0632 40.5431
v  0.8099 90.3602 39.1486
v  0.0000 90.4551 38.9564
v  -0.8099 90.3602 39.1486
v  -1.2342 90.0697 40.3214
v  2.4832 85.9426 11.9684
v  2.3825 86.0434 15.3694
v  -1.6632 86.7627 39.6562
v  -1.0039 86.3777 38.3276
v  -2.0284 87.4352 40.9849
v  -2.1500 87.3442 36.7341
v  -1.7818 86.6441 35.6511
v  -1.0909 86.2621 34.5682
v  2.4832 90.9095 11.9684
v  2.3825 90.8088 15.3694
v  -2.4832 90.9095 11.9684
v  -2.3825 90.8088 15.3694
v  -2.6640 88.4261 11.3871
v  -1.9980 87.1780 11.3871
v  -1.9980 89.6741 11.3871
v  -1.8033 89.4794 11.3871
v  -2.4044 88.4261 11.3871
v  -1.8033 87.3727 11.3871
v  0.0000 90.0901 11.3871
v  1.9980 89.6741 11.3871
v  1.8033 89.4794 11.3871
v  0.0000 89.8305 11.3871
v  2.6640 88.4261 11.3871
v  1.9980 87.1780 11.3871
v  1.8033 87.3727 11.3871
v  2.4044 88.4261 11.3871
v  0.0000 86.7620 11.3871
v  0.0000 87.0216 11.3871
v  -1.7059 87.4702 11.3797
v  -2.2745 88.4261 11.3797
v  -2.2669 88.4261 11.3573
v  -1.7002 87.4759 11.3573
v  -1.7059 89.3820 11.3797
v  -1.7002 89.3762 11.3573
v  -1.7002 89.3762 7.6232
v  -2.2669 88.4261 7.6232
v  -1.7002 87.4759 7.6232
v  0.0000 89.7006 11.3797
v  0.0000 89.6929 11.3573
v  1.7059 89.3820 11.3797
v  1.7002 89.3762 11.3573
v  1.7002 89.3762 7.6232
v  0.0000 89.6929 7.6232
v  2.2745 88.4261 11.3797
v  2.2669 88.4261 11.3573
v  1.7059 87.4702 11.3797
v  1.7002 87.4759 11.3573
v  1.7002 87.4759 7.6232
v  2.2669 88.4261 7.6232
v  0.0000 87.1515 11.3797
v  0.0000 87.1592 11.3573
v  0.0000 87.1592 7.6232
v  1.0909 86.2621 34.5682
v  1.0039 86.3777 38.3276
v  0.0000 86.2494 37.8847
v  0.0000 86.1348 34.2072
v  2.1500 89.5079 36.7341
v  2.0284 89.4170 40.9849
v  2.1501 88.4261 41.4277
v  2.2727 88.4261 37.0951
v  2.0284 87.4352 40.9849
v  2.1500 87.3442 36.7341
v  -1.0909 90.5900 34.5682
v  -1.0039 90.4744 38.3276
v  0.0000 90.6027 37.8847
v  0.0000 90.7174 34.2072
v  1.0039 90.4744 38.3276
v  1.0909 90.5900 34.5682
v  -2.1501 88.4261 41.4277
v  -2.2727 88.4261 37.0951
v  -2.0284 89.4170 40.9849
v  -2.1500 89.5079 36.7341
v  1.6632 86.7627 39.6562
v  1.7818 86.6441 35.6511
v  -2.4609 87.1117 25.8643
v  -2.0851 86.3407 25.4096
v  -2.3825 86.0434 15.3694
v  -1.3134 85.9663 24.9549
v  1.6632 90.0894 39.6562
v  1.7818 90.2081 35.6511
v  -1.6632 90.0894 39.6562
v  -1.7818 90.2081 35.6511
v  1.3134 85.9663 24.9549
v  0.0000 85.8415 24.8033
v  2.4609 89.7405 25.8643
v  2.5861 88.4261 26.0158
v  2.4609 87.1117 25.8643
v  -1.3134 90.8858 24.9549
v  0.0000 91.0106 24.8033
v  1.3134 90.8858 24.9549
v  -2.5861 88.4261 26.0158
v  -2.4609 89.7405 25.8643
v  2.0851 86.3407 25.4096
v  2.0851 90.5114 25.4096
v  -2.0851 90.5114 25.4096
v  -2.4832 85.9426 11.9684
v  -1.7231 89.3992 11.3871
v  -2.2975 88.4261 11.3871
v  -1.7231 87.4530 11.3871
v  1.7231 89.3992 11.3871
v  0.0000 89.7236 11.3871
v  1.7231 87.4530 11.3871
v  2.2975 88.4261 11.3871
v  0.0000 87.1286 11.3871
v  -1.7002 89.3762 -3.5197
v  -2.2669 88.4261 -3.5197
v  -1.7002 89.3762 -14.6626
v  -2.2669 88.4261 -14.6626
v  -1.7002 87.4759 -14.6626
v  -1.7002 87.4759 -3.5197
v  1.7002 89.3762 -3.5197
v  0.0000 89.6930 -3.5197
v  1.7002 89.3762 -14.6626
v  0.0000 89.6930 -14.6626
v  1.7002 87.4759 -3.5197
v  2.2669 88.4261 -3.5197
v  1.7002 87.4759 -14.6626
v  2.2669 88.4261 -14.6626
v  0.0000 87.1592 -3.5197
v  0.0000 87.1592 -14.6626
v  -1.7002 89.3762 -18.3967
v  -2.2669 88.4261 -18.3967
v  -1.7002 87.4759 -18.3967
v  1.7002 89.3762 -18.3967
v  0.0000 89.6930 -18.3967
v  1.7002 87.4759 -18.3967
v  2.2669 88.4261 -18.3967
v  0.0000 87.1592 -18.3967
v  2.0179 114.8355 -18.2686
v  1.5876 115.5393 -18.3641
v  3.2536 115.5393 -18.0251
v  3.2521 114.5891 -18.0178
v  2.0179 116.2431 -18.2686
v  3.2521 116.4895 -18.0178
v  4.4839 116.2431 -17.7556
v  4.9166 115.5393 -17.6715
v  4.4839 114.8355 -17.7556
v  -10.4666 114.5635 40.5250
v  -9.0383 114.5685 41.0625
v  -9.1322 115.5393 41.5139
v  -10.6488 115.5393 40.9534
v  -7.5141 114.5635 41.1392
v  -7.5178 115.5393 41.6047
v  -7.5141 116.5151 41.1392
v  -9.0383 116.5100 41.0625
v  -10.4666 116.5151 40.5250
v  -4.2230 112.7846 11.7003
v  -3.0004 112.6896 12.0382
v  -3.0373 112.5699 12.2155
v  -4.5838 112.6914 11.7678
v  -1.7444 112.7846 12.2159
v  -1.4405 112.6914 12.4217
v  -2.1630 112.7896 15.5322
v  -3.6733 112.6673 15.2729
v  -5.1617 112.7896 14.9083
v  -0.4707 113.8222 11.7478
v  0.0313 115.5393 11.7790
v  0.0983 115.5393 11.8604
v  -0.0527 113.9197 11.9549
v  -0.4707 117.2564 11.7478
v  -0.0527 117.1589 11.9549
v  -0.8890 117.0817 15.4679
v  -0.7530 115.5393 15.4413
v  -0.8890 113.9969 15.4679
v  -1.7444 118.2940 12.2159
v  -3.0004 118.3890 12.0382
v  -3.0373 118.5087 12.2155
v  -1.4405 118.3872 12.4217
v  -4.2230 118.2940 11.7003
v  -4.5838 118.3872 11.7678
v  -5.1617 118.2890 14.9083
v  -3.6733 118.4113 15.2729
v  -2.1630 118.2890 15.5322
v  -5.2045 117.2564 10.7631
v  -5.6772 115.5393 10.5914
v  -5.7711 115.5393 10.6394
v  -5.6703 117.1589 10.7863
v  -5.2045 113.8222 10.7631
v  -5.6703 113.9197 10.7863
v  -6.3044 113.9969 14.3413
v  -6.4185 115.5393 14.2627
v  -6.3044 117.0817 14.3413
v  -4.7490 118.0246 11.2933
v  -2.9202 118.0252 11.6530
v  -2.8439 117.5768 11.2860
v  -1.0998 118.0246 12.0525
v  -1.0998 113.0540 12.0525
v  -2.9202 113.0534 11.6530
v  -2.8439 113.5018 11.2860
v  -4.7490 113.0540 11.2933
v  -9.9198 113.8956 39.2400
v  -8.7566 113.9022 39.7084
v  -9.2655 113.6052 38.1782
v  -8.4334 113.5102 38.1551
v  -7.6796 113.6052 38.5082
v  -7.5030 113.8956 39.7428
v  -7.5030 117.1830 39.7428
v  -8.7566 117.1764 39.7084
v  -7.6796 117.4734 38.5082
v  -8.4334 117.5683 38.1551
v  -9.2655 117.4734 38.1782
v  -9.9198 117.1830 39.2400
v  -0.5056 113.0558 12.2384
v  -1.2969 113.1566 15.5477
v  -10.2043 113.8759 38.5014
v  -9.2882 113.4910 37.3349
v  -10.8324 114.5484 39.7279
v  -10.0857 114.4574 35.5414
v  -9.5047 113.7573 34.5561
v  -8.6077 113.3753 33.6366
v  -0.5056 118.0227 12.2384
v  -1.2969 117.9220 15.5477
v  -5.3680 118.0227 11.2269
v  -5.9621 117.9220 14.5772
v  -5.4267 115.5393 10.6210
v  -4.7746 114.2913 10.7567
v  -4.7746 116.7873 10.7567
v  -4.5840 116.5926 10.7964
v  -5.1725 115.5393 10.6739
v  -4.5840 114.4860 10.7964
v  -2.8185 117.2033 11.1636
v  -0.8623 116.7873 11.5706
v  -1.0529 116.5926 11.5309
v  -2.8185 116.9437 11.1636
v  -0.2102 115.5393 11.7062
v  -0.8623 114.2913 11.5706
v  -1.0529 114.4860 11.5309
v  -0.4644 115.5393 11.6533
v  -2.8185 113.8752 11.1636
v  -2.8185 114.1349 11.1636
v  -4.4871 114.5834 10.8089
v  -5.0438 115.5393 10.6931
v  -5.0317 115.5393 10.6728
v  -4.4769 114.5891 10.7882
v  -4.4871 116.4952 10.8089
v  -4.4769 116.4894 10.7882
v  -3.7164 116.4894 7.1323
v  -4.2712 115.5393 7.0169
v  -3.7164 114.5891 7.1323
v  -2.8169 116.8138 11.1563
v  -2.8124 116.8062 11.1344
v  -1.1468 116.4952 11.5038
v  -1.1479 116.4894 11.4807
v  -0.3873 116.4894 7.8248
v  -2.0519 116.8062 7.4785
v  -0.5901 115.5393 11.6196
v  -0.5930 115.5393 11.5961
v  -1.1468 114.5834 11.5038
v  -1.1479 114.5891 11.4807
v  -0.3873 114.5891 7.8248
v  0.1675 115.5393 7.9402
v  -2.8169 114.2648 11.1563
v  -2.8124 114.2724 11.1344
v  -2.0519 114.2724 7.4785
v  -6.4716 113.3753 34.0810
v  -7.3225 113.4910 37.7438
v  -8.2152 113.3626 37.1058
v  -7.4662 113.2480 33.5053
v  -5.8759 116.6211 36.4172
v  -6.8607 116.5302 40.5541
v  -6.8317 115.5393 41.0125
v  -5.8293 115.5393 36.7956
v  -6.8607 114.5484 40.5541
v  -5.8759 114.4574 36.4172
v  -8.6077 117.7033 33.6366
v  -9.2882 117.5876 37.3349
v  -8.2152 117.7159 37.1058
v  -7.4662 117.8306 33.5053
v  -7.3225 117.5876 37.7438
v  -6.4716 117.7033 34.0810
v  -11.0418 115.5393 40.1367
v  -10.2794 115.5393 35.8699
v  -10.8324 116.5302 39.7279
v  -10.0857 116.6211 35.5414
v  -6.9476 113.8759 39.1789
v  -6.0158 113.7573 35.2819
v  -8.1763 114.2249 24.8361
v  -7.7158 113.4539 24.4675
v  -5.9621 113.1566 14.5772
v  -6.8676 113.0795 24.1795
v  -6.9476 117.2027 39.1789
v  -6.0158 117.3213 35.2819
v  -10.2043 117.2027 38.5014
v  -9.5047 117.3213 34.5561
v  -4.2959 113.0795 24.7145
v  -5.5509 112.9547 24.2986
v  -3.3577 116.8537 25.8385
v  -3.2659 115.5393 26.0124
v  -3.3577 114.2249 25.8385
v  -6.8676 117.9990 24.1795
v  -5.5509 118.1238 24.2986
v  -4.2959 117.9990 24.7145
v  -8.3298 115.5393 24.9590
v  -8.1763 116.8537 24.8361
v  -3.6329 113.4539 25.3168
v  -3.6329 117.6246 25.3168
v  -7.7158 117.6246 24.4675
v  -5.3680 113.0558 11.2269
v  -4.5055 116.5124 10.8127
v  -5.0678 115.5393 10.6957
v  -4.5055 114.5662 10.8127
v  -1.1315 116.5124 11.5146
v  -2.8185 116.8368 11.1636
v  -1.1315 114.5662 11.5146
v  -0.5691 115.5393 11.6316
v  -2.8185 114.2418 11.1636
v  -1.4469 116.4895 -3.7771
v  -2.0018 115.5393 -3.8925
v  0.8225 116.4895 -14.6864
v  0.2677 115.5393 -14.8018
v  0.8225 114.5891 -14.6864
v  -1.4469 114.5891 -3.7771
v  1.8821 116.4895 -3.0845
v  0.2176 116.8062 -3.4308
v  4.1516 116.4895 -13.9938
v  2.4870 116.8062 -14.3401
v  1.8821 114.5891 -3.0845
v  2.4370 115.5393 -2.9691
v  4.1516 114.5891 -13.9938
v  4.7064 115.5393 -13.8784
v  0.2176 114.2724 -3.4308
v  2.4870 114.2724 -14.3401
v  1.5830 116.4895 -18.3422
v  1.0282 115.5393 -18.4576
v  1.5830 114.5891 -18.3422
v  4.9121 116.4895 -17.6497
v  3.2476 116.8062 -17.9959
v  4.9121 114.5891 -17.6497
v  5.4669 115.5393 -17.5343
v  3.2476 114.2724 -17.9959
v  -7.0569 119.3871 -17.1435
v  -7.4812 120.0909 -17.0239
v  -5.8531 120.0909 -17.5137
v  -5.8510 119.1407 -17.5065
v  -7.0569 120.7947 -17.1435
v  -5.8510 121.0411 -17.5065
v  -4.6417 120.7947 -17.8585
v  -4.2207 120.0909 -17.9891
v  -4.6417 119.3871 -17.8585
v  9.7656 119.1151 40.5589
v  11.2782 119.1201 40.3565
v  11.4090 120.0909 40.7985
v  9.8077 120.0909 41.0224
v  12.6572 119.1151 39.7029
v  12.8742 120.0909 40.1147
v  12.6572 121.0667 39.7029
v  11.2782 121.0617 40.3565
v  9.7656 121.0667 40.5589
v  1.6261 117.3362 12.2110
v  2.8632 117.2412 11.9302
v  2.9146 117.1215 12.1038
v  1.3403 117.2430 12.4413
v  4.0537 117.3362 11.4924
v  4.4188 117.2430 11.5299
v  5.2542 117.3412 14.6120
v  3.8010 117.2189 15.0982
v  2.3173 117.3412 15.4814
v  4.9543 118.3738 10.4773
v  5.4113 120.0909 10.2672
v  5.5088 120.0909 10.3073
v  5.4205 118.4713 10.4620
v  4.9543 121.8080 10.4773
v  5.4205 121.7105 10.4620
v  6.3461 121.6333 13.9525
v  6.4534 120.0909 13.8647
v  6.3461 118.5485 13.9525
v  4.0537 122.8456 11.4924
v  2.8632 122.9406 11.9302
v  2.9146 123.0603 12.1038
v  4.4188 122.9388 11.5299
v  1.6261 122.8456 12.2110
v  1.3403 122.9388 12.4413
v  2.3173 122.8406 15.4814
v  3.8010 122.9629 15.0982
v  5.2542 122.8406 14.6120
v  0.3181 121.8080 11.8498
v  -0.1796 120.0909 11.9223
v  -0.2396 120.0909 12.0090
v  -0.0813 121.7105 12.0907
v  0.3181 118.3738 11.8498
v  -0.0813 118.4713 12.0907
v  1.0423 118.5485 15.5226
v  0.9045 120.0909 15.5073
v  1.0423 121.6333 15.5226
v  0.9703 122.5762 12.1014
v  2.7515 122.5768 11.5529
v  2.6451 122.1284 11.1935
v  4.5442 122.5762 11.0434
v  4.5442 117.6056 11.0434
v  2.7515 117.6050 11.5529
v  2.6451 118.0534 11.1935
v  0.9703 117.6056 12.1014
v  9.6392 118.4472 39.1681
v  10.8856 118.4538 39.0303
v  9.7131 118.1568 37.9231
v  10.4352 118.0618 37.5089
v  11.2664 118.1568 37.4633
v  12.0061 118.4472 38.4674
v  12.0061 121.7346 38.4674
v  10.8856 121.7280 39.0303
v  11.2664 122.0250 37.4633
v  10.4352 122.1200 37.5089
v  9.7131 122.0250 37.9231
v  9.6392 121.7346 39.1681
v  5.1557 117.6075 10.9261
v  6.0245 117.7082 14.2158
v  9.0391 118.4275 38.6520
v  9.2941 118.0426 37.1909
v  9.0660 119.1000 40.0297
v  7.7428 119.0091 35.9883
v  7.7885 118.3089 34.8454
v  8.1435 117.9269 33.6108
v  5.1557 122.5744 10.9261
v  6.0245 122.4736 14.2158
v  0.3935 122.5744 12.3358
v  1.4554 122.4736 15.5684
v  0.0551 120.0909 11.8298
v  0.6937 118.8429 11.6408
v  0.6937 121.3389 11.6408
v  0.8804 121.1442 11.5855
v  0.3041 120.0909 11.7561
v  0.8804 119.0376 11.5855
v  2.6096 121.7550 11.0736
v  4.5254 121.3389 10.5065
v  4.3387 121.1442 10.5618
v  2.6096 121.4953 11.0736
v  5.1641 120.0909 10.3174
v  4.5254 118.8429 10.5065
v  4.3387 119.0376 10.5618
v  4.9151 120.0909 10.3911
v  2.6096 118.4269 11.0736
v  2.6096 118.6865 11.0736
v  0.9717 119.1350 11.5507
v  0.4265 120.0909 11.7121
v  0.4275 120.0909 11.6885
v  0.9709 119.1407 11.5276
v  0.9717 121.0468 11.5507
v  0.9709 121.0411 11.5276
v  -0.0891 121.0411 7.9471
v  -0.6325 120.0909 8.1079
v  -0.0891 119.1407 7.9471
v  2.6075 121.3654 11.0665
v  2.6011 121.3578 11.0451
v  4.2432 121.0468 10.5823
v  4.2314 121.0411 10.5625
v  3.1714 121.0411 6.9819
v  1.5412 121.3578 7.4645
v  4.7884 120.0909 10.4209
v  4.7748 120.0909 10.4016
v  4.2432 119.1350 10.5823
v  4.2314 119.1407 10.5625
v  3.1714 119.1407 6.9819
v  3.7148 120.0909 6.8210
v  2.6075 118.8164 11.0665
v  2.6011 118.8240 11.0451
v  1.5412 118.8240 7.4645
v  10.2356 117.9269 32.9915
v  11.2193 118.0426 36.6210
v  10.1310 117.9143 36.4813
v  9.0871 117.7996 32.9550
v  11.8659 121.1727 34.7677
v  12.9559 121.0818 38.8782
v  13.1984 120.0909 39.2683
v  12.0861 120.0909 35.0790
v  12.9559 119.1000 38.8782
v  11.8659 119.0091 34.7677
v  8.1435 122.2549 33.6108
v  9.2941 122.1392 37.1909
v  10.1310 122.2675 36.4813
v  9.0871 122.3822 32.9550
v  11.2193 122.1392 36.6210
v  10.2356 122.2549 32.9915
v  9.0750 120.0909 40.4889
v  7.7276 120.0909 36.3693
v  9.0660 121.0818 40.0297
v  7.7429 121.1727 35.9883
v  12.2286 118.4275 37.7078
v  11.2055 118.3089 33.8338
v  4.3593 118.7765 25.6538
v  4.5905 118.0056 25.1112
v  1.4554 117.7082 15.5684
v  5.2015 117.6312 24.4561
v  12.2286 121.7543 37.7078
v  11.2055 121.8729 33.8338
v  9.0391 121.7543 38.6520
v  7.7885 121.8729 34.8454
v  7.7202 117.6312 23.7105
v  6.4178 117.5064 23.9380
v  9.0786 121.4053 24.2568
v  9.2417 120.0909 24.3666
v  9.0786 118.7765 24.2568
v  5.2015 122.5506 24.4561
v  6.4178 122.6754 23.9380
v  7.7202 122.5506 23.7105
v  4.2822 120.0909 25.8347
v  4.3593 121.4053 25.6538
v  8.5893 118.0056 23.9274
v  8.5893 122.1762 23.9274
v  4.5905 122.1762 25.1112
v  0.3935 117.6075 12.3358
v  0.9574 121.0640 11.5628
v  0.4066 120.0909 11.7258
v  0.9574 119.1178 11.5628
v  4.2618 121.0640 10.5845
v  2.6096 121.3884 11.0736
v  4.2618 119.1178 10.5845
v  4.8126 120.0909 10.4215
v  2.6096 118.7934 11.0736
v  -3.2520 121.0411 -2.7375
v  -3.7954 120.0909 -2.5766
v  -6.4149 121.0411 -13.4220
v  -6.9583 120.0909 -13.2611
v  -6.4149 119.1407 -13.4220
v  -3.2520 119.1407 -2.7375
v  0.0085 121.0411 -3.7027
v  -1.6218 121.3578 -3.2201
v  -3.1545 121.0411 -14.3872
v  -4.7847 121.3578 -13.9046
v  0.0085 119.1407 -3.7027
v  0.5519 120.0909 -3.8635
v  -3.1545 119.1407 -14.3872
v  -2.6111 120.0909 -14.5481
v  -1.6218 118.8240 -3.2201
v  -4.7847 118.8240 -13.9046
v  -7.4749 121.0411 -17.0025
v  -8.0183 120.0909 -16.8417
v  -7.4749 119.1407 -17.0025
v  -4.2144 121.0411 -17.9677
v  -5.8446 121.3578 -17.4851
v  -4.2144 119.1407 -17.9677
v  -3.6710 120.0909 -18.1286
v  -5.8446 118.8240 -17.4851
v  -59.7773 7.3560 0.1430
v  -59.8932 7.3110 0.0990
v  -59.8465 7.2792 0.2122
v  -59.7332 7.3110 0.2589
v  -59.6139 7.3940 0.1800
v  -59.5855 7.3359 0.2953
v  -59.4134 7.4095 0.1952
v  -59.4134 7.3456 0.3095
v  -59.2130 7.3940 0.1800
v  -59.2414 7.3359 0.2953
v  -59.0496 7.3560 0.1430
v  -59.0936 7.3110 0.2589
v  -58.9337 7.3110 0.0990
v  -58.9804 7.2792 0.2122
v  -59.8143 7.3940 -0.0204
v  -59.9296 7.3359 -0.0488
v  -59.6396 7.4465 0.0053
v  -59.4134 7.4691 0.0163
v  -59.1873 7.4465 0.0053
v  -59.0126 7.3940 -0.0204
v  -58.8973 7.3359 -0.0488
v  -59.8295 7.4095 -0.2208
v  -59.9438 7.3456 -0.2208
v  -59.6506 7.4691 -0.2208
v  -59.4134 7.4953 -0.2208
v  -59.1763 7.4691 -0.2208
v  -58.9974 7.4095 -0.2208
v  -58.8831 7.3456 -0.2208
v  -59.8143 7.3940 -0.4213
v  -59.9296 7.3359 -0.3929
v  -59.6396 7.4465 -0.4470
v  -59.4134 7.4691 -0.4580
v  -59.1873 7.4465 -0.4470
v  -59.0126 7.3940 -0.4213
v  -58.8973 7.3359 -0.3929
v  -59.7773 7.3560 -0.5846
v  -59.8932 7.3110 -0.5406
v  -59.6139 7.3940 -0.6217
v  -59.4134 7.4095 -0.6369
v  -59.2130 7.3940 -0.6217
v  -59.0496 7.3560 -0.5846
v  -58.9337 7.3110 -0.5406
v  -59.7332 7.3110 -0.7005
v  -59.8465 7.2792 -0.6539
v  -59.5855 7.3359 -0.7370
v  -59.4134 7.3456 -0.7512
v  -59.2414 7.3359 -0.7370
v  -59.0936 7.3110 -0.7005
v  -58.9804 7.2792 -0.6539
v  -59.8143 7.1206 0.3805
v  -59.9296 7.1013 0.2953
v  -59.9438 6.9839 0.3095
v  -59.8295 6.9839 0.4032
v  -59.6396 7.1381 0.4576
v  -59.6506 6.9839 0.4907
v  -59.4134 7.1457 0.4907
v  -59.4134 6.9839 0.5292
v  -59.1873 7.1381 0.4576
v  -59.1763 6.9839 0.4907
v  -59.0126 7.1206 0.3805
v  -58.9974 6.9839 0.4032
v  -58.8973 7.1013 0.2953
v  -58.8831 6.9839 0.3095
v  -59.7773 7.2320 0.3249
v  -59.8932 7.2020 0.2589
v  -59.6139 7.2573 0.3805
v  -59.4134 7.2676 0.4032
v  -59.2130 7.2573 0.3805
v  -59.0496 7.2320 0.3249
v  -58.9337 7.2020 0.2589
v  -58.8121 7.1206 0.1800
v  -58.7894 6.9839 0.1952
v  -58.7350 7.1381 0.0053
v  -58.7019 6.9839 0.0163
v  -58.7019 7.1457 -0.2208
v  -58.6634 6.9839 -0.2208
v  -58.7350 7.1381 -0.4470
v  -58.7019 6.9839 -0.4580
v  -58.8121 7.1206 -0.6217
v  -58.7894 6.9839 -0.6369
v  -58.8973 7.1013 -0.7370
v  -58.8831 6.9839 -0.7512
v  -58.8677 7.2320 0.1430
v  -58.8121 7.2573 -0.0204
v  -58.7894 7.2676 -0.2208
v  -58.8121 7.2573 -0.4213
v  -58.8677 7.2320 -0.5846
v  -58.9337 7.2020 -0.7005
v  -59.0126 7.1206 -0.8222
v  -58.9974 6.9839 -0.8449
v  -59.1873 7.1381 -0.8992
v  -59.1763 6.9839 -0.9324
v  -59.4134 7.1457 -0.9324
v  -59.4134 6.9839 -0.9708
v  -59.6396 7.1381 -0.8992
v  -59.6506 6.9839 -0.9324
v  -59.8143 7.1206 -0.8222
v  -59.8295 6.9839 -0.8449
v  -59.9296 7.1013 -0.7370
v  -59.9438 6.9839 -0.7512
v  -59.0496 7.2320 -0.7666
v  -59.2130 7.2573 -0.8222
v  -59.4134 7.2676 -0.8449
v  -59.6139 7.2573 -0.8222
v  -59.7773 7.2320 -0.7666
v  -59.8932 7.2020 -0.7005
v  -60.0148 7.1206 -0.6217
v  -60.0375 6.9839 -0.6369
v  -60.0919 7.1381 -0.4470
v  -60.1250 6.9839 -0.4580
v  -60.1250 7.1457 -0.2208
v  -60.1634 6.9839 -0.2208
v  -60.0919 7.1381 0.0053
v  -60.1250 6.9839 0.0163
v  -60.0148 7.1206 0.1800
v  -60.0375 6.9839 0.1952
v  -59.9592 7.2320 -0.5846
v  -60.0148 7.2573 -0.4213
v  -60.0375 7.2676 -0.2208
v  -60.0148 7.2573 -0.0204
v  -59.9592 7.2320 0.1430
v  60.4460 9.4046 0.4303
v  60.3301 9.3596 0.3863
v  60.3768 9.3277 0.4995
v  60.4900 9.3596 0.5462
v  60.6093 9.4425 0.4674
v  60.6377 9.3844 0.5827
v  60.8098 9.4580 0.4825
v  60.8098 9.3941 0.5968
v  61.0102 9.4425 0.4674
v  60.9818 9.3844 0.5827
v  61.1736 9.4046 0.4303
v  61.1296 9.3596 0.5462
v  61.2895 9.3596 0.3863
v  61.2428 9.3277 0.4995
v  60.4089 9.4425 0.2670
v  60.2936 9.3844 0.2386
v  60.5836 9.4950 0.2927
v  60.8098 9.5176 0.3037
v  61.0359 9.4950 0.2927
v  61.2107 9.4425 0.2670
v  61.3260 9.3844 0.2386
v  60.3938 9.4580 0.0665
v  60.2795 9.3941 0.0665
v  60.5726 9.5176 0.0665
v  60.8098 9.5439 0.0665
v  61.0470 9.5176 0.0665
v  61.2258 9.4580 0.0665
v  61.3401 9.3941 0.0665
v  60.4089 9.4425 -0.1339
v  60.2936 9.3844 -0.1055
v  60.5836 9.4950 -0.1596
v  60.8098 9.5176 -0.1707
v  61.0359 9.4950 -0.1596
v  61.2107 9.4425 -0.1339
v  61.3260 9.3844 -0.1055
v  60.4460 9.4046 -0.2973
v  60.3301 9.3596 -0.2533
v  60.6093 9.4425 -0.3344
v  60.8098 9.4580 -0.3495
v  61.0102 9.4425 -0.3344
v  61.1736 9.4046 -0.2973
v  61.2895 9.3596 -0.2533
v  60.4900 9.3596 -0.4132
v  60.3768 9.3277 -0.3665
v  60.6377 9.3844 -0.4497
v  60.8098 9.3941 -0.4638
v  60.9818 9.3844 -0.4497
v  61.1296 9.3596 -0.4132
v  61.2428 9.3277 -0.3665
v  60.4089 9.1691 0.6679
v  60.2936 9.1498 0.5827
v  60.2795 9.0325 0.5968
v  60.3938 9.0325 0.6906
v  60.5836 9.1867 0.7449
v  60.5726 9.0325 0.7780
v  60.8098 9.1942 0.7780
v  60.8098 9.0325 0.8165
v  61.0359 9.1867 0.7449
v  61.0470 9.0325 0.7780
v  61.2107 9.1691 0.6679
v  61.2258 9.0325 0.6906
v  61.3260 9.1498 0.5827
v  61.3401 9.0325 0.5968
v  60.4460 9.2805 0.6122
v  60.3301 9.2505 0.5462
v  60.6093 9.3058 0.6679
v  60.8098 9.3161 0.6906
v  61.0102 9.3058 0.6679
v  61.1736 9.2805 0.6122
v  61.2895 9.2505 0.5462
v  61.4111 9.1691 0.4674
v  61.4338 9.0325 0.4825
v  61.4882 9.1867 0.2927
v  61.5213 9.0325 0.3037
v  61.5213 9.1942 0.0665
v  61.5598 9.0325 0.0665
v  61.4882 9.1867 -0.1596
v  61.5213 9.0325 -0.1707
v  61.4111 9.1691 -0.3344
v  61.4338 9.0325 -0.3495
v  61.3260 9.1498 -0.4497
v  61.3401 9.0325 -0.4638
v  61.3555 9.2805 0.4303
v  61.4111 9.3058 0.2670
v  61.4338 9.3161 0.0665
v  61.4111 9.3058 -0.1339
v  61.3555 9.2805 -0.2973
v  61.2895 9.2505 -0.4132
v  61.2107 9.1691 -0.5348
v  61.2258 9.0325 -0.5575
v  61.0359 9.1867 -0.6119
v  61.0470 9.0325 -0.6450
v  60.8098 9.1942 -0.6450
v  60.8098 9.0325 -0.6835
v  60.5836 9.1867 -0.6119
v  60.5726 9.0325 -0.6450
v  60.4089 9.1691 -0.5348
v  60.3938 9.0325 -0.5575
v  60.2936 9.1498 -0.4497
v  60.2795 9.0325 -0.4638
v  61.1736 9.2805 -0.4792
v  61.0102 9.3058 -0.5348
v  60.8098 9.3161 -0.5575
v  60.6093 9.3058 -0.5348
v  60.4460 9.2805 -0.4792
v  60.3301 9.2505 -0.4132
v  60.2084 9.1691 -0.3344
v  60.1857 9.0325 -0.3495
v  60.1314 9.1867 -0.1596
v  60.0983 9.0325 -0.1707
v  60.0983 9.1942 0.0665
v  60.0598 9.0325 0.0665
v  60.1314 9.1867 0.2927
v  60.0983 9.0325 0.3037
v  60.2084 9.1691 0.4674
v  60.1857 9.0325 0.4825
v  60.2641 9.2805 -0.2973
v  60.2084 9.3058 -0.1339
v  60.1857 9.3161 0.0665
v  60.2084 9.3058 0.2670
v  60.2641 9.2805 0.4303
v  -59.0167 2.6462 6.0362
v  -59.1326 2.6902 5.9912
v  -59.0859 2.5770 5.9594
v  -58.9727 2.5303 5.9912
v  -58.8533 2.6091 6.0741
v  -58.8249 2.4939 6.0161
v  -58.6529 2.5940 6.0896
v  -58.6529 2.4797 6.0257
v  -58.4524 2.6091 6.0741
v  -58.4808 2.4939 6.0161
v  -58.2891 2.6462 6.0362
v  -58.3331 2.5303 5.9912
v  -58.1732 2.6902 5.9912
v  -58.2198 2.5770 5.9594
v  -59.0538 2.8096 6.0741
v  -59.1690 2.8380 6.0161
v  -58.8790 2.7839 6.1267
v  -58.6529 2.7729 6.1493
v  -58.4267 2.7839 6.1267
v  -58.2520 2.8096 6.0741
v  -58.1367 2.8380 6.0161
v  -59.0689 3.0100 6.0896
v  -59.1832 3.0100 6.0257
v  -58.8900 3.0100 6.1493
v  -58.6529 3.0100 6.1755
v  -58.4157 3.0100 6.1493
v  -58.2368 3.0100 6.0896
v  -58.1225 3.0100 6.0257
v  -59.0538 3.2105 6.0741
v  -59.1690 3.1821 6.0161
v  -58.8790 3.2362 6.1267
v  -58.6529 3.2472 6.1493
v  -58.4267 3.2362 6.1267
v  -58.2520 3.2105 6.0741
v  -58.1367 3.1821 6.0161
v  -59.0167 3.3738 6.0362
v  -59.1326 3.3298 5.9912
v  -58.8533 3.4109 6.0741
v  -58.6529 3.4261 6.0896
v  -58.4524 3.4109 6.0741
v  -58.2891 3.3738 6.0362
v  -58.1732 3.3298 5.9912
v  -58.9727 3.4897 5.9912
v  -59.0859 3.4430 5.9594
v  -58.8249 3.5262 6.0161
v  -58.6529 3.5404 6.0257
v  -58.4808 3.5262 6.0161
v  -58.3331 3.4897 5.9912
v  -58.2198 3.4430 5.9594
v  -59.0538 2.4087 5.8008
v  -59.1690 2.4939 5.7814
v  -59.1832 2.4797 5.6641
v  -59.0689 2.3860 5.6641
v  -58.8790 2.3316 5.8183
v  -58.8900 2.2985 5.6641
v  -58.6529 2.2985 5.8258
v  -58.6529 2.2600 5.6641
v  -58.4267 2.3316 5.8183
v  -58.4157 2.2985 5.6641
v  -58.2520 2.4087 5.8008
v  -58.2368 2.3860 5.6641
v  -58.1367 2.4939 5.7814
v  -58.1225 2.4797 5.6641
v  -59.0167 2.4643 5.9122
v  -59.1326 2.5303 5.8822
v  -58.8533 2.4087 5.9375
v  -58.6529 2.3860 5.9478
v  -58.4524 2.4087 5.9375
v  -58.2891 2.4643 5.9122
v  -58.1732 2.5303 5.8822
v  -58.0515 2.6091 5.8008
v  -58.0288 2.5940 5.6641
v  -57.9745 2.7839 5.8183
v  -57.9413 2.7729 5.6641
v  -57.9413 3.0100 5.8258
v  -57.9029 3.0100 5.6641
v  -57.9745 3.2362 5.8183
v  -57.9413 3.2472 5.6641
v  -58.0515 3.4109 5.8008
v  -58.0288 3.4261 5.6641
v  -58.1367 3.5262 5.7814
v  -58.1225 3.5404 5.6641
v  -58.1072 2.6462 5.9122
v  -58.0515 2.8096 5.9375
v  -58.0288 3.0100 5.9478
v  -58.0515 3.2105 5.9375
v  -58.1072 3.3738 5.9122
v  -58.1732 3.4897 5.8822
v  -58.2520 3.6114 5.8008
v  -58.2368 3.6341 5.6641
v  -58.4267 3.6884 5.8183
v  -58.4157 3.7215 5.6641
v  -58.6529 3.7215 5.8258
v  -58.6529 3.7600 5.6641
v  -58.8790 3.6884 5.8183
v  -58.8900 3.7215 5.6641
v  -59.0538 3.6114 5.8008
v  -59.0689 3.6341 5.6641
v  -59.1690 3.5262 5.7814
v  -59.1832 3.5404 5.6641
v  -58.2891 3.5557 5.9122
v  -58.4524 3.6114 5.9375
v  -58.6529 3.6341 5.9478
v  -58.8533 3.6114 5.9375
v  -59.0167 3.5557 5.9122
v  -59.1326 3.4897 5.8822
v  -59.2542 3.4109 5.8008
v  -59.2769 3.4261 5.6641
v  -59.3313 3.2362 5.8183
v  -59.3644 3.2472 5.6641
v  -59.3644 3.0100 5.8258
v  -59.4029 3.0100 5.6641
v  -59.3313 2.7839 5.8183
v  -59.3644 2.7729 5.6641
v  -59.2542 2.6091 5.8008
v  -59.2769 2.5940 5.6641
v  -59.1986 3.3738 5.9122
v  -59.2542 3.2105 5.9375
v  -59.2769 3.0100 5.9478
v  -59.2542 2.8096 5.9375
v  -59.1986 2.6462 5.9122
v  58.6128 2.6462 6.0362
v  58.4969 2.6902 5.9912
v  58.5435 2.5770 5.9594
v  58.6568 2.5303 5.9912
v  58.7761 2.6091 6.0741
v  58.8045 2.4939 6.0161
v  58.9766 2.5940 6.0896
v  58.9766 2.4797 6.0257
v  59.1770 2.6091 6.0741
v  59.1486 2.4939 6.0161
v  59.3404 2.6462 6.0362
v  59.2964 2.5303 5.9912
v  59.4563 2.6902 5.9912
v  59.4096 2.5770 5.9594
v  58.5757 2.8096 6.0741
v  58.4604 2.8380 6.0161
v  58.7504 2.7839 6.1267
v  58.9766 2.7729 6.1493
v  59.2027 2.7839 6.1267
v  59.3775 2.8096 6.0741
v  59.4927 2.8380 6.0161
v  58.5605 3.0100 6.0896
v  58.4462 3.0100 6.0257
v  58.7394 3.0100 6.1493
v  58.9766 3.0100 6.1755
v  59.2137 3.0100 6.1493
v  59.3926 3.0100 6.0896
v  59.5069 3.0100 6.0257
v  58.5757 3.2105 6.0741
v  58.4604 3.1821 6.0161
v  58.7504 3.2362 6.1267
v  58.9766 3.2472 6.1493
v  59.2027 3.2362 6.1267
v  59.3775 3.2105 6.0741
v  59.4927 3.1821 6.0161
v  58.6128 3.3738 6.0362
v  58.4969 3.3298 5.9912
v  58.7761 3.4109 6.0741
v  58.9766 3.4261 6.0896
v  59.1770 3.4109 6.0741
v  59.3404 3.3738 6.0362
v  59.4563 3.3298 5.9912
v  58.6568 3.4897 5.9912
v  58.5435 3.4430 5.9594
v  58.8045 3.5262 6.0161
v  58.9766 3.5404 6.0257
v  59.1486 3.5262 6.0161
v  59.2964 3.4897 5.9912
v  59.4096 3.4430 5.9594
v  58.5757 2.4087 5.8008
v  58.4604 2.4939 5.7814
v  58.4462 2.4797 5.6641
v  58.5605 2.3860 5.6641
v  58.7504 2.3316 5.8183
v  58.7394 2.2985 5.6641
v  58.9766 2.2985 5.8258
v  58.9766 2.2600 5.6641
v  59.2027 2.3316 5.8183
v  59.2137 2.2985 5.6641
v  59.3775 2.4087 5.8008
v  59.3926 2.3860 5.6641
v  59.4927 2.4939 5.7814
v  59.5069 2.4797 5.6641
v  58.6128 2.4643 5.9122
v  58.4969 2.5303 5.8822
v  58.7761 2.4087 5.9375
v  58.9766 2.3860 5.9478
v  59.1770 2.4087 5.9375
v  59.3404 2.4643 5.9122
v  59.4563 2.5303 5.8822
v  59.5779 2.6091 5.8008
v  59.6006 2.5940 5.6641
v  59.6550 2.7839 5.8183
v  59.6881 2.7729 5.6641
v  59.6881 3.0100 5.8258
v  59.7266 3.0100 5.6641
v  59.6550 3.2362 5.8183
v  59.6881 3.2472 5.6641
v  59.5779 3.4109 5.8008
v  59.6006 3.4261 5.6641
v  59.4927 3.5262 5.7814
v  59.5069 3.5404 5.6641
v  59.5223 2.6462 5.9122
v  59.5779 2.8096 5.9375
v  59.6006 3.0100 5.9478
v  59.5779 3.2105 5.9375
v  59.5223 3.3738 5.9122
v  59.4563 3.4897 5.8822
v  59.3775 3.6114 5.8008
v  59.3926 3.6341 5.6641
v  59.2027 3.6884 5.8183
v  59.2137 3.7215 5.6641
v  58.9766 3.7215 5.8258
v  58.9766 3.7600 5.6641
v  58.7504 3.6884 5.8183
v  58.7394 3.7215 5.6641
v  58.5757 3.6114 5.8008
v  58.5605 3.6341 5.6641
v  58.4604 3.5262 5.7814
v  58.4462 3.5404 5.6641
v  59.3404 3.5557 5.9122
v  59.1770 3.6114 5.9375
v  58.9766 3.6341 5.9478
v  58.7761 3.6114 5.9375
v  58.6128 3.5557 5.9122
v  58.4969 3.4897 5.8822
v  58.3752 3.4109 5.8008
v  58.3525 3.4261 5.6641
v  58.2982 3.2362 5.8183
v  58.2650 3.2472 5.6641
v  58.2650 3.0100 5.8258
v  58.2266 3.0100 5.6641
v  58.2982 2.7839 5.8183
v  58.2650 2.7729 5.6641
v  58.3752 2.6091 5.8008
v  58.3525 2.5940 5.6641
v  58.4309 3.3738 5.9122
v  58.3752 3.2105 5.9375
v  58.3525 3.0100 5.9478
v  58.3752 2.8096 5.9375
v  58.4309 2.6462 5.9122
v  13.4128 40.2920 6.0362
v  13.2969 40.3360 5.9912
v  13.3436 40.2228 5.9594
v  13.4568 40.1761 5.9912
v  13.5762 40.2549 6.0741
v  13.6046 40.1396 6.0161
v  13.7766 40.2398 6.0896
v  13.7766 40.1255 6.0257
v  13.9771 40.2549 6.0741
v  13.9487 40.1396 6.0161
v  14.1404 40.2920 6.0362
v  14.0964 40.1761 5.9912
v  14.2563 40.3360 5.9912
v  14.2096 40.2228 5.9594
v  13.3757 40.4553 6.0741
v  13.2604 40.4837 6.0161
v  13.5505 40.4296 6.1267
v  13.7766 40.4186 6.1493
v  14.0028 40.4296 6.1267
v  14.1775 40.4553 6.0741
v  14.2928 40.4837 6.0161
v  13.3606 40.6558 6.0896
v  13.2463 40.6558 6.0257
v  13.5395 40.6558 6.1493
v  13.7766 40.6558 6.1755
v  14.0138 40.6558 6.1493
v  14.1927 40.6558 6.0896
v  14.3070 40.6558 6.0257
v  13.3757 40.8562 6.0741
v  13.2604 40.8278 6.0161
v  13.5505 40.8819 6.1267
v  13.7766 40.8930 6.1493
v  14.0028 40.8819 6.1267
v  14.1775 40.8562 6.0741
v  14.2928 40.8278 6.0161
v  13.4128 41.0196 6.0362
v  13.2969 40.9756 5.9912
v  13.5762 41.0567 6.0741
v  13.7766 41.0718 6.0896
v  13.9771 41.0567 6.0741
v  14.1404 41.0196 6.0362
v  14.2563 40.9756 5.9912
v  13.4568 41.1355 5.9912
v  13.3436 41.0888 5.9594
v  13.6046 41.1720 6.0161
v  13.7766 41.1861 6.0257
v  13.9487 41.1720 6.0161
v  14.0964 41.1355 5.9912
v  14.2096 41.0888 5.9594
v  13.3757 40.0544 5.8008
v  13.2604 40.1396 5.7814
v  13.2463 40.1255 5.6641
v  13.3606 40.0317 5.6641
v  13.5505 39.9774 5.8183
v  13.5395 39.9443 5.6641
v  13.7766 39.9443 5.8258
v  13.7766 39.9058 5.6641
v  14.0028 39.9774 5.8183
v  14.0138 39.9443 5.6641
v  14.1775 40.0544 5.8008
v  14.1927 40.0317 5.6641
v  14.2928 40.1396 5.7814
v  14.3070 40.1255 5.6641
v  13.4128 40.1101 5.9122
v  13.2969 40.1761 5.8822
v  13.5762 40.0544 5.9375
v  13.7766 40.0317 5.9478
v  13.9771 40.0544 5.9375
v  14.1404 40.1101 5.9122
v  14.2563 40.1761 5.8822
v  14.3780 40.2549 5.8008
v  14.4007 40.2398 5.6641
v  14.4550 40.4296 5.8183
v  14.4881 40.4186 5.6641
v  14.4881 40.6558 5.8258
v  14.5266 40.6558 5.6641
v  14.4550 40.8819 5.8183
v  14.4881 40.8930 5.6641
v  14.3780 41.0567 5.8008
v  14.4007 41.0718 5.6641
v  14.2928 41.1720 5.7814
v  14.3070 41.1861 5.6641
v  14.3223 40.2920 5.9122
v  14.3780 40.4553 5.9375
v  14.4007 40.6558 5.9478
v  14.3780 40.8562 5.9375
v  14.3223 41.0196 5.9122
v  14.2563 41.1355 5.8822
v  14.1775 41.2571 5.8008
v  14.1927 41.2798 5.6641
v  14.0028 41.3342 5.8183
v  14.0138 41.3673 5.6641
v  13.7766 41.3673 5.8258
v  13.7766 41.4058 5.6641
v  13.5505 41.3342 5.8183
v  13.5395 41.3673 5.6641
v  13.3757 41.2571 5.8008
v  13.3606 41.2798 5.6641
v  13.2604 41.1720 5.7814
v  13.2463 41.1861 5.6641
v  14.1404 41.2015 5.9122
v  13.9771 41.2571 5.9375
v  13.7766 41.2798 5.9478
v  13.5762 41.2571 5.9375
v  13.4128 41.2015 5.9122
v  13.2969 41.1355 5.8822
v  13.1753 41.0567 5.8008
v  13.1526 41.0718 5.6641
v  13.0982 40.8819 5.8183
v  13.0651 40.8930 5.6641
v  13.0651 40.6558 5.8258
v  13.0266 40.6558 5.6641
v  13.0982 40.4296 5.8183
v  13.0651 40.4186 5.6641
v  13.1753 40.2549 5.8008
v  13.1526 40.2398 5.6641
v  13.2309 41.0196 5.9122
v  13.1753 40.8562 5.9375
v  13.1526 40.6558 5.9478
v  13.1753 40.4553 5.9375
v  13.2309 40.2920 5.9122
v  -14.6009 40.2920 6.0362
v  -14.7168 40.3360 5.9912
v  -14.6701 40.2228 5.9594
v  -14.5569 40.1761 5.9912
v  -14.4376 40.2549 6.0741
v  -14.4092 40.1396 6.0161
v  -14.2371 40.2398 6.0896
v  -14.2371 40.1255 6.0257
v  -14.0367 40.2549 6.0741
v  -14.0651 40.1396 6.0161
v  -13.8733 40.2920 6.0362
v  -13.9173 40.1761 5.9912
v  -13.7574 40.3360 5.9912
v  -13.8041 40.2228 5.9594
v  -14.6380 40.4553 6.0741
v  -14.7533 40.4837 6.0161
v  -14.4633 40.4296 6.1267
v  -14.2371 40.4186 6.1493
v  -14.0110 40.4296 6.1267
v  -13.8362 40.4553 6.0741
v  -13.7209 40.4837 6.0161
v  -14.6532 40.6558 6.0896
v  -14.7675 40.6558 6.0257
v  -14.4743 40.6558 6.1493
v  -14.2371 40.6558 6.1755
v  -14.0000 40.6558 6.1493
v  -13.8211 40.6558 6.0896
v  -13.7068 40.6558 6.0257
v  -14.6380 40.8562 6.0741
v  -14.7533 40.8278 6.0161
v  -14.4633 40.8819 6.1267
v  -14.2371 40.8930 6.1493
v  -14.0110 40.8819 6.1267
v  -13.8362 40.8562 6.0741
v  -13.7209 40.8278 6.0161
v  -14.6009 41.0196 6.0362
v  -14.7168 40.9756 5.9912
v  -14.4376 41.0567 6.0741
v  -14.2371 41.0718 6.0896
v  -14.0367 41.0567 6.0741
v  -13.8733 41.0196 6.0362
v  -13.7574 40.9756 5.9912
v  -14.5569 41.1355 5.9912
v  -14.6701 41.0888 5.9594
v  -14.4092 41.1720 6.0161
v  -14.2371 41.1861 6.0257
v  -14.0651 41.1720 6.0161
v  -13.9173 41.1355 5.9912
v  -13.8041 41.0888 5.9594
v  -14.6380 40.0544 5.8008
v  -14.7533 40.1396 5.7814
v  -14.7675 40.1255 5.6641
v  -14.6532 40.0317 5.6641
v  -14.4633 39.9774 5.8183
v  -14.4743 39.9443 5.6641
v  -14.2371 39.9443 5.8258
v  -14.2371 39.9058 5.6641
v  -14.0110 39.9774 5.8183
v  -14.0000 39.9443 5.6641
v  -13.8362 40.0544 5.8008
v  -13.8211 40.0317 5.6641
v  -13.7209 40.1396 5.7814
v  -13.7068 40.1255 5.6641
v  -14.6009 40.1101 5.9122
v  -14.7168 40.1761 5.8822
v  -14.4376 40.0544 5.9375
v  -14.2371 40.0317 5.9478
v  -14.0367 40.0544 5.9375
v  -13.8733 40.1101 5.9122
v  -13.7574 40.1761 5.8822
v  -13.6358 40.2549 5.8008
v  -13.6131 40.2398 5.6641
v  -13.5587 40.4296 5.8183
v  -13.5256 40.4186 5.6641
v  -13.5256 40.6558 5.8258
v  -13.4871 40.6558 5.6641
v  -13.5587 40.8819 5.8183
v  -13.5256 40.8930 5.6641
v  -13.6358 41.0567 5.8008
v  -13.6131 41.0718 5.6641
v  -13.7209 41.1720 5.7814
v  -13.7068 41.1861 5.6641
v  -13.6914 40.2920 5.9122
v  -13.6358 40.4553 5.9375
v  -13.6131 40.6558 5.9478
v  -13.6358 40.8562 5.9375
v  -13.6914 41.0196 5.9122
v  -13.7574 41.1355 5.8822
v  -13.8362 41.2571 5.8008
v  -13.8211 41.2798 5.6641
v  -14.0110 41.3342 5.8183
v  -14.0000 41.3673 5.6641
v  -14.2371 41.3673 5.8258
v  -14.2371 41.4058 5.6641
v  -14.4633 41.3342 5.8183
v  -14.4743 41.3673 5.6641
v  -14.6380 41.2571 5.8008
v  -14.6532 41.2798 5.6641
v  -14.7533 41.1720 5.7814
v  -14.7675 41.1861 5.6641
v  -13.8733 41.2015 5.9122
v  -14.0367 41.2571 5.9375
v  -14.2371 41.2798 5.9478
v  -14.4376 41.2571 5.9375
v  -14.6009 41.2015 5.9122
v  -14.7168 41.1355 5.8822
v  -14.8385 41.0567 5.8008
v  -14.8612 41.0718 5.6641
v  -14.9155 40.8819 5.8183
v  -14.9486 40.8930 5.6641
v  -14.9486 40.6558 5.8258
v  -14.9871 40.6558 5.6641
v  -14.9155 40.4296 5.8183
v  -14.9486 40.4186 5.6641
v  -14.8385 40.2549 5.8008
v  -14.8612 40.2398 5.6641
v  -14.7828 41.0196 5.9122
v  -14.8385 40.8562 5.9375
v  -14.8612 40.6558 5.9478
v  -14.8385 40.4553 5.9375
v  -14.7828 40.2920 5.9122
v  -0.0530 9.3622 -59.8204
v  -0.1689 9.3172 -59.8644
v  -0.1223 9.2854 -59.7512
v  -0.0090 9.3172 -59.7045
v  0.1103 9.4002 -59.7833
v  0.1387 9.3421 -59.6680
v  0.3108 9.4156 -59.7681
v  0.3108 9.3517 -59.6538
v  0.5112 9.4002 -59.7833
v  0.4828 9.3421 -59.6680
v  0.6746 9.3622 -59.8204
v  0.6306 9.3172 -59.7045
v  0.7905 9.3172 -59.8644
v  0.7438 9.2854 -59.7512
v  -0.0901 9.4002 -59.9837
v  -0.2054 9.3421 -60.0121
v  0.0846 9.4527 -59.9580
v  0.3108 9.4753 -59.9470
v  0.5369 9.4527 -59.9580
v  0.7117 9.4002 -59.9837
v  0.8269 9.3421 -60.0121
v  -0.1053 9.4156 -60.1842
v  -0.2196 9.3517 -60.1842
v  0.0736 9.4753 -60.1842
v  0.3108 9.5015 -60.1842
v  0.5479 9.4753 -60.1842
v  0.7268 9.4156 -60.1842
v  0.8411 9.3517 -60.1842
v  -0.0901 9.4002 -60.3846
v  -0.2054 9.3421 -60.3562
v  0.0846 9.4527 -60.4103
v  0.3108 9.4753 -60.4213
v  0.5369 9.4527 -60.4103
v  0.7117 9.4002 -60.3846
v  0.8269 9.3421 -60.3562
v  -0.0530 9.3622 -60.5480
v  -0.1689 9.3172 -60.5040
v  0.1103 9.4002 -60.5851
v  0.3108 9.4156 -60.6002
v  0.5112 9.4002 -60.5851
v  0.6746 9.3622 -60.5480
v  0.7905 9.3172 -60.5040
v  -0.0090 9.3172 -60.6639
v  -0.1223 9.2854 -60.6172
v  0.1387 9.3421 -60.7004
v  0.3108 9.3517 -60.7145
v  0.4828 9.3421 -60.7004
v  0.6306 9.3172 -60.6639
v  0.7438 9.2854 -60.6172
v  -0.0901 9.1268 -59.5828
v  -0.2054 9.1074 -59.6680
v  -0.2196 8.9901 -59.6538
v  -0.1053 8.9901 -59.5601
v  0.0846 9.1443 -59.5058
v  0.0736 8.9901 -59.4727
v  0.3108 9.1518 -59.4727
v  0.3108 8.9901 -59.4342
v  0.5369 9.1443 -59.5058
v  0.5479 8.9901 -59.4727
v  0.7117 9.1268 -59.5828
v  0.7268 8.9901 -59.5601
v  0.8269 9.1074 -59.6680
v  0.8411 8.9901 -59.6538
v  -0.0530 9.2382 -59.6385
v  -0.1689 9.2082 -59.7045
v  0.1103 9.2635 -59.5828
v  0.3108 9.2738 -59.5601
v  0.5112 9.2635 -59.5828
v  0.6746 9.2382 -59.6385
v  0.7905 9.2082 -59.7045
v  0.9121 9.1268 -59.7833
v  0.9348 8.9901 -59.7681
v  0.9892 9.1443 -59.9580
v  1.0223 8.9901 -59.9470
v  1.0223 9.1518 -60.1842
v  1.0608 8.9901 -60.1842
v  0.9892 9.1443 -60.4103
v  1.0223 8.9901 -60.4213
v  0.9121 9.1268 -60.5851
v  0.9348 8.9901 -60.6002
v  0.8269 9.1074 -60.7004
v  0.8411 8.9901 -60.7145
v  0.8565 9.2382 -59.8204
v  0.9121 9.2635 -59.9837
v  0.9348 9.2738 -60.1842
v  0.9121 9.2635 -60.3846
v  0.8565 9.2382 -60.5480
v  0.7905 9.2082 -60.6639
v  0.7117 9.1268 -60.7855
v  0.7268 8.9901 -60.8082
v  0.5369 9.1443 -60.8626
v  0.5479 8.9901 -60.8957
v  0.3108 9.1518 -60.8957
v  0.3108 8.9901 -60.9342
v  0.0846 9.1443 -60.8626
v  0.0736 8.9901 -60.8957
v  -0.0901 9.1268 -60.7855
v  -0.1053 8.9901 -60.8082
v  -0.2054 9.1074 -60.7004
v  -0.2196 8.9901 -60.7145
v  0.6746 9.2382 -60.7299
v  0.5112 9.2635 -60.7855
v  0.3108 9.2738 -60.8082
v  0.1103 9.2635 -60.7855
v  -0.0530 9.2382 -60.7299
v  -0.1689 9.2082 -60.6639
v  -0.2906 9.1268 -60.5851
v  -0.3133 8.9901 -60.6002
v  -0.3676 9.1443 -60.4103
v  -0.4008 8.9901 -60.4213
v  -0.4008 9.1518 -60.1842
v  -0.4392 8.9901 -60.1842
v  -0.3676 9.1443 -59.9580
v  -0.4008 8.9901 -59.9470
v  -0.2906 9.1268 -59.7833
v  -0.3133 8.9901 -59.7681
v  -0.2349 9.2382 -60.5480
v  -0.2906 9.2635 -60.3846
v  -0.3133 9.2738 -60.1842
v  -0.2906 9.2635 -59.9837
v  -0.2349 9.2382 -59.8204
v  4.9444 40.6414 -14.0090
v  4.8994 40.7573 -14.0530
v  4.8676 40.7106 -13.9398
v  4.8994 40.5974 -13.8931
v  4.9823 40.4780 -13.9719
v  4.9243 40.4496 -13.8566
v  4.9978 40.2776 -13.9568
v  4.9339 40.2776 -13.8424
v  4.9823 40.0771 -13.9719
v  4.9243 40.1055 -13.8566
v  4.9444 39.9138 -14.0090
v  4.8994 39.9578 -13.8931
v  4.8994 39.7979 -14.0530
v  4.8676 39.8446 -13.9398
v  4.9823 40.6785 -14.1723
v  4.9243 40.7938 -14.2007
v  5.0349 40.5037 -14.1466
v  5.0575 40.2776 -14.1356
v  5.0349 40.0514 -14.1466
v  4.9823 39.8767 -14.1723
v  4.9243 39.7614 -14.2007
v  4.9978 40.6936 -14.3728
v  4.9339 40.8079 -14.3728
v  5.0575 40.5147 -14.3728
v  5.0837 40.2776 -14.3728
v  5.0575 40.0404 -14.3728
v  4.9978 39.8615 -14.3728
v  4.9339 39.7472 -14.3728
v  4.9823 40.6785 -14.5732
v  4.9243 40.7938 -14.5448
v  5.0349 40.5037 -14.5989
v  5.0575 40.2776 -14.6099
v  5.0349 40.0514 -14.5989
v  4.9823 39.8767 -14.5732
v  4.9243 39.7614 -14.5448
v  4.9444 40.6414 -14.7366
v  4.8994 40.7573 -14.6926
v  4.9823 40.4780 -14.7737
v  4.9978 40.2776 -14.7888
v  4.9823 40.0771 -14.7737
v  4.9444 39.9138 -14.7366
v  4.8994 39.7979 -14.6926
v  4.8994 40.5974 -14.8525
v  4.8676 40.7106 -14.8058
v  4.9243 40.4496 -14.8890
v  4.9339 40.2776 -14.9031
v  4.9243 40.1055 -14.8890
v  4.8994 39.9578 -14.8525
v  4.8676 39.8446 -14.8058
v  4.7090 40.6785 -13.7714
v  4.6896 40.7938 -13.8566
v  4.5723 40.8079 -13.8424
v  4.5723 40.6936 -13.7487
v  4.7265 40.5037 -13.6944
v  4.5723 40.5147 -13.6613
v  4.7340 40.2776 -13.6613
v  4.5723 40.2776 -13.6228
v  4.7265 40.0514 -13.6944
v  4.5723 40.0404 -13.6613
v  4.7090 39.8767 -13.7714
v  4.5723 39.8615 -13.7487
v  4.6896 39.7614 -13.8566
v  4.5723 39.7472 -13.8424
v  4.8204 40.6414 -13.8271
v  4.7904 40.7573 -13.8931
v  4.8457 40.4780 -13.7714
v  4.8560 40.2776 -13.7487
v  4.8457 40.0771 -13.7714
v  4.8204 39.9138 -13.8271
v  4.7904 39.7979 -13.8931
v  4.7090 39.6762 -13.9719
v  4.5723 39.6535 -13.9568
v  4.7265 39.5992 -14.1466
v  4.5723 39.5661 -14.1356
v  4.7340 39.5661 -14.3728
v  4.5723 39.5276 -14.3728
v  4.7265 39.5992 -14.5989
v  4.5723 39.5661 -14.6099
v  4.7090 39.6762 -14.7737
v  4.5723 39.6535 -14.7888
v  4.6896 39.7614 -14.8890
v  4.5723 39.7472 -14.9031
v  4.8204 39.7319 -14.0090
v  4.8457 39.6762 -14.1723
v  4.8560 39.6535 -14.3728
v  4.8457 39.6762 -14.5732
v  4.8204 39.7319 -14.7366
v  4.7904 39.7979 -14.8525
v  4.7090 39.8767 -14.9741
v  4.5723 39.8615 -14.9968
v  4.7265 40.0514 -15.0512
v  4.5723 40.0404 -15.0843
v  4.7340 40.2776 -15.0843
v  4.5723 40.2776 -15.1228
v  4.7265 40.5037 -15.0512
v  4.5723 40.5147 -15.0843
v  4.7090 40.6785 -14.9741
v  4.5723 40.6936 -14.9968
v  4.6896 40.7938 -14.8890
v  4.5723 40.8079 -14.9031
v  4.8204 39.9138 -14.9185
v  4.8457 40.0771 -14.9741
v  4.8560 40.2776 -14.9968
v  4.8457 40.4780 -14.9741
v  4.8204 40.6414 -14.9185
v  4.7904 40.7573 -14.8525
v  4.7090 40.8789 -14.7737
v  4.5723 40.9016 -14.7888
v  4.7265 40.9560 -14.5989
v  4.5723 40.9891 -14.6099
v  4.7340 40.9891 -14.3728
v  4.5723 41.0276 -14.3728
v  4.7265 40.9560 -14.1466
v  4.5723 40.9891 -14.1356
v  4.7090 40.8789 -13.9719
v  4.5723 40.9016 -13.9568
v  4.8204 40.8233 -14.7366
v  4.8457 40.8789 -14.5732
v  4.8560 40.9016 -14.3728
v  4.8457 40.8789 -14.1723
v  4.8204 40.8233 -14.0090
v  -13.1803 42.8283 2.3875
v  -13.1597 39.8308 2.3875
v  -59.5486 0.5568 2.3875
v  -63.2870 0.5361 2.3875
v  -13.1803 42.8283 5.6905
v  -63.2870 0.5361 5.6905
v  -59.5486 0.5568 5.6905
v  -13.1597 39.8308 5.6905
v  -13.3908 42.9924 2.8121
v  -63.4974 0.7003 2.8121
v  -63.4975 0.7003 5.2659
v  -13.3907 42.9924 5.2659
v  -63.4511 0.3257 2.8121
v  -59.7127 0.3464 2.8121
v  -59.7127 0.3464 5.2659
v  -63.4511 0.3257 5.2659
v  -59.3382 0.3927 2.8121
v  -12.9493 39.6667 2.8121
v  -12.9493 39.6667 5.2659
v  -59.3382 0.3927 5.2659
v  -12.9956 40.0413 2.8121
v  -13.0162 43.0388 2.8121
v  -13.0162 43.0388 5.2659
v  -12.9956 40.0413 5.2659
v  12.8070 42.9247 2.3875
v  63.2261 1.0055 2.3875
v  59.4877 0.9984 2.3875
v  12.8087 39.9272 2.3875
v  12.8070 42.9247 5.6905
v  12.8087 39.9272 5.6905
v  59.4877 0.9984 5.6905
v  63.2261 1.0055 5.6905
v  13.0162 43.0904 2.8121
v  13.0162 43.0904 5.2659
v  63.4354 1.1712 5.2659
v  63.4354 1.1712 2.8120
v  63.3918 0.7963 2.8120
v  63.3918 0.7963 5.2659
v  59.6534 0.7892 5.2659
v  59.6534 0.7892 2.8120
v  59.2785 0.8327 2.8120
v  59.2785 0.8327 5.2659
v  12.5995 39.7615 5.2659
v  12.5995 39.7615 2.8121
v  12.6430 40.1364 2.8121
v  12.6430 40.1364 5.2659
v  12.6413 43.1339 5.2659
v  12.6413 43.1339 2.8121
# 2301 vertices

vn 0.9848 0.0000 -0.1736
vn 0.9801 0.0980 -0.1728
vn 0.9952 0.0980 0.0000
vn 1.0000 0.0000 0.0000
vn 0.9397 0.0000 -0.3420
vn 0.9352 0.0980 -0.3404
vn 0.8660 0.0000 -0.5000
vn 0.8619 0.0980 -0.4976
vn 0.7660 0.0000 -0.6428
vn 0.7624 0.0980 -0.6397
vn 0.6428 0.0000 -0.7660
vn 0.6397 0.0980 -0.7624
vn 0.5000 0.0000 -0.8660
vn 0.4976 0.0980 -0.8619
vn 0.3420 0.0000 -0.9397
vn 0.3404 0.0980 -0.9352
vn 0.1736 0.0000 -0.9848
vn 0.1728 0.0980 -0.9801
vn 0.0000 0.0000 -1.0000
vn 0.0000 0.0980 -0.9952
vn -0.1736 0.0000 -0.9848
vn -0.1728 0.0980 -0.9801
vn -0.3420 0.0000 -0.9397
vn -0.3404 0.0980 -0.9352
vn -0.5000 0.0000 -0.8660
vn -0.4976 0.0980 -0.8619
vn -0.6428 0.0000 -0.7660
vn -0.6397 0.0980 -0.7624
vn -0.7660 0.0000 -0.6428
vn -0.7624 0.0980 -0.6397
vn -0.8660 0.0000 -0.5000
vn -0.8619 0.0980 -0.4976
vn -0.9397 0.0000 -0.3420
vn -0.9352 0.0980 -0.3404
vn -0.9848 0.0000 -0.1736
vn -0.9801 0.0980 -0.1728
vn -1.0000 0.0000 -0.0000
vn -0.9952 0.0980 -0.0000
vn -0.9848 0.0000 0.1736
vn -0.9801 0.0980 0.1728
vn -0.9397 0.0000 0.3420
vn -0.9352 0.0980 0.3404
vn -0.8660 0.0000 0.5000
vn -0.8619 0.0980 0.4976
vn -0.7660 0.0000 0.6428
vn -0.7624 0.0980 0.6397
vn -0.6428 0.0000 0.7660
vn -0.6397 0.0980 0.7624
vn -0.5000 0.0000 0.8660
vn -0.4976 0.0980 0.8619
vn -0.3420 0.0000 0.9397
vn -0.3404 0.0980 0.9352
vn -0.1736 0.0000 0.9848
vn -0.1728 0.0980 0.9801
vn -0.0000 0.0000 1.0000
vn -0.0000 0.0980 0.9952
vn 0.1736 0.0000 0.9848
vn 0.1728 0.0980 0.9801
vn 0.3420 0.0000 0.9397
vn 0.3404 0.0980 0.9352
vn 0.5000 0.0000 0.8660
vn 0.4976 0.0980 0.8619
vn 0.6428 0.0000 0.7660
vn 0.6397 0.0980 0.7624
vn 0.7660 0.0000 0.6428
vn 0.7624 0.0980 0.6397
vn 0.8660 0.0000 0.5000
vn 0.8619 0.0980 0.4976
vn 0.9397 0.0000 0.3420
vn 0.9352 0.0980 0.3404
vn 0.9848 0.0000 0.1736
vn 0.9801 0.0980 0.1728
vn 0.0000 -1.0000 -0.0000
vn 0.0000 1.0000 -0.0000
vn 0.1040 0.9946 -0.0000
vn 0.1024 0.9946 -0.0181
vn 0.0977 0.9946 -0.0356
vn 0.0900 0.9946 -0.0520
vn 0.0796 0.9946 -0.0668
vn 0.0668 0.9946 -0.0796
vn 0.0520 0.9946 -0.0900
vn 0.0356 0.9946 -0.0977
vn 0.0181 0.9946 -0.1024
vn 0.0000 0.9946 -0.1040
vn -0.0181 0.9946 -0.1024
vn -0.0356 0.9946 -0.0977
vn -0.0520 0.9946 -0.0900
vn -0.0668 0.9946 -0.0796
vn -0.0796 0.9946 -0.0668
vn -0.0900 0.9946 -0.0520
vn -0.0977 0.9946 -0.0356
vn -0.1024 0.9946 -0.0181
vn -0.1040 0.9946 -0.0000
vn -0.1024 0.9946 0.0181
vn -0.0977 0.9946 0.0356
vn -0.0900 0.9946 0.0520
vn -0.0796 0.9946 0.0668
vn -0.0668 0.9946 0.0796
vn -0.0520 0.9946 0.0900
vn -0.0356 0.9946 0.0977
vn -0.0181 0.9946 0.1024
vn -0.0000 0.9946 0.1040
vn 0.0181 0.9946 0.1024
vn 0.0356 0.9946 0.0977
vn 0.0520 0.9946 0.0900
vn 0.0668 0.9946 0.0796
vn 0.0796 0.9946 0.0668
vn 0.0900 0.9946 0.0520
vn 0.0977 0.9946 0.0356
vn 0.1024 0.9946 0.0181
vn 0.1931 0.9806 -0.0341
vn 0.1961 0.9806 0.0000
vn 0.1843 0.9806 -0.0671
vn 0.1698 0.9806 -0.0981
vn 0.1502 0.9806 -0.1261
vn 0.1261 0.9806 -0.1502
vn 0.0981 0.9806 -0.1698
vn 0.0671 0.9806 -0.1843
vn 0.0341 0.9806 -0.1931
vn 0.0000 0.9806 -0.1961
vn -0.0341 0.9806 -0.1931
vn -0.0671 0.9806 -0.1843
vn -0.0981 0.9806 -0.1698
vn -0.1261 0.9806 -0.1502
vn -0.1502 0.9806 -0.1261
vn -0.1698 0.9806 -0.0981
vn -0.1843 0.9806 -0.0671
vn -0.1931 0.9806 -0.0341
vn -0.1961 0.9806 -0.0000
vn -0.1931 0.9806 0.0341
vn -0.1843 0.9806 0.0671
vn -0.1698 0.9806 0.0981
vn -0.1502 0.9806 0.1261
vn -0.1261 0.9806 0.1502
vn -0.0981 0.9806 0.1698
vn -0.0671 0.9806 0.1843
vn -0.0341 0.9806 0.1931
vn -0.0000 0.9806 0.1961
vn 0.0341 0.9806 0.1931
vn 0.0671 0.9806 0.1843
vn 0.0981 0.9806 0.1698
vn 0.1261 0.9806 0.1502
vn 0.1502 0.9806 0.1261
vn 0.1698 0.9806 0.0981
vn 0.1843 0.9806 0.0671
vn 0.1931 0.9806 0.0341
vn 0.6964 0.7071 -0.1228
vn 0.7071 0.7071 0.0000
vn 0.9657 0.1961 -0.1703
vn 0.9806 0.1961 0.0000
vn 0.6645 0.7071 -0.2418
vn 0.9214 0.1961 -0.3354
vn 0.6124 0.7071 -0.3536
vn 0.8492 0.1961 -0.4903
vn 0.5417 0.7071 -0.4545
vn 0.7512 0.1961 -0.6303
vn 0.4545 0.7071 -0.5417
vn 0.6303 0.1961 -0.7512
vn 0.3536 0.7071 -0.6124
vn 0.4903 0.1961 -0.8492
vn 0.2418 0.7071 -0.6645
vn 0.3354 0.1961 -0.9214
vn 0.1228 0.7071 -0.6964
vn 0.1703 0.1961 -0.9657
vn 0.0000 0.7071 -0.7071
vn 0.0000 0.1961 -0.9806
vn -0.1228 0.7071 -0.6964
vn -0.1703 0.1961 -0.9657
vn -0.2418 0.7071 -0.6645
vn -0.3354 0.1961 -0.9214
vn -0.3536 0.7071 -0.6124
vn -0.4903 0.1961 -0.8492
vn -0.4545 0.7071 -0.5417
vn -0.6303 0.1961 -0.7512
vn -0.5417 0.7071 -0.4545
vn -0.7512 0.1961 -0.6303
vn -0.6124 0.7071 -0.3536
vn -0.8492 0.1961 -0.4903
vn -0.6645 0.7071 -0.2418
vn -0.9214 0.1961 -0.3354
vn -0.6964 0.7071 -0.1228
vn -0.9657 0.1961 -0.1703
vn -0.7071 0.7071 -0.0000
vn -0.9806 0.1961 -0.0000
vn -0.6964 0.7071 0.1228
vn -0.9657 0.1961 0.1703
vn -0.6645 0.7071 0.2418
vn -0.9214 0.1961 0.3354
vn -0.6124 0.7071 0.3536
vn -0.8492 0.1961 0.4903
vn -0.5417 0.7071 0.4545
vn -0.7512 0.1961 0.6303
vn -0.4545 0.7071 0.5417
vn -0.6303 0.1961 0.7512
vn -0.3536 0.7071 0.6124
vn -0.4903 0.1961 0.8492
vn -0.2418 0.7071 0.6645
vn -0.3354 0.1961 0.9214
vn -0.1228 0.7071 0.6964
vn -0.1703 0.1961 0.9657
vn -0.0000 0.7071 0.7071
vn -0.0000 0.1961 0.9806
vn 0.1228 0.7071 0.6964
vn 0.1703 0.1961 0.9657
vn 0.2418 0.7071 0.6645
vn 0.3354 0.1961 0.9214
vn 0.3536 0.7071 0.6124
vn 0.4903 0.1961 0.8492
vn 0.4545 0.7071 0.5417
vn 0.6303 0.1961 0.7512
vn 0.5417 0.7071 0.4545
vn 0.7512 0.1961 0.6303
vn 0.6124 0.7071 0.3536
vn 0.8492 0.1961 0.4903
vn 0.6645 0.7071 0.2418
vn 0.9214 0.1961 0.3354
vn 0.6964 0.7071 0.1228
vn 0.9657 0.1961 0.1703
vn 0.0000 0.0000 1.0000
vn 1.0000 0.0000 -0.0000
vn -0.5774 -0.5773 0.5773
vn 0.5774 -0.5773 0.5773
vn -0.5774 -0.5773 -0.5773
vn 0.5774 -0.5773 -0.5773
vn -0.5774 0.5773 0.5773
vn 0.5774 0.5773 0.5773
vn -0.5774 0.5773 -0.5773
vn 0.5774 0.5773 -0.5773
vn -0.7071 -0.7071 -0.0000
vn 0.0000 -0.7071 -0.7071
vn 0.7071 -0.7071 -0.0000
vn 0.0000 -0.7071 0.7071
vn 0.0000 0.7071 0.7071
vn 0.7071 0.7071 -0.0000
vn 0.7071 0.0000 0.7071
vn -0.7071 0.0000 0.7071
vn 0.7071 0.0000 -0.7071
vn -0.7071 0.0000 -0.7071
vn -0.5773 -0.5773 -0.5774
vn -0.5774 -0.5774 0.5774
vn 0.5773 -0.5773 -0.5774
vn 0.5774 -0.5774 0.5774
vn -0.5773 0.5773 -0.5774
vn -0.5774 0.5774 0.5774
vn 0.5773 0.5773 -0.5774
vn 0.5774 0.5774 0.5774
vn 0.7071 -0.7071 0.0000
vn -0.7074 -0.0000 -0.7068
vn 0.0041 -0.0000 1.0000
vn 0.0041 0.0000 1.0000
vn 0.7084 0.0000 0.7058
vn 1.0000 0.0000 -0.0042
vn -0.1002 -0.5774 -0.8103
vn -0.8103 -0.5774 0.1002
vn 0.8103 -0.5774 -0.1002
vn 0.1002 -0.5773 0.8103
vn -0.1002 0.5773 -0.8103
vn -0.8103 0.5774 0.1002
vn 0.8103 0.5774 -0.1002
vn 0.1002 0.5773 0.8103
vn 0.8505 -0.5259 -0.0036
vn 0.5027 -0.7045 0.5009
vn 0.0032 -0.6180 0.7862
vn -0.5021 -0.7044 -0.5017
vn -0.5021 0.7044 -0.5017
vn 0.0032 0.6180 0.7862
vn 0.0032 0.6179 0.7862
vn 0.5027 0.7045 0.5009
vn 0.8505 0.5259 -0.0036
vn -0.9924 -0.0000 0.1227
vn -0.9924 0.0000 0.1227
vn -0.1227 0.0000 -0.9924
vn -0.1227 -0.0000 -0.9924
vn 0.1227 -0.0000 0.9924
vn 0.1227 0.0000 0.9924
vn 0.9924 0.0000 -0.1227
vn 0.7048 -0.0000 -0.7094
vn 0.7048 0.0000 -0.7094
vn -0.9999 0.0000 0.0130
vn -0.7042 -0.0000 0.7100
vn -0.7042 0.0000 0.7100
vn 0.0132 0.0000 0.9999
vn 0.8094 -0.5774 -0.1074
vn -0.1074 -0.5774 -0.8094
vn 0.1074 -0.5774 0.8094
vn -0.8094 -0.5774 0.1074
vn 0.8094 0.5773 -0.1074
vn -0.1074 0.5774 -0.8094
vn 0.1074 0.5774 0.8094
vn -0.8094 0.5773 0.1074
vn 0.0112 -0.5259 0.8505
vn -0.5000 -0.7042 0.5041
vn -0.7861 -0.6180 0.0102
vn 0.5004 -0.7042 -0.5037
vn 0.5004 0.7042 -0.5037
vn -0.7861 0.6180 0.0102
vn -0.7862 0.6179 0.0102
vn -0.5000 0.7042 0.5041
vn 0.0112 0.5259 0.8505
vn -0.1316 -0.0000 -0.9913
vn -0.1316 0.0000 -0.9913
vn 0.9913 -0.0000 -0.1316
vn 0.9913 0.0000 -0.1316
vn -0.9913 -0.0000 0.1316
vn -0.9913 0.0000 0.1315
vn 0.1316 0.0000 0.9913
vn 0.1316 -0.0000 0.9913
vn -0.9102 -0.2928 0.2928
vn 0.9102 -0.2928 0.2928
vn -0.9102 -0.2928 -0.2928
vn 0.9102 -0.2928 -0.2928
vn -0.9102 0.2928 0.2928
vn 0.9102 0.2928 0.2928
vn -0.9102 0.2928 -0.2928
vn 0.9102 0.2928 -0.2928
vn -0.9520 -0.3062 -0.0000
vn 0.9520 -0.3062 -0.0000
vn 0.9520 0.3062 -0.0000
vn -0.9520 0.3062 -0.0000
vn 0.9520 0.0000 0.3062
vn -0.9520 0.0000 0.3062
vn 0.9520 0.0000 -0.3062
vn -0.9520 0.0000 -0.3062
vn 0.8508 0.3716 0.3716
vn 0.7742 0.5327 0.3419
vn 0.7096 0.4842 0.5119
vn 0.7649 0.3419 0.5460
vn 0.8988 0.1936 0.3933
vn 0.8061 0.1769 0.5647
vn 0.9154 -0.0041 0.4025
vn 0.8230 0.0006 0.5680
vn 0.8958 -0.2009 0.3964
vn 0.8146 -0.1747 0.5531
vn 0.8462 -0.3768 0.3768
vn 0.7843 -0.3370 0.5209
vn 0.7751 -0.5343 0.3371
vn 0.7269 -0.4992 0.4715
vn 0.8988 0.3933 0.1936
vn 0.8110 0.5588 0.1733
vn 0.9561 0.2071 0.2071
vn 0.9769 -0.0024 0.2138
vn 0.9542 -0.2115 0.2115
vn 0.8958 -0.3964 0.2009
vn 0.8098 -0.5589 0.1783
vn 0.9154 0.4025 -0.0041
vn 0.8230 0.5680 -0.0051
vn 0.9769 0.2138 -0.0024
vn 0.9769 -0.2138 0.0024
vn 0.9154 -0.4025 0.0041
vn 0.8230 -0.5680 0.0051
vn 0.8958 0.3964 -0.2009
vn 0.8098 0.5589 -0.1783
vn 0.9542 0.2115 -0.2115
vn 0.9769 0.0024 -0.2138
vn 0.9561 -0.2071 -0.2071
vn 0.8988 -0.3933 -0.1936
vn 0.8110 -0.5588 -0.1733
vn 0.8462 0.3768 -0.3768
vn 0.7751 0.5343 -0.3371
vn 0.8958 0.2009 -0.3964
vn 0.9154 0.0041 -0.4025
vn 0.8988 -0.1936 -0.3933
vn 0.8508 -0.3716 -0.3716
vn 0.7742 -0.5327 -0.3419
vn 0.7843 0.3370 -0.5209
vn 0.7269 0.4992 -0.4715
vn 0.8146 0.1747 -0.5531
vn 0.8230 -0.0006 -0.5680
vn 0.8061 -0.1769 -0.5647
vn 0.7649 -0.3419 -0.5460
vn 0.7096 -0.4842 -0.5119
vn 0.3610 0.5005 0.7869
vn 0.3102 0.6647 0.6797
vn 0.1749 0.6914 0.7010
vn 0.2012 0.5246 0.8272
vn 0.3959 0.2779 0.8752
vn 0.2229 0.2935 0.9296
vn 0.4088 0.0035 0.9126
vn 0.2294 0.0022 0.9733
vn 0.3920 -0.2731 0.8785
vn 0.2157 -0.2910 0.9321
vn 0.3542 -0.4994 0.7907
vn 0.1896 -0.5253 0.8295
vn 0.3102 -0.6797 0.6647
vn 0.1749 -0.7010 0.6914
vn 0.6137 0.4248 0.6656
vn 0.5502 0.5767 0.6038
vn 0.6584 0.2303 0.7165
vn 0.6757 0.0051 0.7371
vn 0.6581 -0.2230 0.7192
vn 0.6128 -0.4224 0.6679
vn 0.5502 -0.6038 0.5768
vn 0.3610 -0.7869 0.5005
vn 0.2012 -0.8272 0.5246
vn 0.3959 -0.8752 0.2779
vn 0.2229 -0.9296 0.2935
vn 0.4088 -0.9126 0.0035
vn 0.2294 -0.9733 0.0022
vn 0.3920 -0.8785 -0.2731
vn 0.2157 -0.9321 -0.2910
vn 0.3542 -0.7907 -0.4994
vn 0.1896 -0.8295 -0.5253
vn 0.3102 -0.6647 -0.6797
vn 0.1749 -0.6914 -0.7010
vn 0.6137 -0.6656 0.4248
vn 0.6584 -0.7165 0.2303
vn 0.6757 -0.7371 0.0051
vn 0.6581 -0.7192 -0.2230
vn 0.6128 -0.6679 -0.4224
vn 0.5502 -0.5767 -0.6038
vn 0.3610 -0.5005 -0.7869
vn 0.2012 -0.5246 -0.8272
vn 0.3959 -0.2779 -0.8752
vn 0.2229 -0.2935 -0.9296
vn 0.4088 -0.0035 -0.9126
vn 0.2294 -0.0022 -0.9733
vn 0.3920 0.2731 -0.8785
vn 0.2157 0.2910 -0.9321
vn 0.3542 0.4994 -0.7907
vn 0.1896 0.5253 -0.8295
vn 0.3102 0.6797 -0.6647
vn 0.1749 0.7010 -0.6914
vn 0.6137 -0.4248 -0.6656
vn 0.6584 -0.2303 -0.7165
vn 0.6757 -0.0051 -0.7371
vn 0.6581 0.2230 -0.7192
vn 0.6128 0.4224 -0.6679
vn 0.5502 0.6038 -0.5768
vn 0.3610 0.7869 -0.5005
vn 0.2012 0.8272 -0.5246
vn 0.3959 0.8752 -0.2779
vn 0.2229 0.9296 -0.2935
vn 0.4088 0.9126 -0.0035
vn 0.2294 0.9733 -0.0022
vn 0.3920 0.8785 0.2731
vn 0.2157 0.9321 0.2910
vn 0.3542 0.7907 0.4994
vn 0.1896 0.8295 0.5253
vn 0.6137 0.6656 -0.4248
vn 0.6584 0.7165 -0.2303
vn 0.6757 0.7371 -0.0051
vn 0.6581 0.7192 0.2230
vn 0.6128 0.6679 0.4224
vn -0.2928 -0.2928 -0.9102
vn -0.2928 -0.2928 0.9102
vn 0.2928 -0.2928 -0.9102
vn 0.2928 -0.2928 0.9102
vn -0.2928 0.2928 -0.9102
vn -0.2928 0.2928 0.9102
vn 0.2928 0.2928 -0.9102
vn 0.2928 0.2928 0.9102
vn 0.0000 -0.3062 -0.9520
vn 0.0000 -0.3062 0.9520
vn 0.0000 0.3062 0.9520
vn 0.0000 0.3062 -0.9520
vn -0.3062 0.0000 0.9520
vn -0.3062 0.0000 -0.9520
vn 0.3062 0.0000 0.9520
vn 0.3062 0.0000 -0.9520
vn -1.0000 -0.0000 0.0000
vn -1.0000 0.0000 0.0000
vn -0.0000 0.6352 -0.7723
vn 0.0000 0.6352 -0.7723
vn -0.0000 -0.9997 0.0226
vn 0.0000 -0.9997 0.0226
vn -0.0000 -0.6319 0.7751
vn 0.0000 -0.6319 0.7751
vn -0.0000 -0.0099 1.0000
vn 0.5774 0.8094 -0.1074
vn 0.5774 -0.1074 -0.8094
vn 0.5774 0.1074 0.8094
vn 0.5774 -0.8094 0.1074
vn -0.5774 0.8094 -0.1074
vn -0.5774 -0.1074 -0.8094
vn -0.5774 0.1074 0.8094
vn -0.5773 -0.8094 0.1074
vn 0.5145 -0.0085 0.8574
vn 0.7069 -0.4469 0.5482
vn 0.7070 -0.4469 0.5482
vn 0.6151 -0.7883 0.0178
vn 0.7069 0.4493 -0.5463
vn -0.7069 0.4493 -0.5463
vn -0.6151 -0.7883 0.0178
vn -0.7069 -0.4469 0.5482
vn -0.7070 -0.4469 0.5482
vn -0.5145 -0.0085 0.8574
vn 0.0000 -0.1316 -0.9913
vn 0.0000 0.9913 -0.1316
vn 0.0000 -0.9913 0.1316
vn -0.0000 -0.9913 0.1315
vn -0.0000 0.1316 0.9913
vn 0.0000 0.1316 0.9913
vn -0.0092 -0.9999 -0.0105
vn 0.0015 -0.9984 -0.0569
vn -0.3973 -0.9169 -0.0388
vn -0.2194 -0.9756 0.0073
vn -0.4375 0.8983 0.0394
vn 0.0091 0.9987 0.0504
vn 0.0102 0.9997 -0.0228
vn -0.4426 0.8965 -0.0189
vn -1.0000 -0.0000 -0.0000
vn 0.0000 -0.9998 0.0194
vn -0.0012 -1.0000 -0.0000
vn -0.0015 -0.9998 0.0197
vn 1.0000 -0.0000 0.0000
vn 0.0013 -0.0099 -0.9999
vn 0.0015 0.0208 -0.9998
vn 0.0235 0.0210 -0.9995
vn 0.0187 -0.0057 -0.9998
vn -0.4347 -0.0004 -0.9006
vn -0.4352 0.0010 -0.9003
vn -0.4217 -0.0354 -0.9060
vn -0.4217 -0.9060 0.0355
vn -0.4130 -0.9106 0.0132
vn -0.4135 -0.9104 0.0145
vn 0.4352 0.0010 -0.9003
vn 0.4347 -0.0004 -0.9006
vn 0.4217 -0.0354 -0.9060
vn 0.4217 -0.9060 0.0354
vn 0.4135 -0.9104 0.0145
vn 0.4130 -0.9106 0.0131
vn -0.4282 0.9035 -0.0180
vn -0.4416 0.8965 -0.0351
vn -0.2527 0.0378 0.9668
vn -0.3090 0.2717 0.9114
vn -0.5017 0.2831 0.8174
vn 0.4521 0.8913 -0.0348
vn 0.4518 0.8919 -0.0188
vn 0.4282 0.9035 -0.0180
vn 0.5017 0.2831 0.8174
vn 0.3119 0.2715 0.9105
vn 0.2561 0.0378 0.9659
vn -0.0199 -0.0081 -0.9998
vn 0.0005 -0.0390 -0.9992
vn -0.0193 -0.0390 -0.9991
vn 0.4324 -0.9017 0.0068
vn 0.4506 -0.8916 -0.0450
vn 0.4112 -0.9110 -0.0331
vn 0.2331 -0.9724 -0.0112
vn 0.0016 -0.9998 0.0197
vn 0.0000 -0.9992 0.0391
vn 0.0018 -0.9992 0.0391
vn -0.5258 -0.3895 -0.7562
vn -0.5343 -0.4379 -0.7230
vn -0.3882 -0.4765 -0.7888
vn -0.2575 -0.4496 -0.8553
vn -0.4441 0.8956 0.0259
vn 0.0031 0.0391 0.9992
vn 0.0030 0.2592 0.9658
vn 0.5352 0.4435 0.7189
vn 0.4703 0.4642 0.7505
vn 0.0103 0.9992 -0.0391
vn -0.4078 -0.9131 -0.0000
vn -0.4430 0.0229 -0.8962
vn 0.4078 -0.9131 -0.0000
vn 0.4430 0.0229 -0.8962
vn 0.2574 -0.4496 -0.8553
vn -0.0001 -0.4714 -0.8819
vn 0.0061 -0.5055 -0.8628
vn 0.3915 -0.4750 -0.7881
vn 0.0068 0.5270 0.8498
vn -0.4614 0.4678 0.7538
vn 0.5258 -0.3895 -0.7562
vn 0.5343 -0.4379 -0.7230
vn -0.4324 -0.9017 0.0068
vn -0.4506 -0.8916 -0.0450
vn -0.5352 0.4435 0.7189
vn 0.4466 0.8939 0.0388
vn 0.4441 0.8956 0.0259
vn 0.0013 -1.0000 -0.0000
vn -0.0284 0.0256 -0.9993
vn 0.0203 -0.0390 -0.9990
vn -0.0018 -0.9992 0.0391
vn 0.0057 -0.9783 -0.2072
vn 0.4366 -0.8849 -0.1622
vn 0.0088 0.9790 0.2039
vn -0.4663 0.8677 0.1722
vn 0.4922 -0.8513 -0.1816
vn -0.4226 -0.5933 -0.6851
vn -0.5470 -0.5458 -0.6347
vn -0.4832 0.8627 0.1490
vn 0.4917 0.5621 0.6650
vn 0.5467 0.5414 0.6388
vn 0.4763 0.8625 0.1710
vn -0.4262 -0.8897 -0.1637
vn 0.0072 -0.9095 -0.4156
vn 0.4554 -0.8196 -0.3475
vn 0.0084 -0.7909 -0.6118
vn 0.4525 -0.7186 -0.5281
vn 0.0090 -0.6409 -0.7676
vn 0.4274 -0.5924 -0.6829
vn 0.0085 0.9123 0.4094
vn -0.4910 0.7965 0.3528
vn 0.0078 0.7970 0.6040
vn -0.4957 0.6919 0.5250
vn 0.0068 0.6484 0.7613
vn -0.4805 0.5660 0.6699
vn 1.0000 -0.0000 -0.0000
vn 0.5294 -0.7730 -0.3496
vn 0.5477 -0.6671 -0.5050
vn 0.5470 -0.5458 -0.6347
vn -0.4455 -0.7209 -0.5309
vn -0.5477 -0.6671 -0.5050
vn -0.4466 -0.8234 -0.3501
vn -0.5294 -0.7730 -0.3496
vn -0.4922 -0.8513 -0.1816
vn -0.5258 0.7843 0.3293
vn -0.5473 0.6720 0.4989
vn -0.5467 0.5414 0.6388
vn 0.5066 0.6870 0.5210
vn 0.5473 0.6720 0.4989
vn 0.5015 0.7911 0.3502
vn 0.5258 0.7843 0.3293
vn 0.4832 0.8628 0.1490
vn -0.0144 -0.0257 -0.9996
vn -0.0270 -0.0033 -0.9996
vn 0.0012 -0.0423 -0.9991
vn -0.0125 0.0306 -0.9995
vn -0.0012 0.0423 -0.9991
vn 0.0144 0.0257 -0.9996
vn 0.0270 0.0033 -0.9996
vn 0.0125 -0.0306 -0.9995
vn -0.3991 -0.6505 0.6463
vn 0.0000 -0.6898 0.7240
vn 0.0000 -0.0000 1.0000
vn -0.4838 -0.0016 0.8752
vn 0.3964 -0.6531 0.6452
vn 0.4838 0.0016 0.8752
vn 0.3996 0.6513 0.6450
vn -0.0000 0.6898 0.7240
vn -0.3964 0.6531 0.6452
vn -0.0196 -0.7779 -0.6281
vn -0.0023 -0.7896 -0.6137
vn -0.0010 -0.9666 -0.2565
vn -0.1777 -0.9442 -0.2775
vn 0.0237 -0.7770 -0.6291
vn 0.1780 -0.9442 -0.2772
vn 0.2445 -0.9690 0.0349
vn -0.0000 -0.9995 0.0318
vn -0.2449 -0.9689 0.0359
vn 0.2048 -0.3754 -0.9040
vn 0.4013 -0.0272 -0.9156
vn 0.8972 -0.0243 -0.4410
vn 0.7673 -0.3073 -0.5629
vn 0.1740 0.3237 -0.9300
vn 0.7802 0.2954 -0.5514
vn 0.9680 0.2489 0.0321
vn 0.9996 0.0000 0.0291
vn 0.9680 -0.2485 0.0349
vn 0.0180 0.7780 -0.6279
vn 0.0023 0.7896 -0.6137
vn 0.0010 0.9666 -0.2565
vn 0.1765 0.9457 -0.2729
vn -0.0237 0.7770 -0.6291
vn -0.1780 0.9442 -0.2772
vn -0.2445 0.9690 0.0349
vn 0.0000 0.9995 0.0318
vn 0.2447 0.9689 0.0362
vn -0.2048 0.3754 -0.9040
vn -0.4013 0.0272 -0.9156
vn -0.8972 0.0243 -0.4410
vn -0.7673 0.3073 -0.5629
vn -0.2027 -0.3742 -0.9049
vn -0.7694 -0.3149 -0.5557
vn -0.9682 -0.2481 0.0331
vn -0.9996 -0.0000 0.0291
vn -0.9680 0.2485 0.0349
vn -0.0563 0.6468 -0.7606
vn -0.0124 0.6820 -0.7312
vn -0.0085 0.4866 -0.8736
vn 0.0564 0.6598 -0.7493
vn 0.0563 -0.6467 -0.7606
vn 0.0124 -0.6820 -0.7312
vn 0.0085 -0.4866 -0.8736
vn -0.0699 -0.6597 -0.7483
vn -0.2238 -0.9248 0.3076
vn 0.0026 -0.9381 0.3465
vn -0.1214 -0.9755 0.1833
vn -0.0018 -0.9835 0.1807
vn 0.1185 -0.9742 0.1919
vn 0.2211 -0.9255 0.3076
vn 0.2313 0.9220 0.3106
vn -0.0026 0.9381 0.3465
vn 0.1111 0.9768 0.1831
vn 0.0018 0.9835 0.1807
vn -0.1185 0.9742 0.1919
vn -0.2211 0.9255 0.3076
vn 0.5493 -0.7059 -0.4472
vn 0.7039 -0.7091 0.0411
vn -0.5727 -0.8094 0.1301
vn -0.2492 -0.9646 0.0867
vn -0.8032 -0.5248 0.2818
vn -0.9449 -0.3254 0.0358
vn -0.6753 -0.7364 0.0410
vn -0.2753 -0.9607 0.0356
vn 0.5568 0.7235 -0.4081
vn 0.7038 0.7093 0.0398
vn -0.5493 0.7059 -0.4472
vn -0.7039 0.7091 0.0411
vn -0.0601 -0.0071 -0.9982
vn -0.0481 -0.0887 -0.9949
vn -0.0510 0.0792 -0.9956
vn 0.0101 0.1755 -0.9844
vn 0.0481 0.0887 -0.9949
vn 0.0601 0.0071 -0.9982
vn 0.0510 -0.0792 -0.9956
vn -0.0101 -0.1755 -0.9844
vn -0.3487 -0.5135 -0.7841
vn -0.6070 -0.0004 -0.7947
vn -0.9848 0.0003 -0.1737
vn -0.5552 -0.8124 -0.1783
vn -0.3484 0.5131 -0.7844
vn -0.5554 0.8123 -0.1780
vn -0.5717 0.8205 0.0000
vn -0.5717 -0.8205 -0.0000
vn 0.0000 0.6730 -0.7397
vn -0.0001 0.9859 -0.1672
vn 0.3486 0.5135 -0.7841
vn 0.5552 0.8124 -0.1783
vn 0.5717 0.8205 0.0000
vn 0.0000 1.0000 0.0000
vn 0.6070 0.0004 -0.7947
vn 0.9848 -0.0003 -0.1737
vn 0.3484 -0.5131 -0.7844
vn 0.5554 -0.8123 -0.1780
vn 0.5717 -0.8205 -0.0000
vn -0.0000 -0.6730 -0.7397
vn 0.0001 -0.9859 -0.1672
vn 0.2747 -0.9608 0.0361
vn 0.2527 -0.9638 0.0851
vn -0.0016 -0.9974 0.0718
vn -0.0007 -0.9995 0.0321
vn 0.9461 0.3221 0.0339
vn 0.7997 0.5302 0.2818
vn 0.9194 0.0018 0.3933
vn 0.9996 -0.0010 0.0296
vn 0.8040 -0.5247 0.2796
vn 0.9452 -0.3246 0.0350
vn -0.2747 0.9608 0.0361
vn -0.2527 0.9638 0.0851
vn 0.0016 0.9974 0.0718
vn 0.0007 0.9995 0.0321
vn 0.2507 0.9643 0.0852
vn 0.2753 0.9607 0.0357
vn -0.9194 -0.0018 0.3933
vn -0.9996 0.0010 0.0296
vn -0.8040 0.5247 0.2796
vn -0.9452 0.3246 0.0350
vn 0.5727 -0.8094 0.1301
vn 0.6780 -0.7340 0.0391
vn -0.9590 -0.2813 0.0337
vn -0.6906 -0.7221 0.0408
vn -0.7032 -0.7099 0.0403
vn -0.2581 -0.9655 0.0356
vn 0.5723 0.8090 0.1340
vn 0.6743 0.7373 0.0412
vn -0.5727 0.8094 0.1301
vn -0.6780 0.7340 0.0391
vn 0.2580 -0.9655 0.0358
vn -0.0005 -0.9995 0.0319
vn 0.9590 0.2813 0.0337
vn 0.9996 -0.0008 0.0294
vn 0.9587 -0.2823 0.0344
vn -0.2580 0.9655 0.0358
vn 0.0005 0.9995 0.0319
vn 0.2581 0.9655 0.0356
vn -0.9996 0.0008 0.0294
vn -0.9587 0.2823 0.0344
vn 0.6924 -0.7204 0.0397
vn 0.6906 0.7221 0.0408
vn -0.6924 0.7204 0.0397
vn -0.5493 -0.7059 -0.4472
vn -0.0656 0.0877 -0.9940
vn -0.1037 -0.0001 -0.9946
vn -0.0656 -0.0875 -0.9940
vn 0.0656 0.0875 -0.9940
vn 0.0001 0.1382 -0.9904
vn 0.0656 -0.0877 -0.9940
vn 0.1037 0.0001 -0.9946
vn -0.0001 -0.1382 -0.9904
vn -0.5717 0.8205 -0.0000
vn -0.0000 1.0000 -0.0000
vn -0.0000 -1.0000 -0.0000
vn -0.4522 0.6478 -0.6131
vn -0.8022 -0.0008 -0.5970
vn -0.4531 -0.6461 -0.6142
vn 0.4531 0.6461 -0.6142
vn -0.0012 0.7642 -0.6450
vn 0.4522 -0.6478 -0.6131
vn 0.8022 0.0008 -0.5970
vn 0.0012 -0.7642 -0.6450
vn 0.1895 -0.0257 -0.9816
vn 0.1772 -0.0033 -0.9842
vn 0.2037 0.0000 -0.9790
vn 0.2047 -0.0423 -0.9779
vn 0.1913 0.0306 -0.9810
vn 0.2023 0.0423 -0.9784
vn 0.2177 0.0257 -0.9757
vn 0.2300 0.0033 -0.9732
vn 0.2158 -0.0306 -0.9760
vn -0.5223 -0.6505 0.5514
vn -0.1474 -0.6898 0.7088
vn -0.2037 -0.0000 0.9790
vn -0.6519 -0.0016 0.7583
vn 0.2567 -0.6531 0.7125
vn 0.2954 0.0016 0.9554
vn 0.2599 0.6513 0.7129
vn -0.1475 0.6898 0.7088
vn -0.5195 0.6531 0.5510
vn 0.1087 -0.7779 -0.6189
vn 0.1228 -0.7896 -0.6013
vn 0.0513 -0.9666 -0.2513
vn -0.1175 -0.9442 -0.3079
vn 0.1513 -0.7770 -0.6111
vn 0.2307 -0.9442 -0.2351
vn 0.2323 -0.9690 0.0840
vn -0.0065 -0.9995 0.0311
vn -0.2470 -0.9689 -0.0147
vn 0.3846 -0.3754 -0.8433
vn 0.5793 -0.0272 -0.8146
vn 0.9682 -0.0243 -0.2491
vn 0.8659 -0.3073 -0.3948
vn 0.3598 0.3237 -0.8751
vn 0.8761 0.2954 -0.3810
vn 0.9412 0.2489 0.2286
vn 0.9727 0.0000 0.2321
vn 0.9406 -0.2485 0.2313
vn 0.1456 0.7780 -0.6111
vn 0.1272 0.7896 -0.6003
vn 0.0532 0.9666 -0.2509
vn 0.2284 0.9457 -0.2312
vn 0.1050 0.7770 -0.6207
vn -0.1178 0.9442 -0.3076
vn -0.2465 0.9690 -0.0157
vn -0.0064 0.9995 0.0311
vn 0.2322 0.9689 0.0852
vn -0.0164 0.3754 -0.9267
vn -0.2064 0.0272 -0.9781
vn -0.7885 0.0243 -0.6145
vn -0.6366 0.3073 -0.7074
vn -0.0141 -0.3742 -0.9272
vn -0.6401 -0.3149 -0.7008
vn -0.9546 -0.2481 -0.1647
vn -0.9846 -0.0000 -0.1751
vn -0.9548 0.2485 -0.1630
vn 0.0998 0.6468 -0.7561
vn 0.1368 0.6820 -0.7185
vn 0.1696 0.4866 -0.8570
vn 0.2078 0.6598 -0.7221
vn 0.2100 -0.6468 -0.7332
vn 0.1611 -0.6820 -0.7134
vn 0.1862 -0.4866 -0.8536
vn 0.0840 -0.6597 -0.7469
vn -0.2818 -0.9248 0.2555
vn -0.0680 -0.9381 0.3397
vn -0.1562 -0.9755 0.1547
vn -0.0385 -0.9835 0.1765
vn 0.0770 -0.9742 0.2120
vn 0.1539 -0.9255 0.3462
vn 0.1632 0.9220 0.3512
vn -0.0731 0.9381 0.3387
vn 0.0714 0.9768 0.2019
vn -0.0351 0.9835 0.1772
vn -0.1551 0.9742 0.1637
vn -0.2791 0.9255 0.2561
vn 0.6288 -0.7059 -0.3260
vn 0.6808 -0.7091 0.1836
vn -0.5872 -0.8094 0.0107
vn -0.2616 -0.9646 0.0341
vn -0.8438 -0.5248 0.1123
vn -0.9324 -0.3254 -0.1574
vn -0.6695 -0.7364 -0.0974
vn -0.2767 -0.9607 -0.0213
vn 0.6282 0.7235 -0.2862
vn 0.6809 0.7093 0.1823
vn -0.4467 0.7059 -0.5497
vn -0.6975 0.7091 -0.1031
vn 0.1444 -0.0071 -0.9895
vn 0.1556 -0.0887 -0.9838
vn 0.1528 0.0792 -0.9851
vn 0.2037 -0.0000 -0.9790
vn 0.2104 0.1755 -0.9617
vn 0.2497 0.0887 -0.9643
vn 0.2622 0.0071 -0.9650
vn 0.2527 -0.0792 -0.9643
vn 0.1906 -0.1755 -0.9659
vn -0.1816 -0.5135 -0.8387
vn -0.4324 -0.0004 -0.9017
vn -0.9288 0.0003 -0.3707
vn -0.5072 -0.8124 -0.2876
vn -0.1813 0.5131 -0.8389
vn -0.5075 0.8123 -0.2874
vn -0.5597 0.8205 -0.1164
vn -0.9790 0.0000 -0.2037
vn -0.5597 -0.8205 -0.1164
vn 0.1507 0.6729 -0.7242
vn 0.0339 0.9859 -0.1638
vn 0.5010 0.5135 -0.6966
vn 0.5799 0.8124 -0.0615
vn 0.5597 0.8205 0.1164
vn -0.0000 1.0000 0.0000
vn 0.7561 0.0004 -0.6544
vn 0.9995 -0.0003 0.0305
vn 0.5009 -0.5131 -0.6970
vn 0.5800 -0.8123 -0.0612
vn 0.5597 -0.8205 0.1164
vn 0.9790 0.0000 0.2037
vn 0.1506 -0.6730 -0.7242
vn 0.0342 -0.9859 -0.1637
vn 0.2616 -0.9608 0.0913
vn 0.2301 -0.9638 0.1348
vn -0.0162 -0.9974 0.0700
vn -0.0072 -0.9995 0.0312
vn 0.9194 0.3221 0.2259
vn 0.7255 0.5302 0.4388
vn 0.8201 0.0018 0.5723
vn 0.9726 -0.0010 0.2325
vn 0.7302 -0.5247 0.4375
vn 0.9183 -0.3246 0.2268
vn -0.2763 0.9608 -0.0206
vn -0.2648 0.9638 0.0318
vn -0.0131 0.9974 0.0706
vn -0.0058 0.9995 0.0315
vn 0.2281 0.9643 0.1344
vn 0.2623 0.9607 0.0910
vn -0.9802 -0.0018 0.1978
vn -0.9846 0.0010 -0.1746
vn -0.8441 0.5247 0.1100
vn -0.9325 0.3246 -0.1582
vn 0.5342 -0.8094 0.2440
vn 0.6558 -0.7340 0.1764
vn -0.9458 -0.2813 -0.1624
vn -0.6844 -0.7221 -0.1007
vn -0.6966 -0.7099 -0.1038
vn -0.2599 -0.9655 -0.0177
vn 0.5330 0.8090 0.2477
vn 0.6517 0.7373 0.1777
vn -0.5872 0.8094 0.0107
vn -0.6718 0.7340 -0.0998
vn 0.2453 -0.9655 0.0876
vn -0.0070 -0.9995 0.0312
vn 0.9321 0.2813 0.2283
vn 0.9726 -0.0008 0.2324
vn 0.9316 -0.2823 0.2289
vn -0.2599 0.9655 -0.0175
vn -0.0060 0.9995 0.0314
vn 0.2454 0.9655 0.0874
vn -0.9846 0.0008 -0.1748
vn -0.9456 0.2823 -0.1616
vn 0.6698 -0.7204 0.1799
vn 0.6678 0.7221 0.1806
vn -0.6860 0.7204 -0.1021
vn -0.4467 -0.7059 -0.5497
vn 0.1382 0.0877 -0.9865
vn 0.1010 -0.0001 -0.9949
vn 0.1382 -0.0875 -0.9865
vn 0.2667 0.0875 -0.9598
vn 0.2018 0.1382 -0.9696
vn 0.2667 -0.0877 -0.9598
vn 0.3041 0.0001 -0.9526
vn 0.2016 -0.1382 -0.9697
vn -0.9790 -0.0000 -0.2037
vn 0.9790 -0.0000 0.2037
vn 0.0000 -1.0000 0.0000
vn -0.0000 -1.0000 0.0000
vn -0.3179 0.6478 -0.6923
vn -0.6638 -0.0008 -0.7479
vn -0.3186 -0.6461 -0.6936
vn 0.5687 0.6461 -0.5090
vn 0.1302 0.7642 -0.6317
vn 0.5676 -0.6478 -0.5081
vn 0.9070 0.0008 -0.4211
vn 0.1325 -0.7642 -0.6312
vn -0.2976 -0.0257 -0.9544
vn -0.3096 -0.0033 -0.9509
vn -0.2839 -0.0000 -0.9589
vn -0.2824 -0.0423 -0.9584
vn -0.2957 0.0306 -0.9548
vn -0.2848 0.0423 -0.9577
vn -0.2699 0.0257 -0.9625
vn -0.2579 0.0033 -0.9662
vn -0.2717 -0.0306 -0.9619
vn -0.1992 -0.6505 0.7330
vn 0.2055 -0.6898 0.6942
vn 0.2839 -0.0000 0.9589
vn -0.2155 -0.0016 0.9765
vn 0.5632 -0.6531 0.5062
vn 0.7123 0.0016 0.7018
vn 0.5663 0.6513 0.5051
vn 0.2055 0.6898 0.6942
vn -0.1969 0.6531 0.7312
vn -0.1971 -0.7779 -0.5967
vn -0.1764 -0.7896 -0.5878
vn -0.0738 -0.9666 -0.2456
vn -0.2492 -0.9442 -0.2156
vn -0.1559 -0.7770 -0.6099
vn 0.0920 -0.9442 -0.3163
vn 0.2444 -0.9690 -0.0360
vn 0.0090 -0.9995 0.0305
vn -0.2246 -0.9689 0.1039
vn -0.0603 -0.3754 -0.9249
vn 0.1249 -0.0272 -0.9918
vn 0.7351 -0.0243 -0.6776
vn 0.5760 -0.3073 -0.7575
vn -0.0972 0.3237 -0.9412
vn 0.5916 0.2954 -0.7502
vn 0.9373 0.2489 -0.2439
vn 0.9667 0.0000 -0.2558
vn 0.9381 -0.2485 -0.2413
vn -0.1609 0.7780 -0.6072
vn -0.1720 0.7896 -0.5891
vn -0.0718 0.9666 -0.2462
vn 0.0918 0.9457 -0.3118
vn -0.2012 0.7770 -0.5965
vn -0.2494 0.9442 -0.2152
vn -0.2246 0.9690 0.1029
vn 0.0091 0.9995 0.0304
vn 0.2449 0.9689 -0.0348
vn -0.4529 0.3754 -0.8087
vn -0.6447 0.0272 -0.7640
vn -0.9854 0.0243 -0.1682
vn -0.8955 0.3073 -0.3219
vn -0.4512 -0.3742 -0.8102
vn -0.8955 -0.3149 -0.3144
vn -0.9189 -0.2481 0.3066
vn -0.9502 -0.0000 0.3117
vn -0.9183 0.2485 0.3083
vn -0.2699 0.6467 -0.7134
vn -0.2195 0.6820 -0.6976
vn -0.2561 0.4866 -0.8353
vn -0.1586 0.6598 -0.7345
vn -0.1619 -0.6467 -0.7453
vn -0.1956 -0.6820 -0.7047
vn -0.2399 -0.4866 -0.8401
vn -0.2794 -0.6597 -0.6977
vn -0.1273 -0.9248 0.3584
vn 0.1009 -0.9381 0.3315
vn -0.0644 -0.9755 0.2102
vn 0.0496 -0.9835 0.1737
vn 0.1681 -0.9742 0.1503
vn 0.2993 -0.9255 0.2321
vn 0.3100 0.9220 0.2322
vn 0.0958 0.9381 0.3330
vn 0.1585 0.9768 0.1441
vn 0.0530 0.9835 0.1727
vn -0.0592 0.9742 0.2176
vn -0.1247 0.9255 0.3577
vn 0.3997 -0.7059 -0.5847
vn 0.6866 -0.7091 -0.1604
vn -0.5122 -0.8094 0.2873
vn -0.2143 -0.9646 0.1539
vn -0.6902 -0.5248 0.4982
vn -0.8958 -0.3254 0.3026
vn -0.6359 -0.7364 0.2310
vn -0.2539 -0.9607 0.1122
vn 0.4180 0.7235 -0.5494
vn 0.6861 0.7093 -0.1616
vn -0.6536 0.7059 -0.2729
vn -0.6633 0.7091 0.2392
vn -0.3410 -0.0071 -0.9400
vn -0.3285 -0.0887 -0.9403
vn -0.3315 0.0792 -0.9401
vn -0.2839 0.0000 -0.9589
vn -0.2697 0.1755 -0.9468
vn -0.2363 0.0887 -0.9676
vn -0.2257 0.0071 -0.9742
vn -0.2337 -0.0792 -0.9691
vn -0.2891 -0.1755 -0.9411
vn -0.5569 -0.5135 -0.6529
vn -0.8076 -0.0004 -0.5897
vn -0.9936 0.0003 0.1130
vn -0.5830 -0.8124 -0.0134
vn -0.5567 0.5131 -0.6533
vn -0.5831 0.8123 -0.0131
vn -0.5482 0.8205 0.1623
vn -0.9589 -0.0000 0.2839
vn -0.5482 -0.8205 0.1623
vn -0.2099 0.6730 -0.7093
vn -0.0476 0.9859 -0.1603
vn 0.1118 0.5135 -0.8508
vn 0.4818 0.8124 -0.3286
vn 0.5482 0.8205 -0.1623
vn 0.3564 0.0004 -0.9343
vn 0.8950 -0.0003 -0.4461
vn 0.1114 -0.5131 -0.8510
vn 0.4820 -0.8123 -0.3283
vn 0.5482 -0.8205 -0.1623
vn 0.9589 0.0000 -0.2839
vn -0.2100 -0.6730 -0.7092
vn -0.0474 -0.9859 -0.1604
vn 0.2737 -0.9608 -0.0434
vn 0.2665 -0.9638 0.0098
vn 0.0189 -0.9974 0.0693
vn 0.0084 -0.9995 0.0309
vn 0.9168 0.3221 -0.2360
vn 0.8468 0.5302 0.0433
vn 0.9932 0.0018 0.1161
vn 0.9668 -0.0010 -0.2554
vn 0.8503 -0.5247 0.0399
vn 0.9163 -0.3246 -0.2347
vn -0.2532 0.9608 0.1126
vn -0.2182 0.9638 0.1533
vn 0.0219 0.9974 0.0684
vn 0.0098 0.9995 0.0305
vn 0.2645 0.9643 0.0105
vn 0.2741 0.9607 -0.0439
vn -0.7700 -0.0018 0.6381
vn -0.9500 0.0010 0.3121
vn -0.6916 0.5247 0.4964
vn -0.8964 0.3246 0.3019
vn 0.5861 -0.8094 -0.0379
vn 0.6612 -0.7340 -0.1550
vn -0.9100 -0.2813 0.3045
vn -0.6506 -0.7221 0.2351
vn -0.6628 -0.7099 0.2382
vn -0.2374 -0.9655 0.1074
vn 0.5868 0.8090 -0.0340
vn 0.6582 0.7373 -0.1518
vn -0.5122 0.8094 0.2873
vn -0.6390 0.7340 0.2300
vn 0.2575 -0.9655 -0.0389
vn 0.0085 -0.9995 0.0308
vn 0.9291 0.2813 -0.2399
vn 0.9668 -0.0008 -0.2555
vn 0.9290 -0.2823 -0.2392
vn -0.2372 0.9655 0.1075
vn 0.0096 0.9995 0.0305
vn 0.2576 0.9655 -0.0391
vn -0.9501 0.0008 0.3119
vn -0.9095 0.2823 0.3051
vn 0.6752 -0.7204 -0.1584
vn 0.6737 0.7221 -0.1569
vn -0.6527 0.7204 0.2347
vn -0.6536 -0.7059 -0.2729
vn -0.3451 0.0877 -0.9345
vn -0.3818 -0.0001 -0.9243
vn -0.3450 -0.0875 -0.9345
vn -0.2193 0.0875 -0.9717
vn -0.2810 0.1382 -0.9497
vn -0.2192 -0.0877 -0.9717
vn -0.1829 0.0001 -0.9831
vn -0.2812 -0.1382 -0.9496
vn -0.9589 0.0000 0.2839
vn 0.9589 -0.0000 -0.2839
vn -0.6076 0.6478 -0.4595
vn -0.9387 -0.0008 -0.3447
vn -0.6088 -0.6461 -0.4603
vn 0.2602 0.6461 -0.7175
vn -0.1842 0.7642 -0.6181
vn 0.2596 -0.6478 -0.7162
vn 0.5998 0.0008 -0.8002
vn -0.1819 -0.7642 -0.6188
vn -0.3716 0.8508 0.3716
vn -0.5327 0.7742 0.3419
vn -0.4842 0.7096 0.5119
vn -0.3419 0.7649 0.5460
vn -0.1936 0.8988 0.3933
vn -0.1769 0.8061 0.5647
vn 0.0041 0.9154 0.4025
vn -0.0006 0.8230 0.5680
vn 0.2009 0.8958 0.3964
vn 0.1747 0.8146 0.5531
vn 0.3768 0.8462 0.3768
vn 0.3370 0.7843 0.5209
vn 0.5343 0.7751 0.3371
vn 0.4992 0.7269 0.4715
vn -0.3933 0.8988 0.1936
vn -0.5588 0.8110 0.1733
vn -0.2071 0.9561 0.2071
vn 0.0024 0.9769 0.2138
vn 0.2115 0.9542 0.2115
vn 0.3964 0.8958 0.2009
vn 0.5589 0.8098 0.1783
vn -0.4025 0.9154 -0.0041
vn -0.5680 0.8230 -0.0051
vn -0.2138 0.9769 -0.0024
vn 0.2138 0.9769 0.0024
vn 0.4025 0.9154 0.0041
vn 0.5680 0.8230 0.0051
vn -0.3964 0.8958 -0.2009
vn -0.5589 0.8098 -0.1783
vn -0.2115 0.9542 -0.2115
vn -0.0024 0.9769 -0.2138
vn 0.2071 0.9561 -0.2071
vn 0.3933 0.8988 -0.1936
vn 0.5588 0.8110 -0.1733
vn -0.3768 0.8462 -0.3768
vn -0.5343 0.7751 -0.3371
vn -0.2009 0.8958 -0.3964
vn -0.0041 0.9154 -0.4025
vn 0.1936 0.8988 -0.3933
vn 0.3716 0.8508 -0.3716
vn 0.5327 0.7742 -0.3419
vn -0.3370 0.7843 -0.5209
vn -0.4992 0.7269 -0.4715
vn -0.1747 0.8146 -0.5531
vn 0.0006 0.8230 -0.5680
vn 0.1769 0.8061 -0.5647
vn 0.3419 0.7649 -0.5460
vn 0.4842 0.7096 -0.5119
vn -0.5005 0.3610 0.7869
vn -0.6647 0.3102 0.6797
vn -0.6914 0.1749 0.7010
vn -0.5246 0.2012 0.8272
vn -0.2779 0.3959 0.8752
vn -0.2935 0.2229 0.9296
vn -0.0035 0.4088 0.9126
vn -0.0022 0.2295 0.9733
vn 0.2731 0.3920 0.8785
vn 0.2910 0.2157 0.9321
vn 0.4994 0.3542 0.7907
vn 0.5253 0.1896 0.8295
vn 0.6797 0.3102 0.6647
vn 0.7010 0.1749 0.6914
vn -0.4248 0.6137 0.6656
vn -0.5767 0.5502 0.6038
vn -0.2303 0.6584 0.7165
vn -0.0051 0.6757 0.7371
vn 0.2230 0.6581 0.7192
vn 0.4224 0.6128 0.6679
vn 0.6038 0.5502 0.5767
vn 0.7869 0.3610 0.5005
vn 0.8272 0.2012 0.5246
vn 0.8752 0.3959 0.2779
vn 0.9296 0.2229 0.2935
vn 0.9126 0.4088 0.0035
vn 0.9733 0.2294 0.0022
vn 0.8785 0.3920 -0.2731
vn 0.9321 0.2157 -0.2910
vn 0.7907 0.3542 -0.4994
vn 0.8295 0.1896 -0.5253
vn 0.6647 0.3102 -0.6797
vn 0.6914 0.1749 -0.7010
vn 0.6656 0.6137 0.4248
vn 0.7165 0.6584 0.2303
vn 0.7371 0.6757 0.0051
vn 0.7192 0.6581 -0.2230
vn 0.6679 0.6128 -0.4224
vn 0.5767 0.5502 -0.6038
vn 0.5005 0.3610 -0.7869
vn 0.5246 0.2012 -0.8272
vn 0.2779 0.3959 -0.8752
vn 0.2935 0.2229 -0.9296
vn 0.0035 0.4088 -0.9126
vn 0.0022 0.2295 -0.9733
vn -0.2731 0.3920 -0.8785
vn -0.2910 0.2157 -0.9321
vn -0.4994 0.3542 -0.7907
vn -0.5253 0.1896 -0.8295
vn -0.6797 0.3102 -0.6647
vn -0.7010 0.1749 -0.6914
vn 0.4248 0.6137 -0.6656
vn 0.2303 0.6584 -0.7165
vn 0.0051 0.6757 -0.7371
vn -0.2230 0.6581 -0.7192
vn -0.4224 0.6128 -0.6679
vn -0.6038 0.5502 -0.5767
vn -0.7869 0.3610 -0.5005
vn -0.8272 0.2012 -0.5246
vn -0.8752 0.3959 -0.2779
vn -0.9296 0.2229 -0.2935
vn -0.9126 0.4088 -0.0035
vn -0.9733 0.2294 -0.0022
vn -0.8785 0.3920 0.2731
vn -0.9321 0.2157 0.2910
vn -0.7907 0.3542 0.4994
vn -0.8295 0.1896 0.5253
vn -0.6656 0.6137 -0.4248
vn -0.7165 0.6584 -0.2303
vn -0.7371 0.6757 -0.0051
vn -0.7192 0.6581 0.2230
vn -0.6679 0.6128 0.4224
vn -0.5768 0.5502 0.6038
vn 0.5768 0.5502 -0.6038
vn -0.3716 -0.3716 0.8508
vn -0.5327 -0.3419 0.7742
vn -0.4842 -0.5119 0.7096
vn -0.3419 -0.5460 0.7649
vn -0.1936 -0.3933 0.8988
vn -0.1769 -0.5647 0.8061
vn 0.0041 -0.4025 0.9154
vn -0.0006 -0.5680 0.8230
vn 0.2009 -0.3964 0.8958
vn 0.1747 -0.5531 0.8146
vn 0.3768 -0.3768 0.8462
vn 0.3370 -0.5209 0.7843
vn 0.5343 -0.3371 0.7751
vn 0.4992 -0.4715 0.7269
vn -0.3933 -0.1936 0.8988
vn -0.5588 -0.1733 0.8110
vn -0.2071 -0.2071 0.9561
vn 0.0024 -0.2138 0.9769
vn 0.2115 -0.2115 0.9542
vn 0.3964 -0.2009 0.8958
vn 0.5589 -0.1783 0.8098
vn -0.4025 0.0041 0.9154
vn -0.5680 0.0051 0.8230
vn -0.2138 0.0024 0.9769
vn 0.2138 -0.0024 0.9769
vn 0.4025 -0.0041 0.9154
vn 0.5680 -0.0051 0.8230
vn -0.3964 0.2009 0.8958
vn -0.5589 0.1783 0.8098
vn -0.2115 0.2115 0.9542
vn -0.0024 0.2138 0.9769
vn 0.2071 0.2071 0.9561
vn 0.3933 0.1936 0.8988
vn 0.5588 0.1733 0.8110
vn -0.3768 0.3768 0.8462
vn -0.5343 0.3371 0.7751
vn -0.2009 0.3964 0.8958
vn -0.0041 0.4025 0.9154
vn 0.1936 0.3933 0.8988
vn 0.3716 0.3716 0.8508
vn 0.5327 0.3419 0.7742
vn -0.3370 0.5209 0.7843
vn -0.4992 0.4715 0.7269
vn -0.1747 0.5531 0.8146
vn 0.0006 0.5680 0.8230
vn 0.1769 0.5647 0.8061
vn 0.3419 0.5460 0.7649
vn 0.4842 0.5119 0.7096
vn -0.5005 -0.7869 0.3610
vn -0.6647 -0.6797 0.3102
vn -0.6914 -0.7010 0.1749
vn -0.5246 -0.8272 0.2012
vn -0.2779 -0.8752 0.3959
vn -0.2935 -0.9296 0.2229
vn -0.0035 -0.9126 0.4088
vn -0.0022 -0.9733 0.2294
vn 0.2731 -0.8785 0.3920
vn 0.2910 -0.9321 0.2157
vn 0.4994 -0.7907 0.3542
vn 0.5253 -0.8295 0.1896
vn 0.6797 -0.6647 0.3102
vn 0.7010 -0.6914 0.1749
vn -0.4248 -0.6656 0.6137
vn -0.5768 -0.6038 0.5502
vn -0.2303 -0.7165 0.6584
vn -0.0051 -0.7371 0.6757
vn 0.2230 -0.7192 0.6581
vn 0.4224 -0.6679 0.6128
vn 0.6038 -0.5767 0.5502
vn 0.7869 -0.5005 0.3610
vn 0.8272 -0.5246 0.2012
vn 0.8752 -0.2779 0.3959
vn 0.9296 -0.2935 0.2229
vn 0.9126 -0.0035 0.4088
vn 0.9733 -0.0022 0.2294
vn 0.8785 0.2731 0.3920
vn 0.9321 0.2910 0.2157
vn 0.7907 0.4994 0.3542
vn 0.8295 0.5253 0.1896
vn 0.6647 0.6797 0.3102
vn 0.6914 0.7010 0.1749
vn 0.6656 -0.4248 0.6137
vn 0.7165 -0.2303 0.6584
vn 0.7371 -0.0051 0.6757
vn 0.7192 0.2230 0.6581
vn 0.6679 0.4224 0.6128
vn 0.5768 0.6038 0.5502
vn 0.5005 0.7869 0.3610
vn 0.5246 0.8272 0.2012
vn 0.2779 0.8752 0.3959
vn 0.2935 0.9296 0.2229
vn 0.0035 0.9126 0.4088
vn 0.0022 0.9733 0.2294
vn -0.2731 0.8785 0.3920
vn -0.2910 0.9321 0.2157
vn -0.4994 0.7907 0.3542
vn -0.5253 0.8295 0.1896
vn -0.6797 0.6647 0.3102
vn -0.7010 0.6914 0.1749
vn 0.4248 0.6656 0.6137
vn 0.2303 0.7165 0.6584
vn 0.0051 0.7371 0.6757
vn -0.2230 0.7192 0.6581
vn -0.4224 0.6679 0.6128
vn -0.6038 0.5767 0.5502
vn -0.7869 0.5005 0.3610
vn -0.8272 0.5246 0.2012
vn -0.8752 0.2779 0.3959
vn -0.9296 0.2935 0.2229
vn -0.9126 0.0035 0.4088
vn -0.9733 0.0022 0.2294
vn -0.8785 -0.2731 0.3920
vn -0.9321 -0.2910 0.2157
vn -0.7907 -0.4994 0.3542
vn -0.8295 -0.5253 0.1896
vn -0.6656 0.4248 0.6137
vn -0.7165 0.2303 0.6584
vn -0.7371 0.0051 0.6757
vn -0.7192 -0.2230 0.6581
vn -0.6679 -0.4224 0.6128
vn -0.5767 -0.6038 0.5502
vn 0.5767 0.6038 0.5502
vn -0.0022 0.2294 0.9733
vn 0.9733 0.2295 0.0022
vn 0.0022 0.2294 -0.9733
vn -0.9733 0.2295 -0.0022
vn 0.2295 0.0022 0.9733
vn 0.5502 -0.6038 0.5767
vn 0.2295 -0.0022 -0.9733
vn 0.5502 0.6038 -0.5767
vn -0.0000 0.0000 -1.0000
vn -0.6450 0.7642 0.0000
vn -0.6450 0.7642 -0.0000
vn 0.0055 -1.0000 -0.0000
vn 0.6462 -0.7632 -0.0000
vn 1.0000 0.0069 0.0000
vn 1.0000 0.0069 -0.0000
vn -0.1121 0.9069 -0.4062
vn -0.9069 -0.1121 -0.4061
vn 0.9069 0.1121 -0.4062
vn 0.1121 -0.9069 -0.4062
vn -0.1121 0.9069 0.4061
vn -0.9069 -0.1122 0.4062
vn 0.9069 0.1121 0.4062
vn 0.1121 -0.9069 0.4061
vn 0.9316 0.0064 -0.3633
vn 0.5503 -0.6500 -0.5240
vn 0.0050 -0.8967 -0.4425
vn 0.0050 -0.8967 -0.4426
vn -0.5494 0.6509 -0.5239
vn -0.5494 0.6509 0.5239
vn 0.0050 -0.8967 0.4426
vn 0.0050 -0.8967 0.4425
vn 0.5503 -0.6500 0.5240
vn 0.9316 0.0064 0.3633
vn -0.9924 -0.1227 -0.0000
vn -0.1227 0.9924 0.0000
vn -0.1227 0.9924 -0.0000
vn 0.1227 -0.9924 -0.0000
vn 0.9924 0.1227 0.0000
vn 0.9924 0.1227 -0.0000
vn -0.0000 -0.0000 1.0000
vn 0.6393 0.7689 -0.0000
vn 0.0019 -1.0000 -0.0000
vn -0.6405 -0.7680 -0.0000
vn -1.0000 -0.0006 0.0000
vn 0.1054 0.9077 -0.4062
vn 0.9077 -0.1054 -0.4061
vn -0.9077 0.1054 -0.4062
vn -0.1053 -0.9077 -0.4061
vn 0.1054 0.9077 0.4061
vn 0.9077 -0.1054 0.4062
vn -0.9077 0.1054 0.4062
vn -0.1054 -0.9077 0.4062
vn -0.9317 -0.0005 -0.3633
vn -0.5455 -0.6541 -0.5240
vn 0.0017 -0.8968 -0.4425
vn 0.5446 0.6550 -0.5239
vn 0.5445 0.6550 -0.5239
vn 0.5445 0.6550 0.5239
vn 0.5446 0.6550 0.5239
vn 0.0017 -0.8967 0.4425
vn -0.5455 -0.6541 0.5241
vn -0.5455 -0.6541 0.5240
vn -0.9317 -0.0005 0.3633
vn 0.9933 -0.1153 -0.0000
vn 0.1153 0.9933 0.0000
vn 0.1154 0.9933 -0.0000
vn 0.1153 0.9933 -0.0000
vn -0.1153 -0.9933 -0.0000
vn -0.1152 -0.9933 -0.0000
vn -0.9933 0.1153 0.0000
vn -0.9933 0.1153 -0.0000
# 1467 vertex normals

vt 0.2278 0.6240 0.0000
vt 0.2307 0.0189 0.0000
vt 0.2388 0.0190 0.0000
vt 0.2360 0.6240 0.0000
vt 0.2196 0.6240 0.0000
vt 0.2227 0.0189 0.0000
vt 0.2113 0.6239 0.0000
vt 0.2146 0.0188 0.0000
vt 0.2031 0.6239 0.0000
vt 0.2066 0.0188 0.0000
vt 0.1949 0.6238 0.0000
vt 0.1986 0.0187 0.0000
vt 0.1867 0.6237 0.0000
vt 0.1905 0.0187 0.0000
vt 0.1784 0.6236 0.0000
vt 0.1824 0.0186 0.0000
vt 0.1702 0.6235 0.0000
vt 0.1743 0.0185 0.0000
vt 0.1620 0.6234 0.0000
vt 0.1661 0.0183 0.0000
vt 0.4585 0.6241 0.0000
vt 0.4503 0.6241 0.0000
vt 0.4482 0.0191 0.0000
vt 0.4564 0.0189 0.0000
vt 0.4420 0.6242 0.0000
vt 0.4401 0.0192 0.0000
vt 0.4338 0.6243 0.0000
vt 0.4320 0.0192 0.0000
vt 0.4256 0.6243 0.0000
vt 0.4239 0.0192 0.0000
vt 0.4174 0.6243 0.0000
vt 0.4159 0.0193 0.0000
vt 0.4091 0.6244 0.0000
vt 0.4079 0.0193 0.0000
vt 0.4009 0.6244 0.0000
vt 0.3998 0.0193 0.0000
vt 0.3927 0.6244 0.0000
vt 0.3918 0.0193 0.0000
vt 0.3844 0.6244 0.0000
vt 0.3837 0.0193 0.0000
vt 0.3762 0.6244 0.0000
vt 0.3757 0.0193 0.0000
vt 0.3679 0.6244 0.0000
vt 0.3676 0.0193 0.0000
vt 0.3597 0.6244 0.0000
vt 0.3596 0.0193 0.0000
vt 0.3514 0.6244 0.0000
vt 0.3515 0.0193 0.0000
vt 0.3432 0.6244 0.0000
vt 0.3434 0.0193 0.0000
vt 0.3350 0.6244 0.0000
vt 0.3354 0.0193 0.0000
vt 0.3267 0.6243 0.0000
vt 0.3273 0.0192 0.0000
vt 0.3185 0.6243 0.0000
vt 0.3193 0.0192 0.0000
vt 0.3102 0.6243 0.0000
vt 0.3112 0.0192 0.0000
vt 0.3020 0.6243 0.0000
vt 0.3032 0.0192 0.0000
vt 0.2937 0.6243 0.0000
vt 0.2951 0.0192 0.0000
vt 0.2855 0.6242 0.0000
vt 0.2871 0.0191 0.0000
vt 0.2772 0.6242 0.0000
vt 0.2790 0.0191 0.0000
vt 0.2690 0.6242 0.0000
vt 0.2710 0.0191 0.0000
vt 0.2607 0.6242 0.0000
vt 0.2629 0.0191 0.0000
vt 0.2525 0.6241 0.0000
vt 0.2549 0.0190 0.0000
vt 0.2443 0.6241 0.0000
vt 0.2468 0.0190 0.0000
vt 0.9346 0.5684 0.0000
vt 0.9350 0.5661 0.0000
vt 0.9415 0.5678 0.0000
vt 0.9476 0.5707 0.0000
vt 0.7143 0.3735 0.0000
vt 0.7190 0.3735 0.0000
vt 0.7189 0.3751 0.0000
vt 0.7097 0.3745 0.0000
vt 0.9746 0.5959 0.0000
vt 0.9753 0.6041 0.0000
vt 0.9669 0.6041 0.0000
vt 0.9663 0.5974 0.0000
vt 0.9746 0.6123 0.0000
vt 0.9663 0.6108 0.0000
vt 0.9725 0.6202 0.0000
vt 0.9646 0.6173 0.0000
vt 0.9690 0.6276 0.0000
vt 0.9618 0.6234 0.0000
vt 0.9643 0.6343 0.0000
vt 0.9579 0.6289 0.0000
vt 0.9585 0.6401 0.0000
vt 0.9531 0.6337 0.0000
vt 0.9518 0.6448 0.0000
vt 0.9476 0.6375 0.0000
vt 0.9444 0.6482 0.0000
vt 0.9415 0.6404 0.0000
vt 0.9365 0.6503 0.0000
vt 0.9350 0.6421 0.0000
vt 0.9283 0.6511 0.0000
vt 0.9283 0.6427 0.0000
vt 0.9202 0.6503 0.0000
vt 0.9216 0.6421 0.0000
vt 0.9123 0.6482 0.0000
vt 0.9151 0.6404 0.0000
vt 0.9049 0.6448 0.0000
vt 0.9090 0.6375 0.0000
vt 0.8982 0.6401 0.0000
vt 0.9035 0.6337 0.0000
vt 0.8924 0.6343 0.0000
vt 0.8988 0.6289 0.0000
vt 0.8877 0.6276 0.0000
vt 0.8949 0.6234 0.0000
vt 0.8842 0.6202 0.0000
vt 0.8921 0.6173 0.0000
vt 0.8821 0.6123 0.0000
vt 0.8903 0.6108 0.0000
vt 0.8814 0.6041 0.0000
vt 0.8897 0.6041 0.0000
vt 0.8821 0.5959 0.0000
vt 0.8903 0.5974 0.0000
vt 0.8842 0.5880 0.0000
vt 0.8921 0.5909 0.0000
vt 0.8877 0.5806 0.0000
vt 0.8949 0.5848 0.0000
vt 0.8924 0.5739 0.0000
vt 0.8988 0.5793 0.0000
vt 0.8982 0.5681 0.0000
vt 0.9035 0.5745 0.0000
vt 0.9049 0.5634 0.0000
vt 0.9090 0.5707 0.0000
vt 0.9123 0.5600 0.0000
vt 0.9151 0.5678 0.0000
vt 0.9202 0.5579 0.0000
vt 0.9216 0.5661 0.0000
vt 0.9283 0.5571 0.0000
vt 0.9283 0.5655 0.0000
vt 0.9365 0.5579 0.0000
vt 0.9444 0.5600 0.0000
vt 0.9518 0.5634 0.0000
vt 0.9585 0.5681 0.0000
vt 0.9531 0.5745 0.0000
vt 0.9643 0.5739 0.0000
vt 0.9579 0.5793 0.0000
vt 0.9690 0.5806 0.0000
vt 0.9618 0.5848 0.0000
vt 0.9725 0.5880 0.0000
vt 0.9646 0.5909 0.0000
vt 0.9335 0.5750 0.0000
vt 0.9341 0.5712 0.0000
vt 0.9317 0.5851 0.0000
vt 0.9326 0.5797 0.0000
vt 0.9295 0.5975 0.0000
vt 0.9306 0.5911 0.0000
vt 0.9272 0.6107 0.0000
vt 0.9283 0.6041 0.0000
vt 0.9250 0.6231 0.0000
vt 0.9260 0.6171 0.0000
vt 0.9232 0.6332 0.0000
vt 0.9240 0.6285 0.0000
vt 0.9220 0.6398 0.0000
vt 0.9225 0.6370 0.0000
vt 0.7454 0.4274 0.0000
vt 0.7403 0.4318 0.0000
vt 0.7330 0.4218 0.0000
vt 0.7365 0.4188 0.0000
vt 0.7344 0.4354 0.0000
vt 0.7290 0.4243 0.0000
vt 0.7281 0.4378 0.0000
vt 0.7246 0.4259 0.0000
vt 0.7214 0.4392 0.0000
vt 0.7200 0.4268 0.0000
vt 0.7145 0.4393 0.0000
vt 0.7154 0.4269 0.0000
vt 0.7078 0.4382 0.0000
vt 0.7107 0.4262 0.0000
vt 0.7013 0.4360 0.0000
vt 0.7063 0.4247 0.0000
vt 0.6953 0.4327 0.0000
vt 0.7022 0.4225 0.0000
vt 0.6900 0.4285 0.0000
vt 0.6986 0.4195 0.0000
vt 0.6855 0.4233 0.0000
vt 0.6955 0.4160 0.0000
vt 0.6820 0.4175 0.0000
vt 0.6931 0.4120 0.0000
vt 0.6795 0.4111 0.0000
vt 0.6914 0.4076 0.0000
vt 0.6782 0.4044 0.0000
vt 0.6905 0.4031 0.0000
vt 0.6781 0.3976 0.0000
vt 0.6904 0.3984 0.0000
vt 0.6791 0.3908 0.0000
vt 0.6911 0.3938 0.0000
vt 0.6813 0.3843 0.0000
vt 0.6926 0.3894 0.0000
vt 0.6846 0.3784 0.0000
vt 0.6949 0.3853 0.0000
vt 0.6889 0.3730 0.0000
vt 0.6978 0.3816 0.0000
vt 0.6941 0.3685 0.0000
vt 0.7014 0.3786 0.0000
vt 0.6999 0.3650 0.0000
vt 0.7054 0.3761 0.0000
vt 0.7063 0.3626 0.0000
vt 0.7130 0.3612 0.0000
vt 0.7198 0.3611 0.0000
vt 0.7266 0.3622 0.0000
vt 0.7236 0.3742 0.0000
vt 0.7330 0.3644 0.0000
vt 0.7280 0.3757 0.0000
vt 0.7390 0.3677 0.0000
vt 0.7321 0.3779 0.0000
vt 0.7443 0.3719 0.0000
vt 0.7358 0.3809 0.0000
vt 0.7488 0.3771 0.0000
vt 0.7388 0.3844 0.0000
vt 0.7524 0.3829 0.0000
vt 0.7412 0.3884 0.0000
vt 0.7548 0.3893 0.0000
vt 0.7429 0.3927 0.0000
vt 0.7561 0.3960 0.0000
vt 0.7438 0.3973 0.0000
vt 0.7563 0.4028 0.0000
vt 0.7439 0.4020 0.0000
vt 0.7552 0.4096 0.0000
vt 0.7432 0.4066 0.0000
vt 0.7530 0.4161 0.0000
vt 0.7417 0.4110 0.0000
vt 0.7497 0.4220 0.0000
vt 0.7394 0.4151 0.0000
vt 0.7429 0.4354 0.0000
vt 0.7486 0.4304 0.0000
vt 0.7364 0.4393 0.0000
vt 0.7293 0.4421 0.0000
vt 0.7218 0.4435 0.0000
vt 0.7142 0.4437 0.0000
vt 0.7067 0.4425 0.0000
vt 0.6995 0.4401 0.0000
vt 0.6929 0.4364 0.0000
vt 0.6870 0.4316 0.0000
vt 0.6820 0.4259 0.0000
vt 0.6780 0.4194 0.0000
vt 0.6753 0.4123 0.0000
vt 0.6738 0.4049 0.0000
vt 0.6737 0.3973 0.0000
vt 0.6748 0.3898 0.0000
vt 0.6773 0.3826 0.0000
vt 0.6810 0.3759 0.0000
vt 0.6857 0.3700 0.0000
vt 0.6915 0.3650 0.0000
vt 0.6980 0.3611 0.0000
vt 0.7051 0.3583 0.0000
vt 0.7125 0.3569 0.0000
vt 0.7201 0.3567 0.0000
vt 0.7276 0.3579 0.0000
vt 0.7348 0.3603 0.0000
vt 0.7415 0.3640 0.0000
vt 0.7474 0.3688 0.0000
vt 0.7524 0.3745 0.0000
vt 0.7563 0.3810 0.0000
vt 0.7590 0.3881 0.0000
vt 0.7605 0.3955 0.0000
vt 0.7607 0.4031 0.0000
vt 0.7595 0.4106 0.0000
vt 0.7570 0.4178 0.0000
vt 0.7534 0.4245 0.0000
vt 0.2308 0.0145 0.0000
vt 0.2308 0.0109 0.0000
vt 0.2388 0.0109 0.0000
vt 0.2388 0.0146 0.0000
vt 0.2227 0.0145 0.0000
vt 0.2227 0.0108 0.0000
vt 0.2147 0.0144 0.0000
vt 0.2147 0.0108 0.0000
vt 0.2066 0.0144 0.0000
vt 0.2067 0.0107 0.0000
vt 0.1986 0.0143 0.0000
vt 0.1986 0.0107 0.0000
vt 0.1906 0.0143 0.0000
vt 0.1906 0.0106 0.0000
vt 0.1825 0.0142 0.0000
vt 0.1826 0.0105 0.0000
vt 0.1745 0.0141 0.0000
vt 0.1747 0.0104 0.0000
vt 0.1665 0.0137 0.0000
vt 0.1670 0.0100 0.0000
vt 0.4480 0.0147 0.0000
vt 0.4479 0.0110 0.0000
vt 0.4556 0.0106 0.0000
vt 0.4561 0.0143 0.0000
vt 0.4400 0.0148 0.0000
vt 0.4399 0.0111 0.0000
vt 0.4320 0.0148 0.0000
vt 0.4319 0.0111 0.0000
vt 0.4239 0.0148 0.0000
vt 0.4239 0.0112 0.0000
vt 0.4159 0.0148 0.0000
vt 0.4159 0.0112 0.0000
vt 0.4078 0.0149 0.0000
vt 0.4078 0.0112 0.0000
vt 0.3998 0.0149 0.0000
vt 0.3998 0.0112 0.0000
vt 0.3918 0.0149 0.0000
vt 0.3918 0.0112 0.0000
vt 0.3837 0.0149 0.0000
vt 0.3837 0.0112 0.0000
vt 0.3757 0.0149 0.0000
vt 0.3757 0.0112 0.0000
vt 0.3676 0.0149 0.0000
vt 0.3676 0.0112 0.0000
vt 0.3596 0.0149 0.0000
vt 0.3596 0.0112 0.0000
vt 0.3515 0.0149 0.0000
vt 0.3515 0.0112 0.0000
vt 0.3435 0.0149 0.0000
vt 0.3435 0.0112 0.0000
vt 0.3354 0.0149 0.0000
vt 0.3354 0.0112 0.0000
vt 0.3273 0.0148 0.0000
vt 0.3274 0.0111 0.0000
vt 0.3193 0.0148 0.0000
vt 0.3193 0.0111 0.0000
vt 0.3112 0.0148 0.0000
vt 0.3112 0.0111 0.0000
vt 0.3032 0.0148 0.0000
vt 0.3032 0.0111 0.0000
vt 0.2951 0.0148 0.0000
vt 0.2951 0.0111 0.0000
vt 0.2871 0.0147 0.0000
vt 0.2871 0.0111 0.0000
vt 0.2790 0.0147 0.0000
vt 0.2790 0.0111 0.0000
vt 0.2710 0.0147 0.0000
vt 0.2710 0.0110 0.0000
vt 0.2629 0.0147 0.0000
vt 0.2630 0.0110 0.0000
vt 0.2549 0.0146 0.0000
vt 0.2549 0.0110 0.0000
vt 0.2468 0.0146 0.0000
vt 0.2469 0.0109 0.0000
vt 0.7186 0.3797 0.0000
vt 0.7187 0.3770 0.0000
vt 0.7181 0.3868 0.0000
vt 0.7183 0.3830 0.0000
vt 0.7175 0.3956 0.0000
vt 0.7178 0.3910 0.0000
vt 0.7169 0.4048 0.0000
vt 0.7172 0.4002 0.0000
vt 0.7163 0.4136 0.0000
vt 0.7166 0.4093 0.0000
vt 0.7158 0.4207 0.0000
vt 0.7160 0.4174 0.0000
vt 0.7155 0.4253 0.0000
vt 0.7156 0.4234 0.0000
vt 0.0521 0.0115 0.0000
vt 0.0715 0.0115 0.0000
vt 0.0715 0.6410 0.0000
vt 0.0521 0.6410 0.0000
vt 0.0310 0.0115 0.0000
vt 0.0310 0.6410 0.0000
vt 0.0115 0.6410 0.0000
vt 0.0115 0.0115 0.0000
vt 0.1452 0.0100 0.0000
vt 0.1452 0.6351 0.0000
vt 0.1265 0.6351 0.0000
vt 0.1265 0.0100 0.0000
vt 0.1395 0.9539 0.0000
vt 0.1395 0.9734 0.0000
vt 0.1209 0.9734 0.0000
vt 0.1209 0.9539 0.0000
vt 0.1097 0.0100 0.0000
vt 0.1097 0.6351 0.0000
vt 0.0911 0.6351 0.0000
vt 0.0911 0.0100 0.0000
vt 0.3600 0.8990 0.0000
vt 0.3600 0.9184 0.0000
vt 0.3413 0.9184 0.0000
vt 0.3413 0.8990 0.0000
vt 0.0505 0.0113 0.0000
vt 0.0519 0.0100 0.0000
vt 0.0519 0.6426 0.0000
vt 0.0505 0.6412 0.0000
vt 0.0717 0.0100 0.0000
vt 0.0731 0.0113 0.0000
vt 0.0731 0.6412 0.0000
vt 0.0717 0.6426 0.0000
vt 0.0325 0.0113 0.0000
vt 0.0312 0.0100 0.0000
vt 0.0312 0.6426 0.0000
vt 0.0325 0.6412 0.0000
vt 0.0113 0.0100 0.0000
vt 0.0100 0.0113 0.0000
vt 0.0100 0.6412 0.0000
vt 0.0113 0.6426 0.0000
vt 0.1395 0.9523 0.0000
vt 0.1209 0.9523 0.0000
vt 0.3413 0.9201 0.0000
vt 0.3600 0.9201 0.0000
vt 0.1395 0.9750 0.0000
vt 0.1209 0.9750 0.0000
vt 0.3600 0.8974 0.0000
vt 0.3413 0.8974 0.0000
vt 0.4649 0.0115 0.0000
vt 0.4844 0.0115 0.0000
vt 0.4844 0.4724 0.0000
vt 0.4649 0.4724 0.0000
vt 0.5123 0.0115 0.0000
vt 0.5123 0.4724 0.0000
vt 0.4928 0.4724 0.0000
vt 0.4928 0.0115 0.0000
vt 0.5685 0.0100 0.0000
vt 0.5685 0.4677 0.0000
vt 0.5498 0.4677 0.0000
vt 0.5498 0.0100 0.0000
vt 0.3359 0.9356 0.0000
vt 0.3554 0.9356 0.0000
vt 0.3554 0.9542 0.0000
vt 0.3359 0.9542 0.0000
vt 0.5425 0.0100 0.0000
vt 0.5425 0.4677 0.0000
vt 0.5239 0.4677 0.0000
vt 0.5239 0.0100 0.0000
vt 0.2903 0.9356 0.0000
vt 0.3098 0.9356 0.0000
vt 0.3098 0.9542 0.0000
vt 0.2903 0.9542 0.0000
vt 0.4634 0.0113 0.0000
vt 0.4647 0.0100 0.0000
vt 0.4647 0.4740 0.0000
vt 0.4634 0.4726 0.0000
vt 0.4846 0.0100 0.0000
vt 0.4859 0.0113 0.0000
vt 0.4859 0.4726 0.0000
vt 0.4846 0.4740 0.0000
vt 0.5138 0.0113 0.0000
vt 0.5125 0.0100 0.0000
vt 0.5125 0.4740 0.0000
vt 0.5138 0.4726 0.0000
vt 0.4926 0.0100 0.0000
vt 0.4913 0.0113 0.0000
vt 0.4913 0.4726 0.0000
vt 0.4926 0.4740 0.0000
vt 0.3343 0.9356 0.0000
vt 0.3343 0.9542 0.0000
vt 0.3114 0.9542 0.0000
vt 0.3114 0.9356 0.0000
vt 0.3570 0.9356 0.0000
vt 0.3570 0.9542 0.0000
vt 0.2887 0.9356 0.0000
vt 0.2887 0.9542 0.0000
vt 0.4422 0.8010 0.0000
vt 0.4270 0.8151 0.0000
vt 0.0565 0.7974 0.0000
vt 0.0419 0.7815 0.0000
vt 0.7064 0.9621 0.0000
vt 0.6956 0.5615 0.0000
vt 0.7111 0.5765 0.0000
vt 0.7209 0.9472 0.0000
vt 0.0201 0.8489 0.0000
vt 0.4180 0.8489 0.0000
vt 0.4180 0.8555 0.0000
vt 0.0201 0.8555 0.0000
vt 0.0172 0.9105 0.0000
vt 0.0388 0.9105 0.0000
vt 0.0388 0.9171 0.0000
vt 0.0172 0.9171 0.0000
vt 0.0201 0.8761 0.0000
vt 0.3881 0.8761 0.0000
vt 0.3881 0.8827 0.0000
vt 0.0201 0.8827 0.0000
vt 0.0673 0.7091 0.0000
vt 0.0881 0.7091 0.0000
vt 0.0881 0.7157 0.0000
vt 0.0673 0.7157 0.0000
vt 0.4424 0.7996 0.0000
vt 0.4437 0.8010 0.0000
vt 0.0404 0.7816 0.0000
vt 0.0415 0.7801 0.0000
vt 0.4285 0.8156 0.0000
vt 0.4271 0.8167 0.0000
vt 0.0565 0.7990 0.0000
vt 0.0551 0.7979 0.0000
vt 0.7050 0.9623 0.0000
vt 0.7064 0.9636 0.0000
vt 0.6957 0.5600 0.0000
vt 0.6942 0.5611 0.0000
vt 0.7213 0.9488 0.0000
vt 0.7224 0.9474 0.0000
vt 0.7127 0.5765 0.0000
vt 0.7117 0.5750 0.0000
vt 0.0156 0.9105 0.0000
vt 0.0156 0.9171 0.0000
vt 0.0897 0.7157 0.0000
vt 0.0897 0.7091 0.0000
vt 0.0404 0.9105 0.0000
vt 0.0404 0.9171 0.0000
vt 0.0657 0.7091 0.0000
vt 0.0657 0.7157 0.0000
vt 0.4434 0.7048 0.0000
vt 0.4281 0.7190 0.0000
vt 0.0566 0.7012 0.0000
vt 0.0419 0.6853 0.0000
vt 0.7652 0.9166 0.0000
vt 0.7579 0.5147 0.0000
vt 0.7733 0.5298 0.0000
vt 0.7798 0.9018 0.0000
vt 0.0201 0.8358 0.0000
vt 0.4192 0.8358 0.0000
vt 0.4192 0.8424 0.0000
vt 0.0201 0.8424 0.0000
vt 0.0217 0.7091 0.0000
vt 0.0434 0.7091 0.0000
vt 0.0434 0.7157 0.0000
vt 0.0217 0.7157 0.0000
vt 0.0201 0.8630 0.0000
vt 0.3893 0.8630 0.0000
vt 0.3893 0.8696 0.0000
vt 0.0201 0.8696 0.0000
vt 0.1129 0.7091 0.0000
vt 0.1337 0.7091 0.0000
vt 0.1337 0.7157 0.0000
vt 0.1129 0.7157 0.0000
vt 0.4436 0.7034 0.0000
vt 0.4449 0.7049 0.0000
vt 0.0404 0.6854 0.0000
vt 0.0415 0.6838 0.0000
vt 0.4297 0.7194 0.0000
vt 0.4283 0.7206 0.0000
vt 0.0566 0.7028 0.0000
vt 0.0551 0.7017 0.0000
vt 0.7637 0.9168 0.0000
vt 0.7651 0.9181 0.0000
vt 0.7580 0.5132 0.0000
vt 0.7564 0.5143 0.0000
vt 0.7802 0.9033 0.0000
vt 0.7813 0.9020 0.0000
vt 0.7749 0.5299 0.0000
vt 0.7739 0.5284 0.0000
vt 0.0201 0.7091 0.0000
vt 0.0201 0.7157 0.0000
vt 0.1353 0.7157 0.0000
vt 0.1353 0.7091 0.0000
vt 0.0450 0.7091 0.0000
vt 0.0450 0.7157 0.0000
vt 0.1113 0.7091 0.0000
vt 0.1113 0.7157 0.0000
vt 0.3402 0.9865 0.0000
vt 0.3402 0.9709 0.0000
vt 0.3601 0.9709 0.0000
vt 0.3601 0.9865 0.0000
vt 0.2996 0.9709 0.0000
vt 0.3196 0.9709 0.0000
vt 0.3196 0.9865 0.0000
vt 0.2996 0.9865 0.0000
vt 0.3085 0.9040 0.0000
vt 0.3294 0.9040 0.0000
vt 0.3294 0.9118 0.0000
vt 0.3085 0.9118 0.0000
vt 0.2918 0.9210 0.0000
vt 0.3085 0.9210 0.0000
vt 0.3085 0.9287 0.0000
vt 0.2918 0.9287 0.0000
vt 0.3294 0.9210 0.0000
vt 0.3294 0.9287 0.0000
vt 0.2918 0.9040 0.0000
vt 0.2918 0.9118 0.0000
vt 0.3394 0.9872 0.0000
vt 0.3394 0.9701 0.0000
vt 0.3609 0.9701 0.0000
vt 0.3609 0.9872 0.0000
vt 0.2989 0.9701 0.0000
vt 0.3204 0.9701 0.0000
vt 0.3204 0.9872 0.0000
vt 0.2989 0.9872 0.0000
vt 0.4385 0.8263 0.0000
vt 0.4544 0.8263 0.0000
vt 0.4544 0.9922 0.0000
vt 0.4385 0.9922 0.0000
vt 0.4950 0.8263 0.0000
vt 0.4950 0.9922 0.0000
vt 0.4790 0.9922 0.0000
vt 0.4790 0.8263 0.0000
vt 0.8312 0.0100 0.0000
vt 0.8312 0.1745 0.0000
vt 0.8159 0.1745 0.0000
vt 0.8159 0.0100 0.0000
vt 0.2764 0.9384 0.0000
vt 0.2764 0.9543 0.0000
vt 0.2611 0.9543 0.0000
vt 0.2611 0.9384 0.0000
vt 0.8079 0.0100 0.0000
vt 0.8079 0.1745 0.0000
vt 0.7927 0.1745 0.0000
vt 0.7927 0.0100 0.0000
vt 0.6746 0.3149 0.0000
vt 0.6746 0.3309 0.0000
vt 0.6593 0.3309 0.0000
vt 0.6593 0.3149 0.0000
vt 0.4373 0.8261 0.0000
vt 0.4383 0.8254 0.0000
vt 0.4383 0.9931 0.0000
vt 0.4373 0.9924 0.0000
vt 0.4546 0.8254 0.0000
vt 0.4557 0.8261 0.0000
vt 0.4557 0.9924 0.0000
vt 0.4546 0.9931 0.0000
vt 0.4962 0.8261 0.0000
vt 0.4952 0.8254 0.0000
vt 0.4952 0.9931 0.0000
vt 0.4962 0.9924 0.0000
vt 0.4788 0.8254 0.0000
vt 0.4778 0.8261 0.0000
vt 0.4778 0.9924 0.0000
vt 0.4788 0.9931 0.0000
vt 0.2764 0.9374 0.0000
vt 0.2611 0.9374 0.0000
vt 0.6593 0.3318 0.0000
vt 0.6746 0.3318 0.0000
vt 0.2764 0.9553 0.0000
vt 0.2611 0.9553 0.0000
vt 0.6746 0.3140 0.0000
vt 0.6593 0.3140 0.0000
vt 0.6700 0.3586 0.0000
vt 0.6702 0.3581 0.0000
vt 0.6704 0.3586 0.0000
vt 0.6702 0.3590 0.0000
vt 0.6696 0.3591 0.0000
vt 0.6698 0.3596 0.0000
vt 0.6690 0.3598 0.0000
vt 0.6694 0.3601 0.0000
vt 0.6684 0.3603 0.0000
vt 0.6688 0.3606 0.0000
vt 0.6678 0.3607 0.0000
vt 0.6683 0.3610 0.0000
vt 0.6673 0.3610 0.0000
vt 0.6678 0.3612 0.0000
vt 0.6696 0.3580 0.0000
vt 0.6698 0.3575 0.0000
vt 0.6691 0.3586 0.0000
vt 0.6685 0.3592 0.0000
vt 0.6678 0.3599 0.0000
vt 0.6672 0.3603 0.0000
vt 0.6668 0.3606 0.0000
vt 0.6690 0.3573 0.0000
vt 0.6694 0.3570 0.0000
vt 0.6685 0.3579 0.0000
vt 0.6678 0.3586 0.0000
vt 0.6671 0.3592 0.0000
vt 0.6666 0.3598 0.0000
vt 0.6662 0.3601 0.0000
vt 0.6684 0.3568 0.0000
vt 0.6688 0.3565 0.0000
vt 0.6678 0.3572 0.0000
vt 0.6671 0.3579 0.0000
vt 0.6665 0.3586 0.0000
vt 0.6660 0.3591 0.0000
vt 0.6657 0.3596 0.0000
vt 0.6678 0.3564 0.0000
vt 0.6683 0.3561 0.0000
vt 0.6672 0.3568 0.0000
vt 0.6666 0.3573 0.0000
vt 0.6660 0.3580 0.0000
vt 0.6656 0.3586 0.0000
vt 0.6654 0.3590 0.0000
vt 0.6673 0.3561 0.0000
vt 0.6678 0.3559 0.0000
vt 0.6668 0.3565 0.0000
vt 0.6662 0.3570 0.0000
vt 0.6657 0.3575 0.0000
vt 0.6654 0.3581 0.0000
vt 0.6651 0.3586 0.0000
vt 0.6712 0.3592 0.0000
vt 0.6713 0.3586 0.0000
vt 0.6718 0.3586 0.0000
vt 0.6717 0.3594 0.0000
vt 0.6708 0.3601 0.0000
vt 0.6714 0.3604 0.0000
vt 0.6701 0.3609 0.0000
vt 0.6706 0.3614 0.0000
vt 0.6693 0.3616 0.0000
vt 0.6696 0.3621 0.0000
vt 0.6685 0.3619 0.0000
vt 0.6686 0.3625 0.0000
vt 0.6678 0.3621 0.0000
vt 0.6678 0.3626 0.0000
vt 0.6706 0.3591 0.0000
vt 0.6709 0.3586 0.0000
vt 0.6703 0.3598 0.0000
vt 0.6697 0.3605 0.0000
vt 0.6690 0.3610 0.0000
vt 0.6683 0.3614 0.0000
vt 0.6678 0.3616 0.0000
vt 0.6671 0.3619 0.0000
vt 0.6670 0.3625 0.0000
vt 0.6663 0.3616 0.0000
vt 0.6660 0.3621 0.0000
vt 0.6654 0.3609 0.0000
vt 0.6649 0.3614 0.0000
vt 0.6648 0.3601 0.0000
vt 0.6642 0.3604 0.0000
vt 0.6644 0.3592 0.0000
vt 0.6638 0.3594 0.0000
vt 0.6642 0.3586 0.0000
vt 0.6637 0.3586 0.0000
vt 0.6672 0.3614 0.0000
vt 0.6665 0.3610 0.0000
vt 0.6659 0.3605 0.0000
vt 0.6653 0.3598 0.0000
vt 0.6649 0.3591 0.0000
vt 0.6647 0.3586 0.0000
vt 0.6644 0.3579 0.0000
vt 0.6638 0.3577 0.0000
vt 0.6648 0.3571 0.0000
vt 0.6642 0.3567 0.0000
vt 0.6654 0.3562 0.0000
vt 0.6649 0.3557 0.0000
vt 0.6663 0.3556 0.0000
vt 0.6660 0.3550 0.0000
vt 0.6671 0.3552 0.0000
vt 0.6670 0.3546 0.0000
vt 0.6678 0.3550 0.0000
vt 0.6678 0.3545 0.0000
vt 0.6649 0.3580 0.0000
vt 0.6653 0.3573 0.0000
vt 0.6659 0.3566 0.0000
vt 0.6665 0.3561 0.0000
vt 0.6672 0.3557 0.0000
vt 0.6678 0.3555 0.0000
vt 0.6685 0.3552 0.0000
vt 0.6686 0.3546 0.0000
vt 0.6693 0.3556 0.0000
vt 0.6696 0.3550 0.0000
vt 0.6701 0.3562 0.0000
vt 0.6706 0.3557 0.0000
vt 0.6708 0.3571 0.0000
vt 0.6714 0.3567 0.0000
vt 0.6712 0.3579 0.0000
vt 0.6717 0.3577 0.0000
vt 0.6683 0.3557 0.0000
vt 0.6690 0.3561 0.0000
vt 0.6697 0.3566 0.0000
vt 0.6703 0.3573 0.0000
vt 0.6706 0.3580 0.0000
vt 0.1655 0.9171 0.0000
vt 0.1840 0.9171 0.0000
vt 0.1840 0.9705 0.0000
vt 0.1655 0.9705 0.0000
vt 0.2060 0.9705 0.0000
vt 0.2060 0.9171 0.0000
vt 0.2245 0.9171 0.0000
vt 0.2245 0.9705 0.0000
vt 0.0939 0.8893 0.0000
vt 0.1469 0.8893 0.0000
vt 0.1469 0.9070 0.0000
vt 0.0939 0.9070 0.0000
vt 0.3811 0.9651 0.0000
vt 0.3996 0.9651 0.0000
vt 0.3996 0.9827 0.0000
vt 0.3811 0.9827 0.0000
vt 0.0201 0.8893 0.0000
vt 0.0731 0.8893 0.0000
vt 0.0731 0.9070 0.0000
vt 0.0201 0.9070 0.0000
vt 0.0743 0.8893 0.0000
vt 0.0927 0.8893 0.0000
vt 0.0927 0.9070 0.0000
vt 0.0743 0.9070 0.0000
vt 0.1641 0.9168 0.0000
vt 0.1653 0.9161 0.0000
vt 0.1653 0.9716 0.0000
vt 0.1641 0.9708 0.0000
vt 0.1842 0.9161 0.0000
vt 0.1854 0.9168 0.0000
vt 0.1854 0.9708 0.0000
vt 0.1842 0.9716 0.0000
vt 0.2046 0.9708 0.0000
vt 0.2058 0.9716 0.0000
vt 0.2058 0.9161 0.0000
vt 0.2046 0.9168 0.0000
vt 0.2248 0.9716 0.0000
vt 0.2260 0.9708 0.0000
vt 0.2260 0.9168 0.0000
vt 0.2248 0.9161 0.0000
vt 0.3800 0.9651 0.0000
vt 0.3800 0.9827 0.0000
vt 0.4007 0.9651 0.0000
vt 0.4007 0.9827 0.0000
vt 0.9484 0.2586 0.0000
vt 0.9399 0.2480 0.0000
vt 0.9413 0.0333 0.0000
vt 0.9509 0.0252 0.0000
vt 0.9043 0.2577 0.0000
vt 0.9033 0.0242 0.0000
vt 0.9128 0.0324 0.0000
vt 0.9128 0.2471 0.0000
vt 0.7632 0.2488 0.0000
vt 0.7632 0.0115 0.0000
vt 0.7698 0.0115 0.0000
vt 0.7698 0.2488 0.0000
vt 0.1036 0.9675 0.0000
vt 0.1036 0.9800 0.0000
vt 0.0970 0.9800 0.0000
vt 0.0970 0.9675 0.0000
vt 0.7848 0.0115 0.0000
vt 0.7848 0.2297 0.0000
vt 0.7783 0.2297 0.0000
vt 0.7782 0.0115 0.0000
vt 0.0280 0.7962 0.0000
vt 0.0280 0.8098 0.0000
vt 0.0215 0.8098 0.0000
vt 0.0215 0.7962 0.0000
vt 0.7630 0.2503 0.0000
vt 0.7617 0.2490 0.0000
vt 0.7617 0.0114 0.0000
vt 0.7630 0.0100 0.0000
vt 0.7850 0.2313 0.0000
vt 0.7863 0.2299 0.0000
vt 0.7863 0.0113 0.0000
vt 0.7850 0.0100 0.0000
vt 0.7713 0.2490 0.0000
vt 0.7700 0.2503 0.0000
vt 0.7700 0.0100 0.0000
vt 0.7713 0.0114 0.0000
vt 0.7780 0.2313 0.0000
vt 0.7767 0.2299 0.0000
vt 0.7767 0.0113 0.0000
vt 0.7781 0.0100 0.0000
vt 0.0294 0.8089 0.0000
vt 0.0294 0.7953 0.0000
vt 0.1050 0.9807 0.0000
vt 0.1050 0.9682 0.0000
vt 0.0956 0.9682 0.0000
vt 0.0956 0.9807 0.0000
vt 0.0201 0.7953 0.0000
vt 0.0201 0.8089 0.0000
vt 0.6399 0.4179 0.0000
vt 0.6397 0.2706 0.0000
vt 0.6558 0.2706 0.0000
vt 0.6549 0.4178 0.0000
vt 0.5795 0.3001 0.0000
vt 0.5964 0.2969 0.0000
vt 0.5970 0.4599 0.0000
vt 0.5799 0.4597 0.0000
vt 0.6298 0.8977 0.0000
vt 0.6512 0.9063 0.0000
vt 0.5196 0.9963 0.0000
vt 0.5083 0.9807 0.0000
vt 0.0492 0.9742 0.0000
vt 0.0153 0.9742 0.0000
vt 0.0172 0.9591 0.0000
vt 0.0494 0.9591 0.0000
vt 0.8477 0.8617 0.0000
vt 0.8271 0.8720 0.0000
vt 0.8304 0.6309 0.0000
vt 0.8583 0.6470 0.0000
vt 0.1445 0.9144 0.0000
vt 0.1445 0.9421 0.0000
vt 0.1301 0.9343 0.0000
vt 0.1301 0.9151 0.0000
vt 0.6568 0.4174 0.0000
vt 0.6553 0.4192 0.0000
vt 0.6548 0.0118 0.0000
vt 0.6551 0.0103 0.0000
vt 0.6568 0.0118 0.0000
vt 0.6252 0.4192 0.0000
vt 0.6237 0.4174 0.0000
vt 0.6257 0.4178 0.0000
vt 0.6254 0.0117 0.0000
vt 0.6234 0.0117 0.0000
vt 0.6252 0.0101 0.0000
vt 0.5780 0.4604 0.0000
vt 0.5799 0.4613 0.0000
vt 0.5800 0.0111 0.0000
vt 0.5802 0.0127 0.0000
vt 0.5782 0.0123 0.0000
vt 0.6134 0.4612 0.0000
vt 0.6134 0.4596 0.0000
vt 0.6153 0.4602 0.0000
vt 0.6118 0.0122 0.0000
vt 0.6098 0.0126 0.0000
vt 0.6100 0.0110 0.0000
vt 0.6399 0.4197 0.0000
vt 0.6223 0.2700 0.0000
vt 0.6243 0.2706 0.0000
vt 0.6398 0.0100 0.0000
vt 0.6398 0.0117 0.0000
vt 0.6573 0.2271 0.0000
vt 0.6553 0.2269 0.0000
vt 0.5775 0.3008 0.0000
vt 0.5954 0.0100 0.0000
vt 0.5954 0.0117 0.0000
vt 0.6141 0.2537 0.0000
vt 0.6121 0.2539 0.0000
vt 0.5970 0.4616 0.0000
vt 0.0503 0.9572 0.0000
vt 0.0180 0.9572 0.0000
vt 0.5185 0.9980 0.0000
vt 0.5072 0.9825 0.0000
vt 0.0494 0.9887 0.0000
vt 0.0503 0.9906 0.0000
vt 0.0180 0.9906 0.0000
vt 0.0172 0.9887 0.0000
vt 0.9944 0.9750 0.0000
vt 0.9956 0.9767 0.0000
vt 0.9852 0.9928 0.0000
vt 0.9839 0.9911 0.0000
vt 0.6397 0.2221 0.0000
vt 0.6249 0.2268 0.0000
vt 0.5962 0.2577 0.0000
vt 0.5797 0.2540 0.0000
vt 0.6209 0.6461 0.0000
vt 0.6475 0.6279 0.0000
vt 0.6692 0.8680 0.0000
vt 0.6478 0.8593 0.0000
vt 0.8475 0.9089 0.0000
vt 0.8684 0.8990 0.0000
vt 0.6228 0.2270 0.0000
vt 0.6578 0.2699 0.0000
vt 0.5776 0.2538 0.0000
vt 0.6126 0.3000 0.0000
vt 0.6146 0.3007 0.0000
vt 0.1597 0.9151 0.0000
vt 0.1597 0.9343 0.0000
vt 0.6397 0.2606 0.0000
vt 0.6240 0.2614 0.0000
vt 0.5963 0.2885 0.0000
vt 0.5794 0.2905 0.0000
vt 0.6584 0.9003 0.0000
vt 0.6370 0.8917 0.0000
vt 0.8277 0.8813 0.0000
vt 0.8484 0.8711 0.0000
vt 0.6220 0.2608 0.0000
vt 0.6556 0.2361 0.0000
vt 0.6577 0.2361 0.0000
vt 0.5775 0.2911 0.0000
vt 0.6123 0.2635 0.0000
vt 0.6143 0.2634 0.0000
vt 0.6126 0.2904 0.0000
vt 0.6560 0.2614 0.0000
vt 0.6397 0.2510 0.0000
vt 0.6240 0.2528 0.0000
vt 0.6397 0.2417 0.0000
vt 0.6242 0.2445 0.0000
vt 0.6397 0.2322 0.0000
vt 0.6245 0.2360 0.0000
vt 0.5963 0.2810 0.0000
vt 0.5794 0.2815 0.0000
vt 0.5963 0.2738 0.0000
vt 0.5794 0.2726 0.0000
vt 0.5963 0.2662 0.0000
vt 0.5796 0.2636 0.0000
vt 0.6638 0.8935 0.0000
vt 0.6424 0.8849 0.0000
vt 0.6674 0.8859 0.0000
vt 0.6460 0.8772 0.0000
vt 0.6692 0.8774 0.0000
vt 0.6478 0.8687 0.0000
vt 0.8301 0.8896 0.0000
vt 0.8508 0.8795 0.0000
vt 0.8342 0.8969 0.0000
vt 0.8549 0.8870 0.0000
vt 0.8400 0.9034 0.0000
vt 0.8608 0.8935 0.0000
vt 0.6220 0.2525 0.0000
vt 0.6221 0.2444 0.0000
vt 0.6224 0.2360 0.0000
vt 0.6559 0.2446 0.0000
vt 0.6579 0.2444 0.0000
vt 0.6560 0.2529 0.0000
vt 0.6581 0.2525 0.0000
vt 0.6580 0.2608 0.0000
vt 0.5773 0.2818 0.0000
vt 0.5774 0.2728 0.0000
vt 0.5775 0.2635 0.0000
vt 0.6125 0.2725 0.0000
vt 0.6145 0.2726 0.0000
vt 0.6126 0.2813 0.0000
vt 0.6146 0.2817 0.0000
vt 0.6146 0.2909 0.0000
vt 0.1716 0.9822 0.0000
vt 0.1734 0.9852 0.0000
vt 0.1662 0.9852 0.0000
vt 0.1662 0.9811 0.0000
vt 0.1716 0.9882 0.0000
vt 0.1662 0.9892 0.0000
vt 0.1608 0.9882 0.0000
vt 0.1589 0.9852 0.0000
vt 0.1608 0.9822 0.0000
vt 0.2173 0.9056 0.0000
vt 0.2176 0.8992 0.0000
vt 0.2216 0.8992 0.0000
vt 0.2216 0.9056 0.0000
vt 0.2173 0.8928 0.0000
vt 0.2216 0.8928 0.0000
vt 0.2259 0.8928 0.0000
vt 0.2255 0.8992 0.0000
vt 0.2259 0.9056 0.0000
vt 0.2493 0.9573 0.0000
vt 0.2439 0.9566 0.0000
vt 0.2439 0.9557 0.0000
vt 0.2508 0.9566 0.0000
vt 0.2385 0.9573 0.0000
vt 0.2370 0.9566 0.0000
vt 0.7779 0.3122 0.0000
vt 0.7847 0.3109 0.0000
vt 0.7859 0.3245 0.0000
vt 0.7794 0.3255 0.0000
vt 0.8588 0.3115 0.0000
vt 0.8655 0.3128 0.0000
vt 0.8639 0.3260 0.0000
vt 0.8574 0.3250 0.0000
vt 0.2336 0.9628 0.0000
vt 0.2314 0.9702 0.0000
vt 0.2310 0.9702 0.0000
vt 0.2316 0.9631 0.0000
vt 0.2336 0.9775 0.0000
vt 0.2316 0.9773 0.0000
vt 0.7996 0.3061 0.0000
vt 0.8067 0.3063 0.0000
vt 0.8071 0.3217 0.0000
vt 0.8005 0.3218 0.0000
vt 0.7926 0.3071 0.0000
vt 0.7938 0.3224 0.0000
vt 0.2385 0.9830 0.0000
vt 0.2439 0.9837 0.0000
vt 0.2439 0.9846 0.0000
vt 0.2370 0.9837 0.0000
vt 0.2493 0.9830 0.0000
vt 0.2508 0.9837 0.0000
vt 0.8219 0.3099 0.0000
vt 0.8288 0.3094 0.0000
vt 0.8284 0.3230 0.0000
vt 0.8218 0.3232 0.0000
vt 0.8150 0.3093 0.0000
vt 0.8152 0.3229 0.0000
vt 0.2543 0.9775 0.0000
vt 0.2564 0.9702 0.0000
vt 0.2568 0.9702 0.0000
vt 0.2563 0.9773 0.0000
vt 0.2543 0.9628 0.0000
vt 0.2563 0.9631 0.0000
vt 0.8441 0.3065 0.0000
vt 0.8510 0.3075 0.0000
vt 0.8496 0.3229 0.0000
vt 0.8430 0.3222 0.0000
vt 0.8371 0.3066 0.0000
vt 0.8364 0.3220 0.0000
vt 0.2519 0.9813 0.0000
vt 0.2439 0.9814 0.0000
vt 0.2439 0.9790 0.0000
vt 0.2359 0.9813 0.0000
vt 0.2359 0.9590 0.0000
vt 0.2439 0.9589 0.0000
vt 0.2439 0.9613 0.0000
vt 0.2519 0.9590 0.0000
vt 0.2108 0.9047 0.0000
vt 0.2115 0.8992 0.0000
vt 0.2057 0.9028 0.0000
vt 0.2047 0.8992 0.0000
vt 0.2057 0.8956 0.0000
vt 0.2108 0.8937 0.0000
vt 0.2323 0.8937 0.0000
vt 0.2316 0.8992 0.0000
vt 0.2375 0.8956 0.0000
vt 0.2385 0.8992 0.0000
vt 0.2375 0.9028 0.0000
vt 0.2323 0.9047 0.0000
vt 0.2332 0.9589 0.0000
vt 0.7886 0.3089 0.0000
vt 0.7898 0.3234 0.0000
vt 0.2083 0.9069 0.0000
vt 0.2021 0.9037 0.0000
vt 0.2155 0.9087 0.0000
vt 0.8435 0.4272 0.0000
vt 0.8398 0.4326 0.0000
vt 0.8414 0.4145 0.0000
vt 0.8452 0.4102 0.0000
vt 0.8474 0.4219 0.0000
vt 0.8491 0.4059 0.0000
vt 0.2332 0.9814 0.0000
vt 0.8109 0.3077 0.0000
vt 0.8112 0.3223 0.0000
vt 0.2546 0.9814 0.0000
vt 0.8330 0.3079 0.0000
vt 0.8324 0.3225 0.0000
vt 0.2553 0.9702 0.0000
vt 0.2525 0.9648 0.0000
vt 0.2525 0.9755 0.0000
vt 0.2516 0.9747 0.0000
vt 0.2542 0.9702 0.0000
vt 0.2516 0.9656 0.0000
vt 0.2439 0.9773 0.0000
vt 0.2353 0.9755 0.0000
vt 0.2362 0.9747 0.0000
vt 0.2439 0.9762 0.0000
vt 0.2325 0.9702 0.0000
vt 0.2353 0.9648 0.0000
vt 0.2362 0.9656 0.0000
vt 0.2336 0.9702 0.0000
vt 0.2439 0.9630 0.0000
vt 0.2439 0.9641 0.0000
vt 0.9682 0.4611 0.0000
vt 0.9634 0.4612 0.0000
vt 0.9634 0.4611 0.0000
vt 0.9681 0.4610 0.0000
vt 0.9587 0.4612 0.0000
vt 0.9587 0.4611 0.0000
vt 0.9587 0.4451 0.0000
vt 0.9634 0.4451 0.0000
vt 0.9681 0.4451 0.0000
vt 0.9513 0.4612 0.0000
vt 0.9513 0.4611 0.0000
vt 0.9439 0.4612 0.0000
vt 0.9439 0.4611 0.0000
vt 0.9439 0.4451 0.0000
vt 0.9513 0.4451 0.0000
vt 0.9392 0.4612 0.0000
vt 0.9392 0.4611 0.0000
vt 0.9344 0.4611 0.0000
vt 0.9344 0.4610 0.0000
vt 0.9345 0.4451 0.0000
vt 0.9392 0.4451 0.0000
vt 0.9270 0.4611 0.0000
vt 0.9271 0.4610 0.0000
vt 0.9756 0.4611 0.0000
vt 0.9755 0.4610 0.0000
vt 0.9755 0.4451 0.0000
vt 0.9271 0.4451 0.0000
vt 0.7933 0.4054 0.0000
vt 0.7946 0.4214 0.0000
vt 0.7901 0.4199 0.0000
vt 0.7885 0.4043 0.0000
vt 0.2021 0.8947 0.0000
vt 0.2001 0.8992 0.0000
vt 0.8539 0.4050 0.0000
vt 0.8519 0.4206 0.0000
vt 0.8099 0.4136 0.0000
vt 0.8104 0.4318 0.0000
vt 0.8063 0.4338 0.0000
vt 0.8053 0.4154 0.0000
vt 0.2276 0.8897 0.0000
vt 0.2216 0.8893 0.0000
vt 0.2155 0.8897 0.0000
vt 0.8019 0.4322 0.0000
vt 0.8006 0.4141 0.0000
vt 0.8258 0.4043 0.0000
vt 0.8253 0.4204 0.0000
vt 0.8210 0.4184 0.0000
vt 0.8212 0.4027 0.0000
vt 0.2410 0.9037 0.0000
vt 0.2431 0.8992 0.0000
vt 0.2410 0.8947 0.0000
vt 0.8167 0.4203 0.0000
vt 0.8165 0.4042 0.0000
vt 0.8354 0.4341 0.0000
vt 0.8367 0.4157 0.0000
vt 0.2216 0.9091 0.0000
vt 0.2276 0.9087 0.0000
vt 0.8313 0.4320 0.0000
vt 0.8321 0.4138 0.0000
vt 0.7983 0.4268 0.0000
vt 0.7970 0.4097 0.0000
vt 0.2083 0.8915 0.0000
vt 0.8459 0.3683 0.0000
vt 0.8497 0.3666 0.0000
vt 0.8535 0.3239 0.0000
vt 0.8535 0.3651 0.0000
vt 0.8135 0.4260 0.0000
vt 0.8131 0.4089 0.0000
vt 0.2349 0.8915 0.0000
vt 0.8284 0.4261 0.0000
vt 0.8290 0.4090 0.0000
vt 0.2349 0.9069 0.0000
vt 0.7909 0.3644 0.0000
vt 0.7853 0.3644 0.0000
vt 0.8592 0.3652 0.0000
vt 0.8093 0.3672 0.0000
vt 0.8038 0.3681 0.0000
vt 0.7983 0.3677 0.0000
vt 0.8276 0.3633 0.0000
vt 0.8220 0.3626 0.0000
vt 0.8164 0.3632 0.0000
vt 0.8402 0.3685 0.0000
vt 0.8347 0.3675 0.0000
vt 0.7947 0.3660 0.0000
vt 0.8128 0.3651 0.0000
vt 0.8311 0.3653 0.0000
vt 0.8549 0.3094 0.0000
vt 0.2546 0.9589 0.0000
vt 0.2513 0.9743 0.0000
vt 0.2538 0.9702 0.0000
vt 0.9587 0.4613 0.0000
vt 0.9682 0.4612 0.0000
vt 0.2513 0.9660 0.0000
vt 0.2365 0.9743 0.0000
vt 0.2439 0.9757 0.0000
vt 0.9439 0.4613 0.0000
vt 0.9513 0.4613 0.0000
vt 0.2365 0.9660 0.0000
vt 0.2340 0.9702 0.0000
vt 0.9344 0.4612 0.0000
vt 0.2439 0.9646 0.0000
vt 0.9756 0.4612 0.0000
vt 0.9270 0.4612 0.0000
vt 0.9587 0.3976 0.0000
vt 0.9634 0.3976 0.0000
vt 0.9587 0.3502 0.0000
vt 0.9634 0.3502 0.0000
vt 0.9681 0.3502 0.0000
vt 0.9681 0.3976 0.0000
vt 0.9439 0.3976 0.0000
vt 0.9513 0.3976 0.0000
vt 0.9439 0.3502 0.0000
vt 0.9513 0.3502 0.0000
vt 0.9345 0.3976 0.0000
vt 0.9392 0.3976 0.0000
vt 0.9345 0.3502 0.0000
vt 0.9392 0.3502 0.0000
vt 0.9755 0.3976 0.0000
vt 0.9755 0.3502 0.0000
vt 0.9271 0.3976 0.0000
vt 0.9271 0.3502 0.0000
vt 0.9587 0.3342 0.0000
vt 0.9634 0.3342 0.0000
vt 0.1734 0.9892 0.0000
vt 0.1759 0.9852 0.0000
vt 0.1734 0.9811 0.0000
vt 0.9681 0.3342 0.0000
vt 0.9439 0.3342 0.0000
vt 0.9513 0.3342 0.0000
vt 0.1589 0.9892 0.0000
vt 0.1662 0.9906 0.0000
vt 0.9345 0.3342 0.0000
vt 0.9392 0.3342 0.0000
vt 0.1589 0.9811 0.0000
vt 0.1565 0.9852 0.0000
vt 0.9755 0.3342 0.0000
vt 0.1662 0.9798 0.0000
vt 0.9271 0.3342 0.0000
vt 0.0751 0.9750 0.0000
vt 0.0770 0.9780 0.0000
vt 0.0698 0.9780 0.0000
vt 0.0698 0.9739 0.0000
vt 0.0751 0.9810 0.0000
vt 0.0698 0.9820 0.0000
vt 0.0644 0.9810 0.0000
vt 0.0625 0.9780 0.0000
vt 0.0644 0.9750 0.0000
vt 0.0314 0.9422 0.0000
vt 0.0317 0.9358 0.0000
vt 0.0357 0.9358 0.0000
vt 0.0357 0.9422 0.0000
vt 0.0314 0.9294 0.0000
vt 0.0357 0.9293 0.0000
vt 0.0400 0.9294 0.0000
vt 0.0396 0.9358 0.0000
vt 0.0400 0.9422 0.0000
vt 0.2493 0.9117 0.0000
vt 0.2439 0.9110 0.0000
vt 0.2439 0.9101 0.0000
vt 0.2508 0.9110 0.0000
vt 0.2385 0.9117 0.0000
vt 0.2370 0.9110 0.0000
vt 0.5825 0.4923 0.0000
vt 0.5893 0.4910 0.0000
vt 0.5905 0.5046 0.0000
vt 0.5840 0.5056 0.0000
vt 0.6634 0.4916 0.0000
vt 0.6701 0.4929 0.0000
vt 0.6685 0.5061 0.0000
vt 0.6620 0.5051 0.0000
vt 0.2336 0.9172 0.0000
vt 0.2314 0.9246 0.0000
vt 0.2310 0.9246 0.0000
vt 0.2316 0.9175 0.0000
vt 0.2336 0.9319 0.0000
vt 0.2316 0.9317 0.0000
vt 0.6042 0.4862 0.0000
vt 0.6113 0.4864 0.0000
vt 0.6117 0.5018 0.0000
vt 0.6051 0.5019 0.0000
vt 0.5972 0.4871 0.0000
vt 0.5984 0.5025 0.0000
vt 0.2385 0.9374 0.0000
vt 0.2439 0.9381 0.0000
vt 0.2439 0.9390 0.0000
vt 0.2370 0.9381 0.0000
vt 0.2493 0.9374 0.0000
vt 0.2508 0.9381 0.0000
vt 0.6265 0.4900 0.0000
vt 0.6334 0.4895 0.0000
vt 0.6330 0.5031 0.0000
vt 0.6264 0.5033 0.0000
vt 0.6196 0.4894 0.0000
vt 0.6198 0.5030 0.0000
vt 0.2543 0.9319 0.0000
vt 0.2564 0.9246 0.0000
vt 0.2568 0.9246 0.0000
vt 0.2563 0.9317 0.0000
vt 0.2543 0.9172 0.0000
vt 0.2563 0.9175 0.0000
vt 0.6487 0.4866 0.0000
vt 0.6556 0.4876 0.0000
vt 0.6542 0.5030 0.0000
vt 0.6476 0.5023 0.0000
vt 0.6417 0.4867 0.0000
vt 0.6410 0.5021 0.0000
vt 0.2519 0.9357 0.0000
vt 0.2439 0.9358 0.0000
vt 0.2439 0.9334 0.0000
vt 0.2359 0.9357 0.0000
vt 0.2359 0.9135 0.0000
vt 0.2439 0.9133 0.0000
vt 0.2439 0.9158 0.0000
vt 0.2519 0.9135 0.0000
vt 0.0250 0.9413 0.0000
vt 0.0256 0.9358 0.0000
vt 0.0198 0.9394 0.0000
vt 0.0188 0.9358 0.0000
vt 0.0198 0.9322 0.0000
vt 0.0250 0.9303 0.0000
vt 0.0464 0.9303 0.0000
vt 0.0458 0.9358 0.0000
vt 0.0516 0.9322 0.0000
vt 0.0526 0.9358 0.0000
vt 0.0516 0.9394 0.0000
vt 0.0464 0.9413 0.0000
vt 0.2332 0.9133 0.0000
vt 0.5932 0.4890 0.0000
vt 0.5944 0.5035 0.0000
vt 0.0224 0.9434 0.0000
vt 0.0163 0.9403 0.0000
vt 0.0296 0.9452 0.0000
vt 0.6481 0.6073 0.0000
vt 0.6444 0.6127 0.0000
vt 0.6460 0.5946 0.0000
vt 0.6498 0.5903 0.0000
vt 0.6520 0.6020 0.0000
vt 0.6537 0.5860 0.0000
vt 0.2332 0.9358 0.0000
vt 0.6155 0.4878 0.0000
vt 0.6158 0.5024 0.0000
vt 0.2546 0.9358 0.0000
vt 0.6376 0.4880 0.0000
vt 0.6370 0.5025 0.0000
vt 0.2553 0.9246 0.0000
vt 0.2525 0.9192 0.0000
vt 0.2525 0.9299 0.0000
vt 0.2516 0.9291 0.0000
vt 0.2542 0.9246 0.0000
vt 0.2516 0.9200 0.0000
vt 0.2439 0.9317 0.0000
vt 0.2353 0.9299 0.0000
vt 0.2362 0.9291 0.0000
vt 0.2439 0.9306 0.0000
vt 0.2325 0.9246 0.0000
vt 0.2353 0.9192 0.0000
vt 0.2362 0.9200 0.0000
vt 0.2336 0.9246 0.0000
vt 0.2439 0.9174 0.0000
vt 0.2439 0.9185 0.0000
vt 0.9023 0.5371 0.0000
vt 0.8976 0.5371 0.0000
vt 0.8975 0.5370 0.0000
vt 0.9023 0.5370 0.0000
vt 0.8928 0.5371 0.0000
vt 0.8928 0.5370 0.0000
vt 0.8928 0.5211 0.0000
vt 0.8975 0.5211 0.0000
vt 0.9023 0.5211 0.0000
vt 0.8854 0.5371 0.0000
vt 0.8854 0.5370 0.0000
vt 0.8780 0.5371 0.0000
vt 0.8780 0.5370 0.0000
vt 0.8780 0.5211 0.0000
vt 0.8854 0.5211 0.0000
vt 0.8733 0.5371 0.0000
vt 0.8733 0.5370 0.0000
vt 0.8686 0.5371 0.0000
vt 0.8686 0.5370 0.0000
vt 0.8686 0.5211 0.0000
vt 0.8733 0.5211 0.0000
vt 0.8612 0.5371 0.0000
vt 0.8612 0.5370 0.0000
vt 0.9097 0.5371 0.0000
vt 0.9097 0.5370 0.0000
vt 0.9096 0.5211 0.0000
vt 0.8612 0.5211 0.0000
vt 0.5979 0.5855 0.0000
vt 0.5992 0.6015 0.0000
vt 0.5947 0.6000 0.0000
vt 0.5931 0.5844 0.0000
vt 0.0163 0.9313 0.0000
vt 0.0142 0.9358 0.0000
vt 0.6585 0.5851 0.0000
vt 0.6565 0.6007 0.0000
vt 0.6145 0.5937 0.0000
vt 0.6150 0.6119 0.0000
vt 0.6109 0.6139 0.0000
vt 0.6099 0.5955 0.0000
vt 0.0418 0.9263 0.0000
vt 0.0357 0.9259 0.0000
vt 0.0296 0.9263 0.0000
vt 0.6065 0.6123 0.0000
vt 0.6052 0.5942 0.0000
vt 0.6304 0.5844 0.0000
vt 0.6299 0.6005 0.0000
vt 0.6256 0.5985 0.0000
vt 0.6258 0.5828 0.0000
vt 0.0551 0.9403 0.0000
vt 0.0572 0.9358 0.0000
vt 0.0551 0.9313 0.0000
vt 0.6213 0.6004 0.0000
vt 0.6211 0.5843 0.0000
vt 0.6400 0.6142 0.0000
vt 0.6413 0.5958 0.0000
vt 0.0357 0.9457 0.0000
vt 0.0418 0.9452 0.0000
vt 0.6359 0.6121 0.0000
vt 0.6367 0.5939 0.0000
vt 0.6029 0.6069 0.0000
vt 0.6016 0.5898 0.0000
vt 0.0224 0.9281 0.0000
vt 0.6505 0.5483 0.0000
vt 0.6543 0.5467 0.0000
vt 0.6581 0.5040 0.0000
vt 0.6581 0.5452 0.0000
vt 0.6181 0.6061 0.0000
vt 0.6177 0.5890 0.0000
vt 0.0490 0.9281 0.0000
vt 0.6330 0.6062 0.0000
vt 0.6336 0.5891 0.0000
vt 0.0490 0.9434 0.0000
vt 0.5955 0.5445 0.0000
vt 0.5899 0.5445 0.0000
vt 0.6638 0.5453 0.0000
vt 0.6139 0.5473 0.0000
vt 0.6084 0.5482 0.0000
vt 0.6029 0.5478 0.0000
vt 0.6322 0.5434 0.0000
vt 0.6266 0.5427 0.0000
vt 0.6210 0.5433 0.0000
vt 0.6448 0.5486 0.0000
vt 0.6393 0.5476 0.0000
vt 0.5992 0.5461 0.0000
vt 0.6174 0.5452 0.0000
vt 0.6357 0.5454 0.0000
vt 0.6595 0.4895 0.0000
vt 0.2546 0.9133 0.0000
vt 0.2513 0.9287 0.0000
vt 0.2538 0.9246 0.0000
vt 0.8928 0.5372 0.0000
vt 0.8976 0.5372 0.0000
vt 0.9023 0.5372 0.0000
vt 0.2513 0.9204 0.0000
vt 0.2365 0.9287 0.0000
vt 0.2439 0.9301 0.0000
vt 0.8780 0.5372 0.0000
vt 0.8854 0.5372 0.0000
vt 0.2365 0.9204 0.0000
vt 0.2340 0.9246 0.0000
vt 0.8686 0.5372 0.0000
vt 0.8733 0.5372 0.0000
vt 0.2439 0.9190 0.0000
vt 0.9097 0.5372 0.0000
vt 0.8611 0.5372 0.0000
vt 0.8928 0.4736 0.0000
vt 0.8975 0.4736 0.0000
vt 0.8928 0.4261 0.0000
vt 0.8975 0.4261 0.0000
vt 0.9022 0.4261 0.0000
vt 0.9022 0.4736 0.0000
vt 0.8780 0.4736 0.0000
vt 0.8854 0.4736 0.0000
vt 0.8780 0.4261 0.0000
vt 0.8854 0.4261 0.0000
vt 0.8686 0.4736 0.0000
vt 0.8733 0.4736 0.0000
vt 0.8686 0.4261 0.0000
vt 0.8733 0.4261 0.0000
vt 0.9096 0.4736 0.0000
vt 0.9096 0.4261 0.0000
vt 0.8612 0.4736 0.0000
vt 0.8612 0.4261 0.0000
vt 0.8928 0.4102 0.0000
vt 0.8975 0.4102 0.0000
vt 0.0770 0.9820 0.0000
vt 0.0794 0.9780 0.0000
vt 0.0770 0.9739 0.0000
vt 0.9022 0.4102 0.0000
vt 0.8780 0.4102 0.0000
vt 0.8854 0.4102 0.0000
vt 0.0625 0.9820 0.0000
vt 0.0698 0.9834 0.0000
vt 0.8686 0.4102 0.0000
vt 0.8733 0.4102 0.0000
vt 0.0625 0.9739 0.0000
vt 0.0601 0.9780 0.0000
vt 0.9096 0.4102 0.0000
vt 0.0698 0.9726 0.0000
vt 0.8612 0.4102 0.0000
vt 0.2121 0.9822 0.0000
vt 0.2140 0.9852 0.0000
vt 0.2067 0.9852 0.0000
vt 0.2067 0.9811 0.0000
vt 0.2121 0.9882 0.0000
vt 0.2067 0.9892 0.0000
vt 0.2014 0.9882 0.0000
vt 0.1995 0.9852 0.0000
vt 0.2014 0.9822 0.0000
vt 0.1683 0.9056 0.0000
vt 0.1686 0.8992 0.0000
vt 0.1726 0.8992 0.0000
vt 0.1726 0.9056 0.0000
vt 0.1683 0.8928 0.0000
vt 0.1726 0.8928 0.0000
vt 0.1769 0.8928 0.0000
vt 0.1765 0.8992 0.0000
vt 0.1769 0.9056 0.0000
vt 0.1089 0.9185 0.0000
vt 0.1034 0.9178 0.0000
vt 0.1034 0.9168 0.0000
vt 0.1103 0.9178 0.0000
vt 0.0980 0.9185 0.0000
vt 0.0965 0.9178 0.0000
vt 0.4761 0.5024 0.0000
vt 0.4829 0.5011 0.0000
vt 0.4841 0.5147 0.0000
vt 0.4776 0.5157 0.0000
vt 0.5570 0.5017 0.0000
vt 0.5637 0.5030 0.0000
vt 0.5621 0.5163 0.0000
vt 0.5556 0.5153 0.0000
vt 0.0931 0.9240 0.0000
vt 0.0909 0.9313 0.0000
vt 0.0905 0.9313 0.0000
vt 0.0911 0.9242 0.0000
vt 0.0931 0.9387 0.0000
vt 0.0911 0.9384 0.0000
vt 0.4978 0.4964 0.0000
vt 0.5049 0.4965 0.0000
vt 0.5053 0.5119 0.0000
vt 0.4987 0.5120 0.0000
vt 0.4908 0.4973 0.0000
vt 0.4920 0.5127 0.0000
vt 0.0980 0.9442 0.0000
vt 0.1034 0.9449 0.0000
vt 0.1034 0.9458 0.0000
vt 0.0965 0.9449 0.0000
vt 0.1089 0.9442 0.0000
vt 0.1103 0.9449 0.0000
vt 0.5201 0.5001 0.0000
vt 0.5270 0.4996 0.0000
vt 0.5266 0.5133 0.0000
vt 0.5200 0.5134 0.0000
vt 0.5132 0.4995 0.0000
vt 0.5134 0.5132 0.0000
vt 0.1138 0.9387 0.0000
vt 0.1159 0.9313 0.0000
vt 0.1163 0.9313 0.0000
vt 0.1158 0.9384 0.0000
vt 0.1138 0.9240 0.0000
vt 0.1158 0.9242 0.0000
vt 0.5423 0.4967 0.0000
vt 0.5492 0.4978 0.0000
vt 0.5478 0.5131 0.0000
vt 0.5413 0.5124 0.0000
vt 0.5353 0.4968 0.0000
vt 0.5346 0.5122 0.0000
vt 0.1114 0.9424 0.0000
vt 0.1034 0.9426 0.0000
vt 0.1034 0.9401 0.0000
vt 0.0954 0.9424 0.0000
vt 0.0954 0.9202 0.0000
vt 0.1034 0.9200 0.0000
vt 0.1034 0.9225 0.0000
vt 0.1114 0.9202 0.0000
vt 0.1619 0.9047 0.0000
vt 0.1625 0.8992 0.0000
vt 0.1567 0.9028 0.0000
vt 0.1557 0.8992 0.0000
vt 0.1567 0.8956 0.0000
vt 0.1619 0.8937 0.0000
vt 0.1833 0.8937 0.0000
vt 0.1827 0.8992 0.0000
vt 0.1885 0.8956 0.0000
vt 0.1895 0.8992 0.0000
vt 0.1885 0.9028 0.0000
vt 0.1833 0.9047 0.0000
vt 0.0927 0.9201 0.0000
vt 0.4868 0.4991 0.0000
vt 0.4880 0.5136 0.0000
vt 0.1593 0.9069 0.0000
vt 0.1532 0.9037 0.0000
vt 0.1665 0.9087 0.0000
vt 0.5417 0.6174 0.0000
vt 0.5380 0.6228 0.0000
vt 0.5396 0.6047 0.0000
vt 0.5434 0.6004 0.0000
vt 0.5456 0.6121 0.0000
vt 0.5473 0.5962 0.0000
vt 0.0927 0.9426 0.0000
vt 0.5091 0.4980 0.0000
vt 0.5094 0.5125 0.0000
vt 0.1141 0.9426 0.0000
vt 0.5312 0.4982 0.0000
vt 0.5306 0.5127 0.0000
vt 0.1148 0.9313 0.0000
vt 0.1120 0.9260 0.0000
vt 0.1120 0.9367 0.0000
vt 0.1111 0.9358 0.0000
vt 0.1137 0.9313 0.0000
vt 0.1111 0.9268 0.0000
vt 0.1034 0.9385 0.0000
vt 0.0949 0.9367 0.0000
vt 0.0957 0.9358 0.0000
vt 0.1034 0.9373 0.0000
vt 0.0920 0.9313 0.0000
vt 0.0949 0.9260 0.0000
vt 0.0957 0.9268 0.0000
vt 0.0931 0.9313 0.0000
vt 0.1034 0.9242 0.0000
vt 0.1034 0.9253 0.0000
vt 0.8364 0.6182 0.0000
vt 0.8317 0.6182 0.0000
vt 0.8317 0.6181 0.0000
vt 0.8364 0.6181 0.0000
vt 0.8270 0.6182 0.0000
vt 0.8270 0.6181 0.0000
vt 0.8269 0.6022 0.0000
vt 0.8317 0.6022 0.0000
vt 0.8364 0.6022 0.0000
vt 0.8196 0.6182 0.0000
vt 0.8196 0.6181 0.0000
vt 0.8122 0.6182 0.0000
vt 0.8122 0.6181 0.0000
vt 0.8122 0.6022 0.0000
vt 0.8196 0.6022 0.0000
vt 0.8074 0.6182 0.0000
vt 0.8074 0.6181 0.0000
vt 0.8027 0.6182 0.0000
vt 0.8027 0.6181 0.0000
vt 0.8027 0.6022 0.0000
vt 0.8075 0.6022 0.0000
vt 0.7953 0.6182 0.0000
vt 0.7953 0.6181 0.0000
vt 0.8438 0.6182 0.0000
vt 0.8438 0.6181 0.0000
vt 0.8438 0.6022 0.0000
vt 0.7954 0.6022 0.0000
vt 0.4915 0.5956 0.0000
vt 0.4928 0.6116 0.0000
vt 0.4883 0.6102 0.0000
vt 0.4867 0.5945 0.0000
vt 0.1532 0.8947 0.0000
vt 0.1511 0.8992 0.0000
vt 0.5521 0.5952 0.0000
vt 0.5501 0.6108 0.0000
vt 0.5081 0.6038 0.0000
vt 0.5086 0.6220 0.0000
vt 0.5045 0.6241 0.0000
vt 0.5035 0.6056 0.0000
vt 0.1787 0.8897 0.0000
vt 0.1726 0.8893 0.0000
vt 0.1665 0.8897 0.0000
vt 0.5001 0.6224 0.0000
vt 0.4988 0.6043 0.0000
vt 0.5240 0.5946 0.0000
vt 0.5235 0.6106 0.0000
vt 0.5192 0.6087 0.0000
vt 0.5194 0.5930 0.0000
vt 0.1920 0.9037 0.0000
vt 0.1941 0.8992 0.0000
vt 0.1920 0.8947 0.0000
vt 0.5149 0.6105 0.0000
vt 0.5147 0.5945 0.0000
vt 0.5336 0.6244 0.0000
vt 0.5349 0.6059 0.0000
vt 0.1726 0.9091 0.0000
vt 0.1787 0.9087 0.0000
vt 0.5295 0.6222 0.0000
vt 0.5304 0.6041 0.0000
vt 0.4965 0.6170 0.0000
vt 0.4952 0.5999 0.0000
vt 0.1593 0.8915 0.0000
vt 0.5441 0.5585 0.0000
vt 0.5479 0.5569 0.0000
vt 0.5517 0.5141 0.0000
vt 0.5517 0.5553 0.0000
vt 0.5117 0.6162 0.0000
vt 0.5113 0.5991 0.0000
vt 0.1859 0.8915 0.0000
vt 0.5266 0.6164 0.0000
vt 0.5272 0.5993 0.0000
vt 0.1859 0.9069 0.0000
vt 0.4891 0.5546 0.0000
vt 0.4835 0.5546 0.0000
vt 0.5574 0.5554 0.0000
vt 0.5075 0.5574 0.0000
vt 0.5020 0.5583 0.0000
vt 0.4965 0.5579 0.0000
vt 0.5258 0.5535 0.0000
vt 0.5202 0.5528 0.0000
vt 0.5146 0.5534 0.0000
vt 0.5384 0.5587 0.0000
vt 0.5329 0.5577 0.0000
vt 0.4929 0.5562 0.0000
vt 0.5110 0.5554 0.0000
vt 0.5293 0.5556 0.0000
vt 0.5531 0.4997 0.0000
vt 0.1141 0.9201 0.0000
vt 0.1108 0.9355 0.0000
vt 0.1133 0.9313 0.0000
vt 0.8270 0.6183 0.0000
vt 0.8317 0.6183 0.0000
vt 0.8364 0.6183 0.0000
vt 0.1108 0.9272 0.0000
vt 0.0960 0.9355 0.0000
vt 0.1034 0.9369 0.0000
vt 0.8122 0.6183 0.0000
vt 0.8196 0.6183 0.0000
vt 0.0960 0.9272 0.0000
vt 0.0936 0.9313 0.0000
vt 0.8027 0.6183 0.0000
vt 0.8074 0.6183 0.0000
vt 0.1034 0.9258 0.0000
vt 0.8439 0.6183 0.0000
vt 0.7953 0.6183 0.0000
vt 0.8269 0.5547 0.0000
vt 0.8317 0.5547 0.0000
vt 0.8269 0.5072 0.0000
vt 0.8317 0.5072 0.0000
vt 0.8364 0.5072 0.0000
vt 0.8364 0.5547 0.0000
vt 0.8122 0.5547 0.0000
vt 0.8196 0.5547 0.0000
vt 0.8122 0.5072 0.0000
vt 0.8196 0.5072 0.0000
vt 0.8027 0.5547 0.0000
vt 0.8075 0.5547 0.0000
vt 0.8027 0.5072 0.0000
vt 0.8075 0.5072 0.0000
vt 0.8438 0.5547 0.0000
vt 0.8438 0.5072 0.0000
vt 0.7954 0.5547 0.0000
vt 0.7954 0.5072 0.0000
vt 0.8269 0.4913 0.0000
vt 0.8317 0.4913 0.0000
vt 0.2140 0.9892 0.0000
vt 0.2164 0.9852 0.0000
vt 0.2140 0.9811 0.0000
vt 0.8364 0.4913 0.0000
vt 0.8122 0.4913 0.0000
vt 0.8196 0.4913 0.0000
vt 0.1995 0.9892 0.0000
vt 0.2067 0.9906 0.0000
vt 0.8028 0.4913 0.0000
vt 0.8075 0.4913 0.0000
vt 0.1995 0.9811 0.0000
vt 0.1971 0.9852 0.0000
vt 0.8437 0.4913 0.0000
vt 0.2067 0.9798 0.0000
vt 0.7954 0.4913 0.0000
vt 0.3786 0.9489 0.0000
vt 0.3788 0.9485 0.0000
vt 0.3791 0.9489 0.0000
vt 0.3788 0.9494 0.0000
vt 0.3782 0.9495 0.0000
vt 0.3785 0.9500 0.0000
vt 0.3776 0.9502 0.0000
vt 0.3780 0.9505 0.0000
vt 0.3770 0.9507 0.0000
vt 0.3774 0.9510 0.0000
vt 0.3764 0.9511 0.0000
vt 0.3769 0.9514 0.0000
vt 0.3759 0.9514 0.0000
vt 0.3764 0.9516 0.0000
vt 0.3782 0.9484 0.0000
vt 0.3785 0.9479 0.0000
vt 0.3777 0.9489 0.0000
vt 0.3771 0.9496 0.0000
vt 0.3764 0.9503 0.0000
vt 0.3758 0.9507 0.0000
vt 0.3754 0.9510 0.0000
vt 0.3776 0.9477 0.0000
vt 0.3780 0.9474 0.0000
vt 0.3771 0.9483 0.0000
vt 0.3764 0.9489 0.0000
vt 0.3757 0.9496 0.0000
vt 0.3752 0.9502 0.0000
vt 0.3748 0.9505 0.0000
vt 0.3770 0.9472 0.0000
vt 0.3774 0.9469 0.0000
vt 0.3764 0.9476 0.0000
vt 0.3757 0.9483 0.0000
vt 0.3751 0.9489 0.0000
vt 0.3746 0.9495 0.0000
vt 0.3743 0.9500 0.0000
vt 0.3764 0.9468 0.0000
vt 0.3769 0.9465 0.0000
vt 0.3758 0.9472 0.0000
vt 0.3752 0.9477 0.0000
vt 0.3746 0.9484 0.0000
vt 0.3742 0.9489 0.0000
vt 0.3740 0.9494 0.0000
vt 0.3759 0.9465 0.0000
vt 0.3764 0.9463 0.0000
vt 0.3754 0.9469 0.0000
vt 0.3748 0.9474 0.0000
vt 0.3743 0.9479 0.0000
vt 0.3740 0.9485 0.0000
vt 0.3737 0.9489 0.0000
vt 0.3798 0.9496 0.0000
vt 0.3800 0.9489 0.0000
vt 0.3805 0.9489 0.0000
vt 0.3804 0.9498 0.0000
vt 0.3794 0.9505 0.0000
vt 0.3800 0.9508 0.0000
vt 0.3787 0.9513 0.0000
vt 0.3792 0.9518 0.0000
vt 0.3779 0.9519 0.0000
vt 0.3782 0.9525 0.0000
vt 0.3771 0.9523 0.0000
vt 0.3772 0.9529 0.0000
vt 0.3764 0.9525 0.0000
vt 0.3764 0.9530 0.0000
vt 0.3793 0.9495 0.0000
vt 0.3795 0.9489 0.0000
vt 0.3789 0.9502 0.0000
vt 0.3783 0.9509 0.0000
vt 0.3776 0.9514 0.0000
vt 0.3770 0.9518 0.0000
vt 0.3764 0.9520 0.0000
vt 0.3757 0.9523 0.0000
vt 0.3756 0.9529 0.0000
vt 0.3749 0.9519 0.0000
vt 0.3746 0.9525 0.0000
vt 0.3741 0.9513 0.0000
vt 0.3736 0.9518 0.0000
vt 0.3734 0.9505 0.0000
vt 0.3728 0.9508 0.0000
vt 0.3730 0.9496 0.0000
vt 0.3724 0.9498 0.0000
vt 0.3729 0.9489 0.0000
vt 0.3723 0.9489 0.0000
vt 0.3758 0.9518 0.0000
vt 0.3752 0.9514 0.0000
vt 0.3745 0.9509 0.0000
vt 0.3739 0.9502 0.0000
vt 0.3735 0.9495 0.0000
vt 0.3733 0.9489 0.0000
vt 0.3730 0.9483 0.0000
vt 0.3724 0.9481 0.0000
vt 0.3734 0.9474 0.0000
vt 0.3728 0.9471 0.0000
vt 0.3741 0.9466 0.0000
vt 0.3736 0.9461 0.0000
vt 0.3749 0.9460 0.0000
vt 0.3746 0.9454 0.0000
vt 0.3757 0.9456 0.0000
vt 0.3756 0.9450 0.0000
vt 0.3764 0.9454 0.0000
vt 0.3764 0.9449 0.0000
vt 0.3735 0.9484 0.0000
vt 0.3739 0.9477 0.0000
vt 0.3745 0.9470 0.0000
vt 0.3752 0.9465 0.0000
vt 0.3758 0.9461 0.0000
vt 0.3764 0.9459 0.0000
vt 0.3771 0.9456 0.0000
vt 0.3772 0.9450 0.0000
vt 0.3779 0.9460 0.0000
vt 0.3782 0.9454 0.0000
vt 0.3787 0.9466 0.0000
vt 0.3792 0.9461 0.0000
vt 0.3794 0.9474 0.0000
vt 0.3800 0.9471 0.0000
vt 0.3798 0.9483 0.0000
vt 0.3804 0.9481 0.0000
vt 0.3770 0.9461 0.0000
vt 0.3776 0.9465 0.0000
vt 0.3783 0.9470 0.0000
vt 0.3789 0.9477 0.0000
vt 0.3793 0.9484 0.0000
vt 0.1175 0.8094 0.0000
vt 0.1178 0.8090 0.0000
vt 0.1180 0.8094 0.0000
vt 0.1178 0.8099 0.0000
vt 0.1172 0.8100 0.0000
vt 0.1174 0.8105 0.0000
vt 0.1166 0.8107 0.0000
vt 0.1170 0.8110 0.0000
vt 0.1160 0.8112 0.0000
vt 0.1164 0.8115 0.0000
vt 0.1154 0.8116 0.0000
vt 0.1159 0.8119 0.0000
vt 0.1149 0.8119 0.0000
vt 0.1154 0.8121 0.0000
vt 0.1172 0.8089 0.0000
vt 0.1174 0.8084 0.0000
vt 0.1167 0.8094 0.0000
vt 0.1161 0.8101 0.0000
vt 0.1154 0.8108 0.0000
vt 0.1148 0.8112 0.0000
vt 0.1144 0.8115 0.0000
vt 0.1166 0.8082 0.0000
vt 0.1170 0.8079 0.0000
vt 0.1161 0.8088 0.0000
vt 0.1154 0.8094 0.0000
vt 0.1147 0.8101 0.0000
vt 0.1142 0.8107 0.0000
vt 0.1138 0.8110 0.0000
vt 0.1160 0.8077 0.0000
vt 0.1164 0.8074 0.0000
vt 0.1154 0.8081 0.0000
vt 0.1147 0.8088 0.0000
vt 0.1141 0.8094 0.0000
vt 0.1136 0.8100 0.0000
vt 0.1133 0.8105 0.0000
vt 0.1154 0.8073 0.0000
vt 0.1159 0.8070 0.0000
vt 0.1148 0.8077 0.0000
vt 0.1142 0.8082 0.0000
vt 0.1136 0.8089 0.0000
vt 0.1132 0.8094 0.0000
vt 0.1130 0.8099 0.0000
vt 0.1149 0.8070 0.0000
vt 0.1154 0.8068 0.0000
vt 0.1144 0.8074 0.0000
vt 0.1138 0.8079 0.0000
vt 0.1133 0.8084 0.0000
vt 0.1130 0.8090 0.0000
vt 0.1127 0.8094 0.0000
vt 0.1188 0.8101 0.0000
vt 0.1189 0.8094 0.0000
vt 0.1194 0.8094 0.0000
vt 0.1193 0.8103 0.0000
vt 0.1184 0.8110 0.0000
vt 0.1190 0.8113 0.0000
vt 0.1177 0.8118 0.0000
vt 0.1182 0.8123 0.0000
vt 0.1169 0.8124 0.0000
vt 0.1172 0.8130 0.0000
vt 0.1161 0.8128 0.0000
vt 0.1162 0.8134 0.0000
vt 0.1154 0.8130 0.0000
vt 0.1154 0.8135 0.0000
vt 0.1182 0.8100 0.0000
vt 0.1185 0.8094 0.0000
vt 0.1179 0.8107 0.0000
vt 0.1173 0.8114 0.0000
vt 0.1166 0.8119 0.0000
vt 0.1159 0.8123 0.0000
vt 0.1154 0.8125 0.0000
vt 0.1147 0.8128 0.0000
vt 0.1146 0.8134 0.0000
vt 0.1139 0.8124 0.0000
vt 0.1136 0.8130 0.0000
vt 0.1130 0.8118 0.0000
vt 0.1125 0.8123 0.0000
vt 0.1124 0.8110 0.0000
vt 0.1118 0.8113 0.0000
vt 0.1120 0.8101 0.0000
vt 0.1114 0.8103 0.0000
vt 0.1118 0.8094 0.0000
vt 0.1113 0.8094 0.0000
vt 0.1148 0.8123 0.0000
vt 0.1141 0.8119 0.0000
vt 0.1135 0.8114 0.0000
vt 0.1129 0.8107 0.0000
vt 0.1125 0.8100 0.0000
vt 0.1123 0.8094 0.0000
vt 0.1120 0.8088 0.0000
vt 0.1114 0.8086 0.0000
vt 0.1124 0.8079 0.0000
vt 0.1118 0.8076 0.0000
vt 0.1130 0.8071 0.0000
vt 0.1125 0.8066 0.0000
vt 0.1139 0.8065 0.0000
vt 0.1136 0.8059 0.0000
vt 0.1147 0.8061 0.0000
vt 0.1146 0.8055 0.0000
vt 0.1154 0.8059 0.0000
vt 0.1154 0.8054 0.0000
vt 0.1125 0.8089 0.0000
vt 0.1129 0.8082 0.0000
vt 0.1135 0.8075 0.0000
vt 0.1141 0.8070 0.0000
vt 0.1148 0.8066 0.0000
vt 0.1154 0.8064 0.0000
vt 0.1161 0.8061 0.0000
vt 0.1162 0.8055 0.0000
vt 0.1169 0.8065 0.0000
vt 0.1172 0.8059 0.0000
vt 0.1177 0.8071 0.0000
vt 0.1182 0.8066 0.0000
vt 0.1184 0.8079 0.0000
vt 0.1190 0.8076 0.0000
vt 0.1188 0.8088 0.0000
vt 0.1193 0.8086 0.0000
vt 0.1159 0.8066 0.0000
vt 0.1166 0.8070 0.0000
vt 0.1173 0.8075 0.0000
vt 0.1179 0.8082 0.0000
vt 0.1182 0.8089 0.0000
vt 0.0872 0.8094 0.0000
vt 0.0874 0.8090 0.0000
vt 0.0876 0.8094 0.0000
vt 0.0874 0.8099 0.0000
vt 0.0868 0.8100 0.0000
vt 0.0870 0.8105 0.0000
vt 0.0862 0.8107 0.0000
vt 0.0866 0.8110 0.0000
vt 0.0856 0.8112 0.0000
vt 0.0860 0.8115 0.0000
vt 0.0850 0.8116 0.0000
vt 0.0855 0.8119 0.0000
vt 0.0845 0.8119 0.0000
vt 0.0850 0.8121 0.0000
vt 0.0868 0.8089 0.0000
vt 0.0870 0.8084 0.0000
vt 0.0863 0.8094 0.0000
vt 0.0857 0.8101 0.0000
vt 0.0850 0.8108 0.0000
vt 0.0844 0.8112 0.0000
vt 0.0840 0.8115 0.0000
vt 0.0862 0.8082 0.0000
vt 0.0866 0.8079 0.0000
vt 0.0857 0.8088 0.0000
vt 0.0850 0.8094 0.0000
vt 0.0843 0.8101 0.0000
vt 0.0838 0.8107 0.0000
vt 0.0834 0.8110 0.0000
vt 0.0856 0.8077 0.0000
vt 0.0860 0.8074 0.0000
vt 0.0850 0.8081 0.0000
vt 0.0843 0.8088 0.0000
vt 0.0837 0.8094 0.0000
vt 0.0832 0.8100 0.0000
vt 0.0829 0.8105 0.0000
vt 0.0850 0.8073 0.0000
vt 0.0855 0.8070 0.0000
vt 0.0844 0.8077 0.0000
vt 0.0838 0.8082 0.0000
vt 0.0832 0.8089 0.0000
vt 0.0828 0.8094 0.0000
vt 0.0826 0.8099 0.0000
vt 0.0845 0.8070 0.0000
vt 0.0850 0.8068 0.0000
vt 0.0840 0.8074 0.0000
vt 0.0834 0.8079 0.0000
vt 0.0829 0.8084 0.0000
vt 0.0826 0.8090 0.0000
vt 0.0823 0.8094 0.0000
vt 0.0884 0.8101 0.0000
vt 0.0885 0.8094 0.0000
vt 0.0890 0.8094 0.0000
vt 0.0889 0.8103 0.0000
vt 0.0880 0.8110 0.0000
vt 0.0886 0.8113 0.0000
vt 0.0873 0.8118 0.0000
vt 0.0878 0.8123 0.0000
vt 0.0865 0.8124 0.0000
vt 0.0868 0.8130 0.0000
vt 0.0857 0.8128 0.0000
vt 0.0858 0.8134 0.0000
vt 0.0850 0.8130 0.0000
vt 0.0850 0.8135 0.0000
vt 0.0878 0.8100 0.0000
vt 0.0881 0.8094 0.0000
vt 0.0875 0.8107 0.0000
vt 0.0869 0.8114 0.0000
vt 0.0862 0.8119 0.0000
vt 0.0856 0.8123 0.0000
vt 0.0850 0.8125 0.0000
vt 0.0843 0.8128 0.0000
vt 0.0842 0.8134 0.0000
vt 0.0835 0.8124 0.0000
vt 0.0832 0.8130 0.0000
vt 0.0826 0.8118 0.0000
vt 0.0821 0.8123 0.0000
vt 0.0820 0.8110 0.0000
vt 0.0814 0.8113 0.0000
vt 0.0816 0.8101 0.0000
vt 0.0810 0.8103 0.0000
vt 0.0814 0.8094 0.0000
vt 0.0809 0.8094 0.0000
vt 0.0844 0.8123 0.0000
vt 0.0837 0.8119 0.0000
vt 0.0831 0.8114 0.0000
vt 0.0825 0.8107 0.0000
vt 0.0821 0.8100 0.0000
vt 0.0819 0.8094 0.0000
vt 0.0816 0.8088 0.0000
vt 0.0810 0.8086 0.0000
vt 0.0820 0.8079 0.0000
vt 0.0814 0.8076 0.0000
vt 0.0826 0.8071 0.0000
vt 0.0821 0.8066 0.0000
vt 0.0835 0.8065 0.0000
vt 0.0832 0.8059 0.0000
vt 0.0843 0.8061 0.0000
vt 0.0842 0.8055 0.0000
vt 0.0850 0.8059 0.0000
vt 0.0850 0.8054 0.0000
vt 0.0821 0.8089 0.0000
vt 0.0825 0.8082 0.0000
vt 0.0831 0.8075 0.0000
vt 0.0837 0.8070 0.0000
vt 0.0844 0.8066 0.0000
vt 0.0850 0.8064 0.0000
vt 0.0857 0.8061 0.0000
vt 0.0858 0.8055 0.0000
vt 0.0865 0.8065 0.0000
vt 0.0868 0.8059 0.0000
vt 0.0873 0.8071 0.0000
vt 0.0878 0.8066 0.0000
vt 0.0880 0.8079 0.0000
vt 0.0886 0.8076 0.0000
vt 0.0884 0.8088 0.0000
vt 0.0889 0.8086 0.0000
vt 0.0856 0.8066 0.0000
vt 0.0862 0.8070 0.0000
vt 0.0869 0.8075 0.0000
vt 0.0875 0.8082 0.0000
vt 0.0878 0.8089 0.0000
vt 0.1479 0.8094 0.0000
vt 0.1482 0.8090 0.0000
vt 0.1484 0.8094 0.0000
vt 0.1482 0.8099 0.0000
vt 0.1475 0.8100 0.0000
vt 0.1478 0.8105 0.0000
vt 0.1470 0.8107 0.0000
vt 0.1474 0.8110 0.0000
vt 0.1464 0.8112 0.0000
vt 0.1468 0.8115 0.0000
vt 0.1458 0.8116 0.0000
vt 0.1463 0.8119 0.0000
vt 0.1453 0.8119 0.0000
vt 0.1458 0.8121 0.0000
vt 0.1475 0.8089 0.0000
vt 0.1478 0.8084 0.0000
vt 0.1471 0.8094 0.0000
vt 0.1465 0.8101 0.0000
vt 0.1458 0.8108 0.0000
vt 0.1452 0.8112 0.0000
vt 0.1447 0.8115 0.0000
vt 0.1470 0.8082 0.0000
vt 0.1474 0.8079 0.0000
vt 0.1465 0.8088 0.0000
vt 0.1458 0.8094 0.0000
vt 0.1451 0.8101 0.0000
vt 0.1446 0.8107 0.0000
vt 0.1442 0.8110 0.0000
vt 0.1464 0.8077 0.0000
vt 0.1468 0.8074 0.0000
vt 0.1458 0.8081 0.0000
vt 0.1451 0.8088 0.0000
vt 0.1445 0.8094 0.0000
vt 0.1440 0.8100 0.0000
vt 0.1437 0.8105 0.0000
vt 0.1458 0.8073 0.0000
vt 0.1463 0.8070 0.0000
vt 0.1452 0.8077 0.0000
vt 0.1446 0.8082 0.0000
vt 0.1440 0.8089 0.0000
vt 0.1436 0.8094 0.0000
vt 0.1434 0.8099 0.0000
vt 0.1453 0.8070 0.0000
vt 0.1458 0.8068 0.0000
vt 0.1447 0.8074 0.0000
vt 0.1442 0.8079 0.0000
vt 0.1437 0.8084 0.0000
vt 0.1434 0.8090 0.0000
vt 0.1431 0.8094 0.0000
vt 0.1492 0.8101 0.0000
vt 0.1493 0.8094 0.0000
vt 0.1498 0.8094 0.0000
vt 0.1497 0.8103 0.0000
vt 0.1488 0.8110 0.0000
vt 0.1494 0.8113 0.0000
vt 0.1481 0.8118 0.0000
vt 0.1486 0.8123 0.0000
vt 0.1473 0.8124 0.0000
vt 0.1476 0.8130 0.0000
vt 0.1465 0.8128 0.0000
vt 0.1466 0.8134 0.0000
vt 0.1458 0.8130 0.0000
vt 0.1458 0.8135 0.0000
vt 0.1486 0.8100 0.0000
vt 0.1489 0.8094 0.0000
vt 0.1483 0.8107 0.0000
vt 0.1477 0.8114 0.0000
vt 0.1470 0.8119 0.0000
vt 0.1463 0.8123 0.0000
vt 0.1458 0.8125 0.0000
vt 0.1451 0.8128 0.0000
vt 0.1449 0.8134 0.0000
vt 0.1443 0.8124 0.0000
vt 0.1440 0.8130 0.0000
vt 0.1434 0.8118 0.0000
vt 0.1429 0.8123 0.0000
vt 0.1428 0.8110 0.0000
vt 0.1422 0.8113 0.0000
vt 0.1424 0.8101 0.0000
vt 0.1418 0.8103 0.0000
vt 0.1422 0.8094 0.0000
vt 0.1417 0.8094 0.0000
vt 0.1452 0.8123 0.0000
vt 0.1445 0.8119 0.0000
vt 0.1439 0.8114 0.0000
vt 0.1433 0.8107 0.0000
vt 0.1429 0.8100 0.0000
vt 0.1427 0.8094 0.0000
vt 0.1424 0.8088 0.0000
vt 0.1418 0.8086 0.0000
vt 0.1428 0.8079 0.0000
vt 0.1422 0.8076 0.0000
vt 0.1434 0.8071 0.0000
vt 0.1429 0.8066 0.0000
vt 0.1443 0.8065 0.0000
vt 0.1440 0.8059 0.0000
vt 0.1451 0.8061 0.0000
vt 0.1449 0.8055 0.0000
vt 0.1458 0.8059 0.0000
vt 0.1458 0.8054 0.0000
vt 0.1429 0.8089 0.0000
vt 0.1433 0.8082 0.0000
vt 0.1439 0.8075 0.0000
vt 0.1445 0.8070 0.0000
vt 0.1452 0.8066 0.0000
vt 0.1458 0.8064 0.0000
vt 0.1465 0.8061 0.0000
vt 0.1466 0.8055 0.0000
vt 0.1473 0.8065 0.0000
vt 0.1476 0.8059 0.0000
vt 0.1481 0.8071 0.0000
vt 0.1486 0.8066 0.0000
vt 0.1488 0.8079 0.0000
vt 0.1494 0.8076 0.0000
vt 0.1492 0.8088 0.0000
vt 0.1497 0.8086 0.0000
vt 0.1463 0.8066 0.0000
vt 0.1470 0.8070 0.0000
vt 0.1477 0.8075 0.0000
vt 0.1483 0.8082 0.0000
vt 0.1486 0.8089 0.0000
vt 0.1631 0.7132 0.0000
vt 0.1634 0.7127 0.0000
vt 0.1636 0.7132 0.0000
vt 0.1634 0.7137 0.0000
vt 0.1627 0.7138 0.0000
vt 0.1630 0.7142 0.0000
vt 0.1622 0.7144 0.0000
vt 0.1626 0.7148 0.0000
vt 0.1616 0.7150 0.0000
vt 0.1620 0.7153 0.0000
vt 0.1610 0.7154 0.0000
vt 0.1615 0.7156 0.0000
vt 0.1605 0.7156 0.0000
vt 0.1610 0.7159 0.0000
vt 0.1627 0.7126 0.0000
vt 0.1630 0.7122 0.0000
vt 0.1623 0.7132 0.0000
vt 0.1617 0.7139 0.0000
vt 0.1610 0.7145 0.0000
vt 0.1604 0.7150 0.0000
vt 0.1599 0.7153 0.0000
vt 0.1622 0.7120 0.0000
vt 0.1626 0.7116 0.0000
vt 0.1617 0.7125 0.0000
vt 0.1610 0.7132 0.0000
vt 0.1603 0.7139 0.0000
vt 0.1598 0.7144 0.0000
vt 0.1594 0.7148 0.0000
vt 0.1616 0.7114 0.0000
vt 0.1620 0.7111 0.0000
vt 0.1610 0.7119 0.0000
vt 0.1603 0.7125 0.0000
vt 0.1597 0.7132 0.0000
vt 0.1592 0.7138 0.0000
vt 0.1589 0.7142 0.0000
vt 0.1610 0.7110 0.0000
vt 0.1615 0.7108 0.0000
vt 0.1604 0.7114 0.0000
vt 0.1598 0.7120 0.0000
vt 0.1592 0.7126 0.0000
vt 0.1588 0.7132 0.0000
vt 0.1586 0.7137 0.0000
vt 0.1605 0.7108 0.0000
vt 0.1610 0.7105 0.0000
vt 0.1599 0.7111 0.0000
vt 0.1594 0.7116 0.0000
vt 0.1589 0.7122 0.0000
vt 0.1586 0.7127 0.0000
vt 0.1583 0.7132 0.0000
vt 0.1644 0.7139 0.0000
vt 0.1645 0.7132 0.0000
vt 0.1650 0.7132 0.0000
vt 0.1649 0.7140 0.0000
vt 0.1640 0.7147 0.0000
vt 0.1646 0.7150 0.0000
vt 0.1633 0.7155 0.0000
vt 0.1638 0.7160 0.0000
vt 0.1625 0.7162 0.0000
vt 0.1628 0.7168 0.0000
vt 0.1617 0.7166 0.0000
vt 0.1618 0.7171 0.0000
vt 0.1610 0.7167 0.0000
vt 0.1610 0.7172 0.0000
vt 0.1638 0.7138 0.0000
vt 0.1641 0.7132 0.0000
vt 0.1635 0.7144 0.0000
vt 0.1629 0.7151 0.0000
vt 0.1622 0.7157 0.0000
vt 0.1615 0.7161 0.0000
vt 0.1610 0.7163 0.0000
vt 0.1603 0.7166 0.0000
vt 0.1601 0.7171 0.0000
vt 0.1595 0.7162 0.0000
vt 0.1592 0.7168 0.0000
vt 0.1586 0.7155 0.0000
vt 0.1581 0.7160 0.0000
vt 0.1580 0.7147 0.0000
vt 0.1574 0.7150 0.0000
vt 0.1576 0.7139 0.0000
vt 0.1570 0.7140 0.0000
vt 0.1574 0.7132 0.0000
vt 0.1569 0.7132 0.0000
vt 0.1604 0.7161 0.0000
vt 0.1597 0.7157 0.0000
vt 0.1591 0.7151 0.0000
vt 0.1585 0.7144 0.0000
vt 0.1581 0.7138 0.0000
vt 0.1579 0.7132 0.0000
vt 0.1576 0.7125 0.0000
vt 0.1570 0.7124 0.0000
vt 0.1580 0.7117 0.0000
vt 0.1574 0.7114 0.0000
vt 0.1586 0.7109 0.0000
vt 0.1581 0.7104 0.0000
vt 0.1595 0.7102 0.0000
vt 0.1592 0.7096 0.0000
vt 0.1603 0.7098 0.0000
vt 0.1601 0.7092 0.0000
vt 0.1610 0.7096 0.0000
vt 0.1610 0.7091 0.0000
vt 0.1581 0.7126 0.0000
vt 0.1585 0.7120 0.0000
vt 0.1591 0.7113 0.0000
vt 0.1597 0.7107 0.0000
vt 0.1604 0.7103 0.0000
vt 0.1610 0.7101 0.0000
vt 0.1617 0.7098 0.0000
vt 0.1618 0.7092 0.0000
vt 0.1625 0.7102 0.0000
vt 0.1628 0.7096 0.0000
vt 0.1633 0.7109 0.0000
vt 0.1638 0.7104 0.0000
vt 0.1640 0.7117 0.0000
vt 0.1646 0.7114 0.0000
vt 0.1644 0.7125 0.0000
vt 0.1649 0.7124 0.0000
vt 0.1615 0.7103 0.0000
vt 0.1622 0.7107 0.0000
vt 0.1629 0.7113 0.0000
vt 0.1635 0.7120 0.0000
vt 0.1638 0.7126 0.0000
vt 0.0568 0.8094 0.0000
vt 0.0570 0.8090 0.0000
vt 0.0573 0.8094 0.0000
vt 0.0570 0.8099 0.0000
vt 0.0564 0.8100 0.0000
vt 0.0566 0.8105 0.0000
vt 0.0558 0.8107 0.0000
vt 0.0562 0.8110 0.0000
vt 0.0552 0.8112 0.0000
vt 0.0556 0.8115 0.0000
vt 0.0546 0.8116 0.0000
vt 0.0551 0.8119 0.0000
vt 0.0541 0.8119 0.0000
vt 0.0546 0.8121 0.0000
vt 0.0564 0.8089 0.0000
vt 0.0566 0.8084 0.0000
vt 0.0559 0.8094 0.0000
vt 0.0553 0.8101 0.0000
vt 0.0546 0.8108 0.0000
vt 0.0540 0.8112 0.0000
vt 0.0536 0.8115 0.0000
vt 0.0558 0.8082 0.0000
vt 0.0562 0.8079 0.0000
vt 0.0553 0.8088 0.0000
vt 0.0546 0.8094 0.0000
vt 0.0539 0.8101 0.0000
vt 0.0534 0.8107 0.0000
vt 0.0530 0.8110 0.0000
vt 0.0552 0.8077 0.0000
vt 0.0556 0.8074 0.0000
vt 0.0546 0.8081 0.0000
vt 0.0539 0.8088 0.0000
vt 0.0533 0.8094 0.0000
vt 0.0528 0.8100 0.0000
vt 0.0525 0.8105 0.0000
vt 0.0546 0.8073 0.0000
vt 0.0551 0.8070 0.0000
vt 0.0540 0.8077 0.0000
vt 0.0534 0.8082 0.0000
vt 0.0528 0.8089 0.0000
vt 0.0524 0.8094 0.0000
vt 0.0522 0.8099 0.0000
vt 0.0541 0.8070 0.0000
vt 0.0546 0.8068 0.0000
vt 0.0536 0.8074 0.0000
vt 0.0530 0.8079 0.0000
vt 0.0525 0.8084 0.0000
vt 0.0522 0.8090 0.0000
vt 0.0519 0.8094 0.0000
vt 0.0580 0.8101 0.0000
vt 0.0581 0.8094 0.0000
vt 0.0586 0.8094 0.0000
vt 0.0585 0.8103 0.0000
vt 0.0576 0.8110 0.0000
vt 0.0582 0.8113 0.0000
vt 0.0569 0.8118 0.0000
vt 0.0574 0.8123 0.0000
vt 0.0561 0.8124 0.0000
vt 0.0564 0.8130 0.0000
vt 0.0553 0.8128 0.0000
vt 0.0554 0.8134 0.0000
vt 0.0546 0.8130 0.0000
vt 0.0546 0.8135 0.0000
vt 0.0575 0.8100 0.0000
vt 0.0577 0.8094 0.0000
vt 0.0571 0.8107 0.0000
vt 0.0565 0.8114 0.0000
vt 0.0558 0.8119 0.0000
vt 0.0552 0.8123 0.0000
vt 0.0546 0.8125 0.0000
vt 0.0539 0.8128 0.0000
vt 0.0538 0.8134 0.0000
vt 0.0531 0.8124 0.0000
vt 0.0528 0.8130 0.0000
vt 0.0522 0.8118 0.0000
vt 0.0518 0.8123 0.0000
vt 0.0516 0.8110 0.0000
vt 0.0510 0.8113 0.0000
vt 0.0512 0.8101 0.0000
vt 0.0506 0.8103 0.0000
vt 0.0510 0.8094 0.0000
vt 0.0505 0.8094 0.0000
vt 0.0540 0.8123 0.0000
vt 0.0533 0.8119 0.0000
vt 0.0527 0.8114 0.0000
vt 0.0521 0.8107 0.0000
vt 0.0517 0.8100 0.0000
vt 0.0515 0.8094 0.0000
vt 0.0512 0.8088 0.0000
vt 0.0506 0.8086 0.0000
vt 0.0516 0.8079 0.0000
vt 0.0510 0.8076 0.0000
vt 0.0522 0.8071 0.0000
vt 0.0518 0.8066 0.0000
vt 0.0531 0.8065 0.0000
vt 0.0528 0.8059 0.0000
vt 0.0539 0.8061 0.0000
vt 0.0538 0.8055 0.0000
vt 0.0546 0.8059 0.0000
vt 0.0546 0.8054 0.0000
vt 0.0517 0.8089 0.0000
vt 0.0521 0.8082 0.0000
vt 0.0527 0.8075 0.0000
vt 0.0533 0.8070 0.0000
vt 0.0540 0.8066 0.0000
vt 0.0546 0.8064 0.0000
vt 0.0553 0.8061 0.0000
vt 0.0554 0.8055 0.0000
vt 0.0561 0.8065 0.0000
vt 0.0564 0.8059 0.0000
vt 0.0569 0.8071 0.0000
vt 0.0574 0.8066 0.0000
vt 0.0576 0.8079 0.0000
vt 0.0582 0.8076 0.0000
vt 0.0580 0.8088 0.0000
vt 0.0585 0.8086 0.0000
vt 0.0552 0.8066 0.0000
vt 0.0558 0.8070 0.0000
vt 0.0565 0.8075 0.0000
vt 0.0571 0.8082 0.0000
vt 0.0575 0.8089 0.0000
vt 0.8066 0.2978 0.0000
vt 0.8068 0.2973 0.0000
vt 0.8070 0.2978 0.0000
vt 0.8068 0.2982 0.0000
vt 0.8062 0.2984 0.0000
vt 0.8064 0.2988 0.0000
vt 0.8056 0.2990 0.0000
vt 0.8060 0.2993 0.0000
vt 0.8050 0.2995 0.0000
vt 0.8054 0.2998 0.0000
vt 0.8044 0.2999 0.0000
vt 0.8049 0.3002 0.0000
vt 0.8039 0.3002 0.0000
vt 0.8044 0.3004 0.0000
vt 0.8062 0.2972 0.0000
vt 0.8064 0.2967 0.0000
vt 0.8057 0.2978 0.0000
vt 0.8051 0.2984 0.0000
vt 0.8044 0.2991 0.0000
vt 0.8038 0.2995 0.0000
vt 0.8034 0.2998 0.0000
vt 0.8056 0.2965 0.0000
vt 0.8060 0.2962 0.0000
vt 0.8051 0.2971 0.0000
vt 0.8044 0.2978 0.0000
vt 0.8037 0.2984 0.0000
vt 0.8032 0.2990 0.0000
vt 0.8028 0.2993 0.0000
vt 0.8050 0.2960 0.0000
vt 0.8054 0.2957 0.0000
vt 0.8044 0.2964 0.0000
vt 0.8037 0.2971 0.0000
vt 0.8031 0.2978 0.0000
vt 0.8026 0.2984 0.0000
vt 0.8023 0.2988 0.0000
vt 0.8044 0.2956 0.0000
vt 0.8049 0.2953 0.0000
vt 0.8038 0.2960 0.0000
vt 0.8032 0.2965 0.0000
vt 0.8026 0.2972 0.0000
vt 0.8022 0.2978 0.0000
vt 0.8020 0.2982 0.0000
vt 0.8039 0.2953 0.0000
vt 0.8044 0.2951 0.0000
vt 0.8034 0.2957 0.0000
vt 0.8028 0.2962 0.0000
vt 0.8023 0.2967 0.0000
vt 0.8020 0.2973 0.0000
vt 0.8017 0.2978 0.0000
vt 0.8078 0.2984 0.0000
vt 0.8079 0.2978 0.0000
vt 0.8084 0.2978 0.0000
vt 0.8083 0.2986 0.0000
vt 0.8074 0.2993 0.0000
vt 0.8080 0.2996 0.0000
vt 0.8067 0.3001 0.0000
vt 0.8072 0.3006 0.0000
vt 0.8059 0.3008 0.0000
vt 0.8062 0.3013 0.0000
vt 0.8051 0.3011 0.0000
vt 0.8052 0.3017 0.0000
vt 0.8044 0.3013 0.0000
vt 0.8044 0.3018 0.0000
vt 0.8072 0.2983 0.0000
vt 0.8075 0.2978 0.0000
vt 0.8069 0.2990 0.0000
vt 0.8063 0.2997 0.0000
vt 0.8056 0.3002 0.0000
vt 0.8050 0.3006 0.0000
vt 0.8044 0.3009 0.0000
vt 0.8037 0.3011 0.0000
vt 0.8036 0.3017 0.0000
vt 0.8029 0.3008 0.0000
vt 0.8026 0.3013 0.0000
vt 0.8020 0.3001 0.0000
vt 0.8015 0.3006 0.0000
vt 0.8014 0.2993 0.0000
vt 0.8008 0.2996 0.0000
vt 0.8010 0.2984 0.0000
vt 0.8004 0.2986 0.0000
vt 0.8008 0.2978 0.0000
vt 0.8003 0.2978 0.0000
vt 0.8038 0.3006 0.0000
vt 0.8031 0.3002 0.0000
vt 0.8025 0.2997 0.0000
vt 0.8019 0.2990 0.0000
vt 0.8015 0.2983 0.0000
vt 0.8013 0.2978 0.0000
vt 0.8010 0.2971 0.0000
vt 0.8004 0.2969 0.0000
vt 0.8014 0.2963 0.0000
vt 0.8008 0.2959 0.0000
vt 0.8020 0.2954 0.0000
vt 0.8015 0.2949 0.0000
vt 0.8029 0.2948 0.0000
vt 0.8026 0.2942 0.0000
vt 0.8037 0.2944 0.0000
vt 0.8036 0.2938 0.0000
vt 0.8044 0.2942 0.0000
vt 0.8044 0.2937 0.0000
vt 0.8015 0.2972 0.0000
vt 0.8019 0.2965 0.0000
vt 0.8025 0.2958 0.0000
vt 0.8031 0.2953 0.0000
vt 0.8038 0.2949 0.0000
vt 0.8044 0.2947 0.0000
vt 0.8051 0.2944 0.0000
vt 0.8052 0.2938 0.0000
vt 0.8059 0.2948 0.0000
vt 0.8062 0.2942 0.0000
vt 0.8067 0.2954 0.0000
vt 0.8072 0.2949 0.0000
vt 0.8074 0.2963 0.0000
vt 0.8080 0.2959 0.0000
vt 0.8078 0.2971 0.0000
vt 0.8083 0.2969 0.0000
vt 0.8050 0.2949 0.0000
vt 0.8056 0.2953 0.0000
vt 0.8063 0.2958 0.0000
vt 0.8069 0.2965 0.0000
vt 0.8072 0.2972 0.0000
vt 0.2820 0.9673 0.0000
vt 0.2823 0.9668 0.0000
vt 0.2825 0.9673 0.0000
vt 0.2823 0.9678 0.0000
vt 0.2816 0.9679 0.0000
vt 0.2819 0.9683 0.0000
vt 0.2811 0.9685 0.0000
vt 0.2814 0.9689 0.0000
vt 0.2804 0.9691 0.0000
vt 0.2809 0.9693 0.0000
vt 0.2798 0.9695 0.0000
vt 0.2803 0.9697 0.0000
vt 0.2794 0.9697 0.0000
vt 0.2798 0.9700 0.0000
vt 0.2816 0.9667 0.0000
vt 0.2819 0.9663 0.0000
vt 0.2811 0.9673 0.0000
vt 0.2805 0.9680 0.0000
vt 0.2798 0.9686 0.0000
vt 0.2792 0.9691 0.0000
vt 0.2788 0.9693 0.0000
vt 0.2811 0.9661 0.0000
vt 0.2814 0.9657 0.0000
vt 0.2805 0.9666 0.0000
vt 0.2798 0.9673 0.0000
vt 0.2791 0.9680 0.0000
vt 0.2786 0.9685 0.0000
vt 0.2783 0.9689 0.0000
vt 0.2804 0.9655 0.0000
vt 0.2809 0.9652 0.0000
vt 0.2798 0.9660 0.0000
vt 0.2791 0.9666 0.0000
vt 0.2785 0.9673 0.0000
vt 0.2781 0.9679 0.0000
vt 0.2778 0.9683 0.0000
vt 0.2798 0.9651 0.0000
vt 0.2803 0.9649 0.0000
vt 0.2792 0.9655 0.0000
vt 0.2786 0.9661 0.0000
vt 0.2781 0.9667 0.0000
vt 0.2777 0.9673 0.0000
vt 0.2774 0.9678 0.0000
vt 0.2794 0.9649 0.0000
vt 0.2798 0.9646 0.0000
vt 0.2788 0.9652 0.0000
vt 0.2783 0.9657 0.0000
vt 0.2778 0.9663 0.0000
vt 0.2774 0.9668 0.0000
vt 0.2772 0.9673 0.0000
vt 0.2832 0.9680 0.0000
vt 0.2834 0.9673 0.0000
vt 0.2839 0.9673 0.0000
vt 0.2838 0.9681 0.0000
vt 0.2828 0.9688 0.0000
vt 0.2834 0.9691 0.0000
vt 0.2822 0.9696 0.0000
vt 0.2827 0.9701 0.0000
vt 0.2813 0.9703 0.0000
vt 0.2817 0.9709 0.0000
vt 0.2805 0.9707 0.0000
vt 0.2807 0.9712 0.0000
vt 0.2798 0.9708 0.0000
vt 0.2798 0.9713 0.0000
vt 0.2827 0.9679 0.0000
vt 0.2829 0.9673 0.0000
vt 0.2823 0.9685 0.0000
vt 0.2818 0.9692 0.0000
vt 0.2811 0.9698 0.0000
vt 0.2804 0.9702 0.0000
vt 0.2798 0.9704 0.0000
vt 0.2791 0.9707 0.0000
vt 0.2790 0.9712 0.0000
vt 0.2783 0.9703 0.0000
vt 0.2780 0.9709 0.0000
vt 0.2775 0.9696 0.0000
vt 0.2770 0.9701 0.0000
vt 0.2768 0.9688 0.0000
vt 0.2763 0.9691 0.0000
vt 0.2765 0.9680 0.0000
vt 0.2759 0.9681 0.0000
vt 0.2763 0.9673 0.0000
vt 0.2758 0.9673 0.0000
vt 0.2793 0.9702 0.0000
vt 0.2786 0.9698 0.0000
vt 0.2779 0.9692 0.0000
vt 0.2774 0.9685 0.0000
vt 0.2770 0.9679 0.0000
vt 0.2767 0.9673 0.0000
vt 0.2765 0.9666 0.0000
vt 0.2759 0.9665 0.0000
vt 0.2768 0.9658 0.0000
vt 0.2763 0.9655 0.0000
vt 0.2775 0.9649 0.0000
vt 0.2770 0.9645 0.0000
vt 0.2783 0.9643 0.0000
vt 0.2780 0.9637 0.0000
vt 0.2791 0.9639 0.0000
vt 0.2790 0.9633 0.0000
vt 0.2798 0.9637 0.0000
vt 0.2798 0.9632 0.0000
vt 0.2770 0.9667 0.0000
vt 0.2774 0.9660 0.0000
vt 0.2779 0.9654 0.0000
vt 0.2786 0.9648 0.0000
vt 0.2793 0.9644 0.0000
vt 0.2798 0.9642 0.0000
vt 0.2805 0.9639 0.0000
vt 0.2807 0.9633 0.0000
vt 0.2813 0.9643 0.0000
vt 0.2817 0.9637 0.0000
vt 0.2822 0.9649 0.0000
vt 0.2827 0.9645 0.0000
vt 0.2828 0.9658 0.0000
vt 0.2834 0.9655 0.0000
vt 0.2832 0.9666 0.0000
vt 0.2838 0.9665 0.0000
vt 0.2804 0.9644 0.0000
vt 0.2811 0.9648 0.0000
vt 0.2818 0.9654 0.0000
vt 0.2823 0.9660 0.0000
vt 0.2827 0.9667 0.0000
vt 0.9268 0.3036 0.0000
vt 0.9171 0.2954 0.0000
vt 0.9187 0.0362 0.0000
vt 0.9291 0.0240 0.0000
vt 0.8795 0.2946 0.0000
vt 0.8842 0.0151 0.0000
vt 0.8942 0.0275 0.0000
vt 0.8895 0.2866 0.0000
vt 0.6998 0.2934 0.0000
vt 0.6998 0.0115 0.0000
vt 0.7102 0.0115 0.0000
vt 0.7103 0.2934 0.0000
vt 0.8051 0.1974 0.0000
vt 0.8052 0.2134 0.0000
vt 0.7947 0.2134 0.0000
vt 0.7947 0.1975 0.0000
vt 0.7303 0.0116 0.0000
vt 0.7303 0.2729 0.0000
vt 0.7199 0.2729 0.0000
vt 0.7199 0.0116 0.0000
vt 0.2784 0.9053 0.0000
vt 0.2784 0.9180 0.0000
vt 0.2680 0.9180 0.0000
vt 0.2680 0.9053 0.0000
vt 0.6997 0.2950 0.0000
vt 0.6977 0.2938 0.0000
vt 0.6977 0.0115 0.0000
vt 0.6996 0.0100 0.0000
vt 0.7305 0.2744 0.0000
vt 0.7324 0.2729 0.0000
vt 0.7324 0.0112 0.0000
vt 0.7305 0.0100 0.0000
vt 0.7123 0.2938 0.0000
vt 0.7104 0.2950 0.0000
vt 0.7104 0.0100 0.0000
vt 0.7123 0.0115 0.0000
vt 0.7197 0.2744 0.0000
vt 0.7178 0.2729 0.0000
vt 0.7178 0.0112 0.0000
vt 0.7197 0.0100 0.0000
vt 0.2804 0.9171 0.0000
vt 0.2804 0.9044 0.0000
vt 0.8072 0.2141 0.0000
vt 0.8072 0.1982 0.0000
vt 0.7927 0.1982 0.0000
vt 0.7927 0.2141 0.0000
vt 0.2660 0.9044 0.0000
vt 0.2660 0.9171 0.0000
vt 0.8598 0.3024 0.0000
vt 0.8598 0.0228 0.0000
vt 0.8700 0.0350 0.0000
vt 0.8697 0.2942 0.0000
vt 0.9846 0.2864 0.0000
vt 0.9745 0.2786 0.0000
vt 0.9642 0.0196 0.0000
vt 0.9740 0.0070 0.0000
vt 0.6871 0.2934 0.0000
vt 0.6766 0.2934 0.0000
vt 0.6766 0.0115 0.0000
vt 0.6871 0.0115 0.0000
vt 0.6935 0.3306 0.0000
vt 0.6831 0.3307 0.0000
vt 0.6830 0.3147 0.0000
vt 0.6935 0.3147 0.0000
vt 0.7418 0.0116 0.0000
vt 0.7523 0.0116 0.0000
vt 0.7523 0.2729 0.0000
vt 0.7418 0.2729 0.0000
vt 0.6295 0.4365 0.0000
vt 0.6399 0.4365 0.0000
vt 0.6399 0.4492 0.0000
vt 0.6295 0.4492 0.0000
vt 0.6892 0.2938 0.0000
vt 0.6872 0.2950 0.0000
vt 0.6891 0.0115 0.0000
vt 0.6873 0.0100 0.0000
vt 0.7416 0.2744 0.0000
vt 0.7398 0.2729 0.0000
vt 0.7397 0.0112 0.0000
vt 0.7417 0.0100 0.0000
vt 0.6765 0.2950 0.0000
vt 0.6745 0.2938 0.0000
vt 0.6764 0.0100 0.0000
vt 0.6746 0.0115 0.0000
vt 0.7525 0.2744 0.0000
vt 0.7543 0.2729 0.0000
vt 0.7524 0.0100 0.0000
vt 0.7544 0.0112 0.0000
vt 0.6275 0.4483 0.0000
vt 0.6275 0.4356 0.0000
vt 0.6955 0.3140 0.0000
vt 0.6956 0.3299 0.0000
vt 0.6811 0.3300 0.0000
vt 0.6810 0.3140 0.0000
vt 0.6419 0.4356 0.0000
vt 0.6419 0.4483 0.0000
# 2831 texture coords

g Cylinder001
usemtl Standardmaterial
s 1
f 1/1/1 2/2/2 3/3/3 4/4/4 
f 1/1/1 5/5/5 6/6/6 2/2/2 
f 5/5/5 7/7/7 8/8/8 6/6/6 
f 7/7/7 9/9/9 10/10/10 8/8/8 
f 9/9/9 11/11/11 12/12/12 10/10/10 
f 11/11/11 13/13/13 14/14/14 12/12/12 
f 13/13/13 15/15/15 16/16/16 14/14/14 
f 15/15/15 17/17/17 18/18/18 16/16/16 
f 17/17/17 19/19/19 20/20/20 18/18/18 
f 19/21/19 21/22/21 22/23/22 20/24/20 
f 21/22/21 23/25/23 24/26/24 22/23/22 
f 23/25/23 25/27/25 26/28/26 24/26/24 
f 25/27/25 27/29/27 28/30/28 26/28/26 
f 27/29/27 29/31/29 30/32/30 28/30/28 
f 29/31/29 31/33/31 32/34/32 30/32/30 
f 31/33/31 33/35/33 34/36/34 32/34/32 
f 33/35/33 35/37/35 36/38/36 34/36/34 
f 35/37/35 37/39/37 38/40/38 36/38/36 
f 37/39/37 39/41/39 40/42/40 38/40/38 
f 39/41/39 41/43/41 42/44/42 40/42/40 
f 41/43/41 43/45/43 44/46/44 42/44/42 
f 43/45/43 45/47/45 46/48/46 44/46/44 
f 45/47/45 47/49/47 48/50/48 46/48/46 
f 47/49/47 49/51/49 50/52/50 48/50/48 
f 49/51/49 51/53/51 52/54/52 50/52/50 
f 51/53/51 53/55/53 54/56/54 52/54/52 
f 53/55/53 55/57/55 56/58/56 54/56/54 
f 55/57/55 57/59/57 58/60/58 56/58/56 
f 57/59/57 59/61/59 60/62/60 58/60/58 
f 59/61/59 61/63/61 62/64/62 60/62/60 
f 61/63/61 63/65/63 64/66/64 62/64/62 
f 63/65/63 65/67/65 66/68/66 64/66/64 
f 65/67/65 67/69/67 68/70/68 66/68/66 
f 67/69/67 69/71/69 70/72/70 68/70/68 
f 69/71/69 71/73/71 72/74/72 70/72/70 
f 71/73/71 4/4/4 3/3/3 72/74/72 
s 2
f 73/75/73 74/76/73 75/77/73 76/78/73 
s 1
f 77/79/74 78/80/74 79/81/74 80/82/74 
s 2
f 1/83/73 4/84/73 81/85/73 82/86/73 
f 4/84/73 71/87/73 83/88/73 81/85/73 
f 71/87/73 69/89/73 84/90/73 83/88/73 
f 69/89/73 67/91/73 85/92/73 84/90/73 
f 67/91/73 65/93/73 86/94/73 85/92/73 
f 65/93/73 63/95/73 87/96/73 86/94/73 
f 63/95/73 61/97/73 88/98/73 87/96/73 
f 61/97/73 59/99/73 89/100/73 88/98/73 
f 59/99/73 57/101/73 90/102/73 89/100/73 
f 57/101/73 55/103/73 91/104/73 90/102/73 
f 55/103/73 53/105/73 92/106/73 91/104/73 
f 53/105/73 51/107/73 93/108/73 92/106/73 
f 51/107/73 49/109/73 94/110/73 93/108/73 
f 49/109/73 47/111/73 95/112/73 94/110/73 
f 47/111/73 45/113/73 96/114/73 95/112/73 
f 45/113/73 43/115/73 97/116/73 96/114/73 
f 43/115/73 41/117/73 98/118/73 97/116/73 
f 41/117/73 39/119/73 99/120/73 98/118/73 
f 39/119/73 37/121/73 100/122/73 99/120/73 
f 37/121/73 35/123/73 101/124/73 100/122/73 
f 35/123/73 33/125/73 102/126/73 101/124/73 
f 33/125/73 31/127/73 103/128/73 102/126/73 
f 31/127/73 29/129/73 104/130/73 103/128/73 
f 29/129/73 27/131/73 105/132/73 104/130/73 
f 27/131/73 25/133/73 106/134/73 105/132/73 
f 25/133/73 23/135/73 107/136/73 106/134/73 
f 23/135/73 21/137/73 108/138/73 107/136/73 
f 21/137/73 19/139/73 109/140/73 108/138/73 
f 19/139/73 17/141/73 74/76/73 109/140/73 
f 17/141/73 15/142/73 75/77/73 74/76/73 
f 15/142/73 13/143/73 76/78/73 75/77/73 
f 13/143/73 11/144/73 110/145/73 76/78/73 
f 11/144/73 9/146/73 111/147/73 110/145/73 
f 9/146/73 7/148/73 112/149/73 111/147/73 
f 7/148/73 5/150/73 113/151/73 112/149/73 
f 5/150/73 1/83/73 82/86/73 113/151/73 
f 109/140/73 74/76/73 73/75/73 108/138/73 
f 111/147/73 114/152/73 115/153/73 110/145/73 
f 114/152/73 106/134/73 107/136/73 115/153/73 
f 108/138/73 73/75/73 115/153/73 107/136/73 
f 115/153/73 73/75/73 76/78/73 110/145/73 
f 113/151/73 116/154/73 117/155/73 112/149/73 
f 116/154/73 104/130/73 105/132/73 117/155/73 
f 106/134/73 114/152/73 117/155/73 105/132/73 
f 117/155/73 114/152/73 111/147/73 112/149/73 
f 81/85/73 118/156/73 119/157/73 82/86/73 
f 118/156/73 102/126/73 103/128/73 119/157/73 
f 104/130/73 116/154/73 119/157/73 103/128/73 
f 119/157/73 116/154/73 113/151/73 82/86/73 
f 84/90/73 120/158/73 121/159/73 83/88/73 
f 121/159/73 120/158/73 100/122/73 101/124/73 
f 102/126/73 118/156/73 121/159/73 101/124/73 
f 121/159/73 118/156/73 81/85/73 83/88/73 
f 86/94/73 122/160/73 123/161/73 85/92/73 
f 123/161/73 122/160/73 98/118/73 99/120/73 
f 99/120/73 100/122/73 120/158/73 123/161/73 
f 120/158/73 84/90/73 85/92/73 123/161/73 
f 88/98/73 124/162/73 125/163/73 87/96/73 
f 125/163/73 124/162/73 96/114/73 97/116/73 
f 97/116/73 98/118/73 122/160/73 125/163/73 
f 122/160/73 86/94/73 87/96/73 125/163/73 
f 90/102/73 126/164/73 127/165/73 89/100/73 
f 127/165/73 126/164/73 94/110/73 95/112/73 
f 95/112/73 96/114/73 124/162/73 127/165/73 
f 124/162/73 88/98/73 89/100/73 127/165/73 
f 91/104/73 92/106/73 126/164/73 90/102/73 
f 126/164/73 92/106/73 93/108/73 94/110/73 
s 1
f 128/166/75 129/167/76 130/168/74 131/169/74 
f 129/167/76 132/170/77 133/171/74 130/168/74 
f 132/170/77 134/172/78 135/173/74 133/171/74 
f 134/172/78 136/174/79 137/175/74 135/173/74 
f 136/174/79 138/176/80 139/177/74 137/175/74 
f 138/176/80 140/178/81 141/179/74 139/177/74 
f 140/178/81 142/180/82 143/181/74 141/179/74 
f 142/180/82 144/182/83 145/183/74 143/181/74 
f 144/182/83 146/184/84 147/185/74 145/183/74 
f 146/184/84 148/186/85 149/187/74 147/185/74 
f 148/186/85 150/188/86 151/189/74 149/187/74 
f 150/188/86 152/190/87 153/191/74 151/189/74 
f 152/190/87 154/192/88 155/193/74 153/191/74 
f 154/192/88 156/194/89 157/195/74 155/193/74 
f 156/194/89 158/196/90 159/197/74 157/195/74 
f 158/196/90 160/198/91 161/199/74 159/197/74 
f 160/198/91 162/200/92 163/201/74 161/199/74 
f 162/200/92 164/202/93 165/203/74 163/201/74 
f 164/202/93 166/204/94 167/205/74 165/203/74 
f 166/204/94 168/206/95 169/207/74 167/205/74 
f 168/206/95 170/208/96 80/82/74 169/207/74 
f 170/208/96 171/209/97 77/79/74 80/82/74 
f 171/209/97 172/210/98 78/80/74 77/79/74 
f 172/210/98 173/211/99 174/212/74 78/80/74 
f 173/211/99 175/213/100 176/214/74 174/212/74 
f 175/213/100 177/215/101 178/216/74 176/214/74 
f 177/215/101 179/217/102 180/218/74 178/216/74 
f 179/217/102 181/219/103 182/220/74 180/218/74 
f 181/219/103 183/221/104 184/222/74 182/220/74 
f 183/221/104 185/223/105 186/224/74 184/222/74 
f 185/223/105 187/225/106 188/226/74 186/224/74 
f 187/225/106 189/227/107 190/228/74 188/226/74 
f 189/227/107 191/229/108 192/230/74 190/228/74 
f 191/229/108 193/231/109 194/232/74 192/230/74 
f 193/231/109 195/233/110 196/234/74 194/232/74 
f 195/233/110 128/166/75 131/169/74 196/234/74 
f 197/235/111 129/167/76 128/166/75 198/236/112 
f 199/237/113 132/170/77 129/167/76 197/235/111 
f 200/238/114 134/172/78 132/170/77 199/237/113 
f 201/239/115 136/174/79 134/172/78 200/238/114 
f 202/240/116 138/176/80 136/174/79 201/239/115 
f 203/241/117 140/178/81 138/176/80 202/240/116 
f 204/242/118 142/180/82 140/178/81 203/241/117 
f 205/243/119 144/182/83 142/180/82 204/242/118 
f 206/244/120 146/184/84 144/182/83 205/243/119 
f 207/245/121 148/186/85 146/184/84 206/244/120 
f 208/246/122 150/188/86 148/186/85 207/245/121 
f 209/247/123 152/190/87 150/188/86 208/246/122 
f 210/248/124 154/192/88 152/190/87 209/247/123 
f 211/249/125 156/194/89 154/192/88 210/248/124 
f 212/250/126 158/196/90 156/194/89 211/249/125 
f 213/251/127 160/198/91 158/196/90 212/250/126 
f 214/252/128 162/200/92 160/198/91 213/251/127 
f 215/253/129 164/202/93 162/200/92 214/252/128 
f 216/254/130 166/204/94 164/202/93 215/253/129 
f 217/255/131 168/206/95 166/204/94 216/254/130 
f 218/256/132 170/208/96 168/206/95 217/255/131 
f 219/257/133 171/209/97 170/208/96 218/256/132 
f 220/258/134 172/210/98 171/209/97 219/257/133 
f 221/259/135 173/211/99 172/210/98 220/258/134 
f 222/260/136 175/213/100 173/211/99 221/259/135 
f 223/261/137 177/215/101 175/213/100 222/260/136 
f 224/262/138 179/217/102 177/215/101 223/261/137 
f 225/263/139 181/219/103 179/217/102 224/262/138 
f 226/264/140 183/221/104 181/219/103 225/263/139 
f 227/265/141 185/223/105 183/221/104 226/264/140 
f 228/266/142 187/225/106 185/223/105 227/265/141 
f 229/267/143 189/227/107 187/225/106 228/266/142 
f 230/268/144 191/229/108 189/227/107 229/267/143 
f 231/269/145 193/231/109 191/229/108 230/268/144 
f 232/270/146 195/233/110 193/231/109 231/269/145 
f 198/236/112 128/166/75 195/233/110 232/270/146 
s 2
f 233/271/147 197/272/147 198/273/148 234/274/148 
s 1
f 2/2/2 233/271/149 234/274/150 3/3/3 
s 2
f 235/275/151 199/276/151 197/272/147 233/271/147 
s 1
f 6/6/6 235/275/152 233/271/149 2/2/2 
s 2
f 236/277/153 200/278/153 199/276/151 235/275/151 
s 1
f 8/8/8 236/277/154 235/275/152 6/6/6 
s 2
f 237/279/155 201/280/155 200/278/153 236/277/153 
s 1
f 10/10/10 237/279/156 236/277/154 8/8/8 
s 2
f 238/281/157 202/282/157 201/280/155 237/279/155 
s 1
f 12/12/12 238/281/158 237/279/156 10/10/10 
s 2
f 239/283/159 203/284/159 202/282/157 238/281/157 
s 1
f 14/14/14 239/283/160 238/281/158 12/12/12 
s 2
f 240/285/161 204/286/161 203/284/159 239/283/159 
s 1
f 16/16/16 240/285/162 239/283/160 14/14/14 
s 2
f 241/287/163 205/288/163 204/286/161 240/285/161 
s 1
f 18/18/18 241/287/164 240/285/162 16/16/16 
s 2
f 242/289/165 206/290/165 205/288/163 241/287/163 
s 1
f 20/20/20 242/289/166 241/287/164 18/18/18 
s 2
f 243/291/167 207/292/167 206/293/165 242/294/165 
s 1
f 22/23/22 243/291/168 242/294/166 20/24/20 
s 2
f 244/295/169 208/296/169 207/292/167 243/291/167 
s 1
f 24/26/24 244/295/170 243/291/168 22/23/22 
s 2
f 245/297/171 209/298/171 208/296/169 244/295/169 
s 1
f 26/28/26 245/297/172 244/295/170 24/26/24 
s 2
f 246/299/173 210/300/173 209/298/171 245/297/171 
s 1
f 28/30/28 246/299/174 245/297/172 26/28/26 
s 2
f 247/301/175 211/302/175 210/300/173 246/299/173 
s 1
f 30/32/30 247/301/176 246/299/174 28/30/28 
s 2
f 248/303/177 212/304/177 211/302/175 247/301/175 
s 1
f 32/34/32 248/303/178 247/301/176 30/32/30 
s 2
f 249/305/179 213/306/179 212/304/177 248/303/177 
s 1
f 34/36/34 249/305/180 248/303/178 32/34/32 
s 2
f 250/307/181 214/308/181 213/306/179 249/305/179 
s 1
f 36/38/36 250/307/182 249/305/180 34/36/34 
s 2
f 251/309/183 215/310/183 214/308/181 250/307/181 
s 1
f 38/40/38 251/309/184 250/307/182 36/38/36 
s 2
f 252/311/185 216/312/185 215/310/183 251/309/183 
s 1
f 40/42/40 252/311/186 251/309/184 38/40/38 
s 2
f 253/313/187 217/314/187 216/312/185 252/311/185 
s 1
f 42/44/42 253/313/188 252/311/186 40/42/40 
s 2
f 254/315/189 218/316/189 217/314/187 253/313/187 
s 1
f 44/46/44 254/315/190 253/313/188 42/44/42 
s 2
f 255/317/191 219/318/191 218/316/189 254/315/189 
s 1
f 46/48/46 255/317/192 254/315/190 44/46/44 
s 2
f 256/319/193 220/320/193 219/318/191 255/317/191 
s 1
f 48/50/48 256/319/194 255/317/192 46/48/46 
s 2
f 257/321/195 221/322/195 220/320/193 256/319/193 
s 1
f 50/52/50 257/321/196 256/319/194 48/50/48 
s 2
f 258/323/197 222/324/197 221/322/195 257/321/195 
s 1
f 52/54/52 258/323/198 257/321/196 50/52/50 
s 2
f 259/325/199 223/326/199 222/324/197 258/323/197 
s 1
f 54/56/54 259/325/200 258/323/198 52/54/52 
s 2
f 260/327/201 224/328/201 223/326/199 259/325/199 
s 1
f 56/58/56 260/327/202 259/325/200 54/56/54 
s 2
f 261/329/203 225/330/203 224/328/201 260/327/201 
s 1
f 58/60/58 261/329/204 260/327/202 56/58/56 
s 2
f 262/331/205 226/332/205 225/330/203 261/329/203 
s 1
f 60/62/60 262/331/206 261/329/204 58/60/58 
s 2
f 263/333/207 227/334/207 226/332/205 262/331/205 
s 1
f 62/64/62 263/333/208 262/331/206 60/62/60 
s 2
f 264/335/209 228/336/209 227/334/207 263/333/207 
s 1
f 64/66/64 264/335/210 263/333/208 62/64/62 
s 2
f 265/337/211 229/338/211 228/336/209 264/335/209 
s 1
f 66/68/66 265/337/212 264/335/210 64/66/64 
s 2
f 266/339/213 230/340/213 229/338/211 265/337/211 
s 1
f 68/70/68 266/339/214 265/337/212 66/68/66 
s 2
f 267/341/215 231/342/215 230/340/213 266/339/213 
s 1
f 70/72/70 267/341/216 266/339/214 68/70/68 
s 2
f 268/343/217 232/344/217 231/342/215 267/341/215 
s 1
f 72/74/72 268/343/218 267/341/216 70/72/70 
s 2
f 234/274/148 198/273/148 232/344/217 268/343/217 
s 1
f 3/3/3 234/274/150 268/343/218 72/74/72 
f 174/212/74 176/214/74 79/81/74 78/80/74 
f 180/218/74 269/345/74 270/346/74 178/216/74 
f 269/345/74 167/205/74 169/207/74 270/346/74 
f 80/82/74 79/81/74 270/346/74 169/207/74 
f 270/346/74 79/81/74 176/214/74 178/216/74 
f 184/222/74 271/347/74 272/348/74 182/220/74 
f 271/347/74 163/201/74 165/203/74 272/348/74 
f 167/205/74 269/345/74 272/348/74 165/203/74 
f 272/348/74 269/345/74 180/218/74 182/220/74 
f 188/226/74 273/349/74 274/350/74 186/224/74 
f 273/349/74 159/197/74 161/199/74 274/350/74 
f 163/201/74 271/347/74 274/350/74 161/199/74 
f 274/350/74 271/347/74 184/222/74 186/224/74 
f 192/230/74 275/351/74 276/352/74 190/228/74 
f 276/352/74 275/351/74 155/193/74 157/195/74 
f 159/197/74 273/349/74 276/352/74 157/195/74 
f 276/352/74 273/349/74 188/226/74 190/228/74 
f 196/234/74 277/353/74 278/354/74 194/232/74 
f 278/354/74 277/353/74 151/189/74 153/191/74 
f 153/191/74 155/193/74 275/351/74 278/354/74 
f 275/351/74 192/230/74 194/232/74 278/354/74 
f 130/168/74 279/355/74 280/356/74 131/169/74 
f 280/356/74 279/355/74 147/185/74 149/187/74 
f 149/187/74 151/189/74 277/353/74 280/356/74 
f 277/353/74 196/234/74 131/169/74 280/356/74 
f 135/173/74 281/357/74 282/358/74 133/171/74 
f 282/358/74 281/357/74 143/181/74 145/183/74 
f 145/183/74 147/185/74 279/355/74 282/358/74 
f 279/355/74 130/168/74 133/171/74 282/358/74 
f 137/175/74 139/177/74 281/357/74 135/173/74 
f 281/357/74 139/177/74 141/179/74 143/181/74 
f 283/359/73 284/360/73 285/361/73 286/362/73 
f 287/363/74 288/364/74 289/365/74 290/366/74 
f 291/367/219 292/368/219 293/369/219 294/370/219 
f 295/371/220 296/372/220 297/373/220 298/374/220 
f 299/375/19 300/376/19 301/377/19 302/378/19 
f 303/379/37 304/380/37 305/381/37 306/382/37 
s 2
f 291/383/221 304/384/221 283/359/221 
f 286/362/222 295/385/222 292/386/222 
f 303/387/223 300/388/223 284/360/223 
f 285/361/224 299/389/224 296/390/224 
f 294/391/225 287/363/225 305/392/225 
f 298/393/226 288/364/226 293/394/226 
f 306/395/227 290/366/227 301/396/227 
f 302/397/228 289/365/228 297/398/228 
s 4
f 283/359/229 304/384/229 303/387/229 284/360/229 
s 8
f 284/360/230 300/388/230 299/389/230 285/361/230 
s 4
f 285/361/231 296/390/231 295/385/231 286/362/231 
s 8
f 286/362/232 292/386/232 291/383/232 283/359/232 
s 4
f 287/363/233 294/391/233 293/394/233 288/364/233 
s 8
f 288/364/234 298/393/234 297/398/234 289/365/234 
s 4
f 289/365/165 302/397/165 301/396/165 290/366/165 
s 8
f 290/366/183 306/395/183 305/392/183 287/363/183 
s 16
f 292/399/235 295/371/235 298/374/235 293/400/235 
f 294/401/236 305/381/236 304/380/236 291/402/236 
f 296/372/237 299/403/237 302/404/237 297/373/237 
f 300/405/238 303/379/238 306/382/238 301/406/238 
s 1
f 307/407/73 308/408/73 309/409/73 310/410/73 
f 311/411/74 312/412/74 313/413/74 314/414/74 
f 315/415/37 316/416/37 317/417/37 318/418/37 
f 319/419/219 320/420/219 321/421/219 322/422/219 
f 323/423/4 324/424/4 325/425/4 326/426/4 
f 327/427/19 328/428/19 329/429/19 330/430/19 
s 2
f 315/431/239 328/432/239 307/407/239 
f 310/410/240 319/433/240 316/434/240 
f 327/435/241 324/436/241 308/408/241 
f 309/409/242 323/437/242 320/438/242 
f 318/439/243 311/411/243 329/440/243 
f 322/441/244 312/412/244 317/442/244 
f 330/443/245 314/414/245 325/444/245 
f 326/445/246 313/413/246 321/446/246 
s 4
f 307/407/230 328/432/230 327/435/230 308/408/230 
s 8
f 308/408/247 324/436/247 323/437/247 309/409/247 
s 4
f 309/409/232 320/438/232 319/433/232 310/410/232 
s 8
f 310/410/229 316/434/229 315/431/229 307/407/229 
s 4
f 311/411/183 318/439/183 317/442/183 312/412/183 
s 8
f 312/412/233 322/441/233 321/446/233 313/413/233 
s 4
f 313/413/148 326/445/148 325/444/148 314/414/148 
s 8
f 314/414/165 330/443/165 329/440/165 311/411/165 
s 16
f 316/447/236 319/419/236 322/422/236 317/448/236 
f 318/449/238 329/429/238 328/428/238 315/450/238 
f 320/420/235 323/451/235 326/452/235 321/421/235 
f 324/453/237 327/427/237 330/430/237 325/454/237 
s 1
f 331/455/73 332/456/73 333/457/73 334/458/73 
f 335/459/74 336/460/74 337/461/74 338/462/74 
f 339/463/248 340/464/248 341/465/248 342/466/248 
f 343/467/249 344/468/249 345/469/249 346/470/250 
f 347/471/251 348/472/251 349/473/251 350/474/251 
f 351/475/252 352/476/252 353/477/252 354/478/252 
s 2
f 339/479/253 352/480/253 331/455/253 
f 334/458/254 343/481/254 340/482/254 
f 351/483/255 348/484/255 332/456/255 
f 333/457/256 347/485/256 344/486/256 
f 342/487/257 335/459/257 353/488/257 
f 346/489/258 336/460/258 341/490/258 
f 354/491/259 338/462/259 349/492/259 
f 350/493/260 337/461/260 345/494/260 
s 4
f 331/455/261 352/480/261 351/483/261 332/456/261 
s 8
f 332/456/262 348/484/262 347/485/262 333/457/262 
s 4
f 333/457/263 344/486/263 343/481/263 334/458/263 
s 8
f 334/458/264 340/482/264 339/479/264 331/455/264 
s 4
f 335/459/265 342/487/265 341/490/265 336/460/265 
s 8
f 336/460/266 346/489/266 345/494/267 337/461/267 
s 4
f 337/461/268 350/493/268 349/492/268 338/462/268 
s 8
f 338/462/269 354/491/269 353/488/269 335/459/269 
s 16
f 340/495/270 343/467/271 346/470/270 341/496/270 
f 342/497/272 353/477/272 352/476/272 339/498/273 
f 344/468/274 347/499/275 350/500/274 345/469/274 
f 348/501/276 351/475/276 354/478/276 349/502/276 
s 1
f 355/503/73 356/504/73 357/505/73 358/506/73 
f 359/507/74 360/508/74 361/509/74 362/510/74 
f 363/511/277 364/512/277 365/513/277 366/514/278 
f 367/515/279 368/516/279 369/517/279 370/518/279 
f 371/519/280 372/520/280 373/521/280 374/522/281 
f 375/523/282 376/524/282 377/525/282 378/526/282 
s 2
f 363/527/283 376/528/283 355/503/283 
f 358/506/284 367/529/284 364/530/284 
f 375/531/285 372/532/285 356/504/285 
f 357/505/286 371/533/286 368/534/286 
f 366/535/287 359/507/287 377/536/287 
f 370/537/288 360/508/288 365/538/288 
f 378/539/289 362/510/289 373/540/289 
f 374/541/290 361/509/290 369/542/290 
s 4
f 355/503/291 376/528/291 375/531/291 356/504/291 
s 8
f 356/504/292 372/532/292 371/533/292 357/505/292 
s 4
f 357/505/293 368/534/293 367/529/293 358/506/293 
s 8
f 358/506/294 364/530/294 363/527/294 355/503/294 
s 4
f 359/507/295 366/535/295 365/538/295 360/508/295 
s 8
f 360/508/296 370/537/296 369/542/297 361/509/297 
s 4
f 361/509/298 374/541/298 373/540/298 362/510/298 
s 8
f 362/510/299 378/539/299 377/536/299 359/507/299 
s 16
f 364/543/300 367/515/301 370/518/300 365/544/300 
f 366/545/302 377/525/302 376/524/302 363/546/303 
f 368/516/304 371/547/304 374/548/305 369/517/305 
f 372/549/306 375/523/306 378/526/307 373/550/307 
s 1
f 379/551/73 380/552/73 381/553/73 382/554/73 
f 383/555/74 384/556/74 385/557/74 386/558/74 
f 387/559/219 388/560/219 389/561/219 390/562/219 
s 2
f 388/563/220 391/564/220 392/565/220 389/566/220 
s 1
f 391/564/19 393/567/19 394/568/19 392/565/19 
s 2
f 393/569/37 387/559/37 390/562/37 394/570/37 
s 4
f 379/551/229 387/571/229 393/572/229 380/552/229 
s 8
f 380/552/230 393/572/230 391/573/230 381/553/230 
s 4
f 381/553/231 391/573/231 388/574/231 382/554/231 
s 8
f 382/554/232 388/574/232 387/571/232 379/551/232 
s 4
f 383/555/233 390/575/233 389/576/233 384/556/233 
s 8
f 384/556/234 389/576/234 392/577/234 385/557/234 
s 4
f 385/557/165 392/577/165 394/578/165 386/558/165 
s 8
f 386/558/183 394/578/183 390/575/183 383/555/183 
s 1
f 395/579/73 396/580/73 397/581/73 398/582/73 
f 399/583/74 400/584/74 401/585/74 402/586/74 
f 403/587/219 404/588/219 405/589/219 406/590/219 
f 407/591/220 408/592/220 409/593/220 410/594/220 
f 411/595/19 412/596/19 413/597/19 414/598/19 
f 415/599/37 416/600/37 417/601/37 418/602/37 
s 2
f 403/603/308 416/604/308 395/579/308 
f 398/582/309 407/605/309 404/606/309 
f 415/607/310 412/608/310 396/580/310 
f 397/581/311 411/609/311 408/610/311 
f 406/611/312 399/583/312 417/612/312 
f 410/613/313 400/584/313 405/614/313 
f 418/615/314 402/586/314 413/616/314 
f 414/617/315 401/585/315 409/618/315 
s 4
f 395/579/316 416/604/316 415/607/316 396/580/316 
s 8
f 396/580/230 412/608/230 411/609/230 397/581/230 
s 4
f 397/581/317 408/610/317 407/605/317 398/582/317 
s 8
f 398/582/232 404/606/232 403/603/232 395/579/232 
s 4
f 399/583/233 406/611/233 405/614/233 400/584/233 
s 8
f 400/584/318 410/613/318 409/618/318 401/585/318 
s 4
f 401/585/165 414/617/165 413/616/165 402/586/165 
s 8
f 402/586/319 418/615/319 417/612/319 399/583/319 
s 16
f 404/619/320 407/591/320 410/594/320 405/620/320 
f 406/621/321 417/601/321 416/600/321 403/622/321 
f 408/592/322 411/623/322 414/624/322 409/593/322 
f 412/625/323 415/599/323 418/602/323 413/626/323 
s 1
f 419/627/324 420/628/325 421/629/326 422/630/327 
f 423/631/328 419/627/324 422/630/327 424/632/329 
f 425/633/330 423/631/328 424/632/329 426/634/331 
f 427/635/332 425/633/330 426/634/331 428/636/333 
f 429/637/334 427/635/332 428/636/333 430/638/335 
f 431/639/336 429/637/334 430/638/335 432/640/337 
f 433/641/338 434/642/339 420/628/325 419/627/324 
f 435/643/340 433/641/338 419/627/324 423/631/328 
f 436/644/341 435/643/340 423/631/328 425/633/330 
f 437/645/342 436/644/341 425/633/330 427/635/332 
f 438/646/343 437/645/342 427/635/332 429/637/334 
f 439/647/344 438/646/343 429/637/334 431/639/336 
f 440/648/345 441/649/346 434/642/339 433/641/338 
f 442/650/347 440/648/345 433/641/338 435/643/340 
f 443/651/220 442/650/347 435/643/340 436/644/341 
f 444/652/348 443/651/220 436/644/341 437/645/342 
f 445/653/349 444/652/348 437/645/342 438/646/343 
f 446/654/350 445/653/349 438/646/343 439/647/344 
f 447/655/351 448/656/352 441/649/346 440/648/345 
f 449/657/353 447/655/351 440/648/345 442/650/347 
f 450/658/354 449/657/353 442/650/347 443/651/220 
f 451/659/355 450/658/354 443/651/220 444/652/348 
f 452/660/356 451/659/355 444/652/348 445/653/349 
f 453/661/357 452/660/356 445/653/349 446/654/350 
f 454/662/358 455/663/359 448/656/352 447/655/351 
f 456/664/360 454/662/358 447/655/351 449/657/353 
f 457/665/361 456/664/360 449/657/353 450/658/354 
f 458/666/362 457/665/361 450/658/354 451/659/355 
f 459/667/363 458/666/362 451/659/355 452/660/356 
f 460/668/364 459/667/363 452/660/356 453/661/357 
f 461/669/365 462/670/366 455/663/359 454/662/358 
f 463/671/367 461/669/365 454/662/358 456/664/360 
f 464/672/368 463/671/367 456/664/360 457/665/361 
f 465/673/369 464/672/368 457/665/361 458/666/362 
f 466/674/370 465/673/369 458/666/362 459/667/363 
f 467/675/371 466/674/370 459/667/363 460/668/364 
f 468/676/372 469/677/373 470/678/374 471/679/375 
f 472/680/376 468/676/372 471/679/375 473/681/377 
f 474/682/378 472/680/376 473/681/377 475/683/379 
f 476/684/380 474/682/378 475/683/379 477/685/381 
f 478/686/382 476/684/380 477/685/381 479/687/383 
f 480/688/384 478/686/382 479/687/383 481/689/385 
f 482/690/386 483/691/387 469/677/373 468/676/372 
f 484/692/388 482/690/386 468/676/372 472/680/376 
f 485/693/389 484/692/388 472/680/376 474/682/378 
f 486/694/390 485/693/389 474/682/378 476/684/380 
f 487/695/391 486/694/390 476/684/380 478/686/382 
f 488/696/392 487/695/391 478/686/382 480/688/384 
f 422/630/327 421/629/326 483/691/387 482/690/386 
f 424/632/329 422/630/327 482/690/386 484/692/388 
f 426/634/331 424/632/329 484/692/388 485/693/389 
f 428/636/333 426/634/331 485/693/389 486/694/390 
f 430/638/335 428/636/333 486/694/390 487/695/391 
f 432/640/337 430/638/335 487/695/391 488/696/392 
f 489/697/393 480/688/384 481/689/385 490/698/394 
f 491/699/395 489/697/393 490/698/394 492/700/396 
f 493/701/397 491/699/395 492/700/396 494/702/398 
f 495/703/399 493/701/397 494/702/398 496/704/400 
f 497/705/401 495/703/399 496/704/400 498/706/402 
f 499/707/403 497/705/401 498/706/402 500/708/404 
f 501/709/405 488/696/392 480/688/384 489/697/393 
f 502/710/406 501/709/405 489/697/393 491/699/395 
f 503/711/407 502/710/406 491/699/395 493/701/397 
f 504/712/408 503/711/407 493/701/397 495/703/399 
f 505/713/409 504/712/408 495/703/399 497/705/401 
f 506/714/410 505/713/409 497/705/401 499/707/403 
f 431/639/336 432/640/337 488/696/392 501/709/405 
f 439/647/344 431/639/336 501/709/405 502/710/406 
f 446/654/350 439/647/344 502/710/406 503/711/407 
f 453/661/357 446/654/350 503/711/407 504/712/408 
f 460/668/364 453/661/357 504/712/408 505/713/409 
f 467/675/371 460/668/364 505/713/409 506/714/410 
f 507/715/411 499/707/403 500/708/404 508/716/412 
f 509/717/413 507/715/411 508/716/412 510/718/414 
f 511/719/415 509/717/413 510/718/414 512/720/416 
f 513/721/417 511/719/415 512/720/416 514/722/418 
f 515/723/419 513/721/417 514/722/418 516/724/420 
f 517/725/421 515/723/419 516/724/420 518/726/422 
f 519/727/423 506/714/410 499/707/403 507/715/411 
f 520/728/424 519/727/423 507/715/411 509/717/413 
f 521/729/425 520/728/424 509/717/413 511/719/415 
f 522/730/426 521/729/425 511/719/415 513/721/417 
f 523/731/427 522/730/426 513/721/417 515/723/419 
f 524/732/428 523/731/427 515/723/419 517/725/421 
f 466/674/370 467/675/371 506/714/410 519/727/423 
f 465/673/369 466/674/370 519/727/423 520/728/424 
f 464/672/368 465/673/369 520/728/424 521/729/425 
f 463/671/367 464/672/368 521/729/425 522/730/426 
f 461/669/365 463/671/367 522/730/426 523/731/427 
f 462/670/366 461/669/365 523/731/427 524/732/428 
f 525/733/429 517/725/421 518/726/422 526/734/430 
f 527/735/431 525/733/429 526/734/430 528/736/432 
f 529/737/433 527/735/431 528/736/432 530/738/434 
f 531/739/435 529/737/433 530/738/434 532/740/436 
f 533/741/437 531/739/435 532/740/436 534/742/438 
f 469/677/373 533/741/437 534/742/438 470/678/374 
f 535/743/439 524/732/428 517/725/421 525/733/429 
f 536/744/440 535/743/439 525/733/429 527/735/431 
f 537/745/441 536/744/440 527/735/431 529/737/433 
f 538/746/442 537/745/441 529/737/433 531/739/435 
f 539/747/443 538/746/442 531/739/435 533/741/437 
f 483/691/387 539/747/443 533/741/437 469/677/373 
f 455/663/359 462/670/366 524/732/428 535/743/439 
f 448/656/352 455/663/359 535/743/439 536/744/440 
f 441/649/346 448/656/352 536/744/440 537/745/441 
f 434/642/339 441/649/346 537/745/441 538/746/442 
f 420/628/325 434/642/339 538/746/442 539/747/443 
f 421/629/326 420/628/325 539/747/443 483/691/387 
f 540/748/73 541/749/73 542/750/73 543/751/73 
f 544/752/74 545/753/74 546/754/74 547/755/74 
f 548/756/37 549/757/37 550/758/37 551/759/37 
f 552/760/219 553/761/219 554/762/219 555/763/219 
f 556/764/4 557/765/4 558/766/4 559/767/4 
f 560/768/19 561/769/19 562/770/19 563/771/19 
s 2
f 548/772/444 561/773/444 540/748/444 
f 543/751/445 552/774/445 549/775/445 
f 560/776/446 557/777/446 541/749/446 
f 542/750/447 556/778/447 553/779/447 
f 551/780/448 544/752/448 562/781/448 
f 555/782/449 545/753/449 550/783/449 
f 563/784/450 547/755/450 558/785/450 
f 559/786/451 546/754/451 554/787/451 
s 4
f 540/748/452 561/773/452 560/776/452 541/749/452 
s 8
f 541/749/247 557/777/247 556/778/247 542/750/247 
s 4
f 542/750/453 553/779/453 552/774/453 543/751/453 
s 8
f 543/751/229 549/775/229 548/772/229 540/748/229 
s 4
f 544/752/183 551/780/183 550/783/183 545/753/183 
s 8
f 545/753/454 555/782/454 554/787/454 546/754/454 
s 4
f 546/754/148 559/786/148 558/785/148 547/755/148 
s 8
f 547/755/455 563/784/455 562/781/455 544/752/455 
s 16
f 549/788/456 552/760/456 555/763/456 550/789/456 
f 551/759/457 562/770/457 561/769/457 548/756/457 
f 553/761/458 556/790/458 559/791/458 554/762/458 
f 557/765/459 560/768/459 563/771/459 558/766/459 
s 1
f 564/792/220 565/793/220 566/794/220 567/795/220 
f 568/796/460 569/797/37 570/798/461 571/799/460 
f 572/800/462 573/801/462 574/802/462 575/803/463 
f 576/804/464 577/805/464 578/806/464 579/807/465 
f 580/808/466 581/809/467 582/810/467 583/811/466 
f 584/812/468 585/813/468 586/814/468 587/815/468 
s 2
f 572/800/469 585/816/469 564/817/469 
f 567/818/470 576/819/470 573/801/470 
f 584/820/471 581/809/471 565/821/471 
f 566/822/472 580/808/472 577/823/472 
f 575/803/473 568/824/473 586/825/473 
f 579/826/474 569/827/474 574/802/474 
f 587/828/475 571/829/475 582/810/475 
f 583/811/476 570/830/476 578/831/476 
s 4
f 564/832/477 585/813/477 584/812/477 565/833/477 
s 8
f 565/821/478 581/809/478 580/808/479 566/822/479 
s 4
f 566/834/480 577/805/480 576/804/480 567/835/480 
s 8
f 567/818/481 573/801/481 572/800/481 564/817/481 
s 4
f 568/824/482 575/803/482 574/802/482 569/827/482 
s 8
f 569/836/483 579/807/483 578/806/483 570/837/483 
s 4
f 570/830/484 583/811/484 582/810/485 571/829/485 
s 8
f 571/838/486 587/815/486 586/814/486 568/839/486 
s 16
f 573/801/487 576/819/487 579/826/487 574/802/487 
f 575/803/488 586/825/488 585/816/488 572/800/488 
f 577/823/489 580/808/489 583/811/490 578/831/490 
f 581/809/491 584/820/491 587/828/492 582/810/492 
s 1
f 588/840/493 589/841/494 590/842/495 591/843/496 
f 592/844/497 593/845/498 594/846/499 595/847/500 
s 2
f 596/848/501 597/849/501 598/850/501 599/851/37 
f 600/852/502 601/853/73 602/854/503 603/855/504 
f 604/856/505 605/857/505 606/858/4 607/859/4 
f 608/860/506 609/861/507 610/862/508 611/863/509 
s 4
f 599/864/510 612/865/511 591/843/512 
f 613/866/513 603/867/514 614/868/515 
f 611/869/516 615/870/517 616/871/518 
f 617/872/519 607/873/520 618/874/521 
s 1
f 598/875/522 595/847/500 619/876/523 
f 602/877/524 620/878/525 621/879/526 
f 610/880/527 622/881/528 623/882/529 
f 606/883/530 624/884/531 625/885/532 
s 2
f 612/865/533 608/886/506 588/840/534 591/843/535 
s 1
f 615/870/536 626/887/537 627/888/538 616/871/539 
s 2
f 618/874/540 600/889/502 628/890/541 617/872/542 
s 1
f 614/868/543 629/891/544 630/892/545 613/866/546 
f 598/875/522 597/893/547 592/844/497 595/847/500 
f 602/877/524 601/894/548 631/895/549 620/878/525 
f 606/883/530 605/896/550 632/897/551 624/884/531 
f 610/880/527 609/898/552 594/846/499 622/881/528 
s 4
f 614/899/515 603/855/514 602/854/553 621/900/553 
f 598/850/554 619/901/554 612/902/511 599/851/510 
f 618/903/521 607/904/520 606/905/555 625/906/555 
f 615/907/517 611/908/516 610/909/556 623/910/556 
s 1
f 617/872/557 628/890/558 633/911/559 634/912/560 
f 620/878/525 631/895/549 635/913/561 636/914/562 
s 2
f 614/915/501 621/916/501 637/917/37 629/918/37 
f 615/907/505 623/910/505 638/919/4 626/920/4 
s 1
f 607/873/563 617/872/557 634/912/560 604/921/564 
f 599/864/565 591/843/496 590/842/495 596/922/566 
f 621/879/526 620/878/525 636/914/562 637/923/567 
f 623/882/529 622/881/528 639/924/568 638/925/569 
f 616/871/539 627/888/538 589/841/494 588/840/493 
f 639/924/568 622/881/528 594/846/499 593/845/498 
s 2
f 618/903/540 625/906/570 601/853/73 600/852/502 
f 612/926/533 619/927/571 609/861/507 608/860/506 
f 611/869/509 616/871/572 588/840/534 608/886/506 
f 603/867/504 613/866/573 628/890/541 600/889/502 
s 1
f 625/885/532 624/884/531 631/895/549 601/894/548 
f 619/876/523 595/847/500 594/846/499 609/898/552 
f 613/866/546 630/892/545 633/911/559 628/890/558 
f 624/884/531 632/897/551 635/913/561 631/895/549 
f 640/928/574 589/841/494 627/888/538 641/929/575 
f 642/930/576 593/845/498 592/844/497 643/931/577 
s 2
f 644/932/460 597/849/501 596/848/501 645/933/37 
f 646/934/505 605/857/505 604/856/505 647/935/505 
s 1
f 641/929/575 627/888/538 626/887/537 648/936/578 
f 649/937/579 630/892/545 629/891/544 650/938/580 
f 643/931/577 592/844/497 597/893/547 644/939/581 
f 651/940/582 632/897/551 605/896/550 646/941/583 
f 652/942/584 639/924/568 593/845/498 642/930/576 
f 653/943/585 590/842/495 589/841/494 640/928/574 
f 654/944/586 640/928/574 641/929/575 655/945/587 
f 656/946/588 654/944/586 655/945/587 657/947/589 
f 658/948/590 656/946/588 657/947/589 659/949/591 
f 633/911/559 658/948/590 659/949/591 634/912/560 
f 660/950/592 642/930/576 643/931/577 661/951/593 
f 662/952/594 660/950/592 661/951/593 663/953/595 
f 664/954/596 662/952/594 663/953/595 665/955/597 
f 635/913/561 664/954/596 665/955/597 636/914/562 
s 2
f 666/956/460 644/932/460 645/933/37 667/957/37 
f 668/958/37 666/956/460 667/957/37 669/959/460 
f 670/960/37 668/958/37 669/959/460 650/961/501 
f 637/917/37 670/960/37 650/961/501 629/918/37 
f 671/962/505 646/934/505 647/935/505 672/963/220 
f 673/964/598 671/962/505 672/963/220 674/965/598 
f 675/966/220 673/964/598 674/965/598 648/967/4 
f 638/919/4 675/966/220 648/967/4 626/920/4 
s 1
f 655/945/587 641/929/575 648/936/578 674/968/599 
f 657/947/589 655/945/587 674/968/599 672/969/600 
f 659/949/591 657/947/589 672/969/600 647/970/601 
f 634/912/560 659/949/591 647/970/601 604/921/564 
f 676/971/602 649/937/579 650/938/580 669/972/603 
f 677/973/604 676/971/602 669/972/603 667/974/605 
f 653/943/585 677/973/604 667/974/605 645/975/606 
f 590/842/495 653/943/585 645/975/606 596/922/566 
f 661/951/593 643/931/577 644/939/581 666/976/607 
f 663/953/595 661/951/593 666/976/607 668/977/608 
f 665/955/597 663/953/595 668/977/608 670/978/609 
f 636/914/562 665/955/597 670/978/609 637/923/567 
f 678/979/610 651/940/582 646/941/583 671/980/611 
f 679/981/612 678/979/610 671/980/611 673/982/613 
f 652/942/584 679/981/612 673/982/613 675/983/614 
f 639/924/568 652/942/584 675/983/614 638/925/569 
f 679/981/612 652/942/584 642/930/576 660/950/592 
f 678/979/610 679/981/612 660/950/592 662/952/594 
f 651/940/582 678/979/610 662/952/594 664/954/596 
f 632/897/551 651/940/582 664/954/596 635/913/561 
f 677/973/604 653/943/585 640/928/574 654/944/586 
f 676/971/602 677/973/604 654/944/586 656/946/588 
f 649/937/579 676/971/602 656/946/588 658/948/590 
f 630/892/545 649/937/579 658/948/590 633/911/559 
f 680/984/615 681/985/616 682/986/19 683/987/617 
f 681/985/616 684/988/618 685/989/619 682/986/19 
f 682/986/19 685/989/619 686/990/620 687/991/621 
f 683/987/617 682/986/19 687/991/621 688/992/622 
f 689/993/623 690/994/624 691/995/625 692/996/626 
f 690/994/624 693/997/627 694/998/628 691/995/625 
f 691/995/625 694/998/628 695/999/629 696/1000/630 
f 692/996/626 691/995/625 696/1000/630 697/1001/631 
f 698/1002/632 699/1003/633 700/1004/634 701/1005/635 
f 699/1003/633 702/1006/636 703/1007/637 700/1004/634 
f 700/1008/634 703/1009/637 704/1010/638 705/1011/639 
f 701/1012/635 700/1013/634 705/1014/639 706/1015/640 
f 707/1016/641 708/1017/642 709/1018/643 710/1019/644 
f 708/1017/642 711/1020/645 712/1021/646 709/1018/643 
f 709/1022/643 712/1023/646 713/1024/647 714/1025/648 
f 710/1026/644 709/1022/643 714/1025/648 715/1027/649 
f 716/1028/650 717/1029/651 718/1030/652 719/1031/653 
f 717/1029/651 720/1032/654 721/1033/655 718/1030/652 
f 718/1034/652 721/1035/655 722/1036/656 723/1037/657 
f 719/1038/653 718/1034/652 723/1037/657 724/1039/658 
f 725/1040/659 726/1041/660 727/1042/661 728/1043/662 
f 726/1041/660 729/1044/663 730/1045/664 727/1042/661 
f 727/1046/661 730/1047/664 731/1048/665 732/1049/666 
f 728/1050/662 727/1046/661 732/1049/666 733/1051/667 
f 725/1040/659 734/1052/668 735/1053/669 736/1054/670 
f 734/1052/668 720/1032/654 717/1029/651 735/1053/669 
f 735/1053/669 717/1029/651 716/1028/650 737/1055/671 
f 736/1054/670 735/1053/669 737/1055/671 711/1020/645 
f 707/1016/641 738/1056/672 739/1057/673 740/1058/674 
f 738/1056/672 702/1006/636 699/1003/633 739/1057/673 
f 739/1057/673 699/1003/633 698/1002/632 741/1059/675 
f 740/1058/674 739/1057/673 741/1059/675 729/1044/663 
f 689/993/623 742/1060/676 743/1061/677 690/994/624 
f 742/1060/676 744/1062/678 745/1063/679 743/1061/677 
f 743/1061/677 745/1063/679 746/1064/680 747/1065/681 
f 690/994/624 743/1061/677 747/1065/681 693/997/627 
f 695/999/629 748/1066/682 749/1067/683 696/1000/630 
f 748/1066/682 750/1068/684 751/1069/685 749/1067/683 
f 749/1067/683 751/1069/685 752/1070/686 753/1071/687 
f 696/1000/630 749/1067/683 753/1071/687 697/1001/631 
f 702/1006/636 738/1056/672 754/1072/688 703/1007/637 
f 738/1056/672 707/1016/641 710/1019/644 754/1072/688 
f 754/1073/688 710/1026/644 715/1027/649 755/1074/689 
f 703/1009/637 754/1073/688 755/1074/689 704/1010/638 
f 744/1062/678 742/1060/676 756/1075/690 757/1076/691 
f 742/1060/676 689/993/623 758/1077/692 756/1075/690 
f 756/1078/690 758/1079/692 759/1080/693 760/1081/694 
f 757/1082/691 756/1078/690 760/1081/694 761/1083/695 
f 711/1020/645 737/1055/671 762/1084/696 712/1021/646 
f 737/1055/671 716/1028/650 719/1031/653 762/1084/696 
f 762/1085/696 719/1038/653 724/1039/658 763/1086/697 
f 712/1023/646 762/1085/696 763/1086/697 713/1024/647 
f 720/1032/654 734/1052/668 764/1087/698 721/1033/655 
f 734/1052/668 725/1040/659 728/1043/662 764/1087/698 
f 764/1088/698 728/1050/662 733/1051/667 765/1089/699 
f 721/1035/655 764/1088/698 765/1089/699 722/1036/656 
f 729/1044/663 726/1041/660 766/1090/700 767/1091/701 
f 726/1041/660 725/1040/659 768/1092/702 766/1090/700 
f 766/1090/700 768/1092/702 769/1093/19 770/1094/19 
f 767/1091/701 766/1090/700 770/1094/19 771/1095/19 
f 725/1040/659 736/1054/670 772/1096/703 768/1092/702 
f 736/1054/670 711/1020/645 773/1097/704 772/1096/703 
f 772/1096/703 773/1097/704 774/1098/19 775/1099/19 
f 768/1092/702 772/1096/703 775/1099/19 769/1093/19 
f 711/1020/645 708/1017/642 776/1100/705 773/1097/704 
f 708/1017/642 707/1016/641 777/1101/706 776/1100/705 
f 776/1100/705 777/1101/706 778/1102/19 779/1103/19 
f 773/1097/704 776/1100/705 779/1103/19 774/1098/19 
f 707/1016/641 740/1058/674 780/1104/707 777/1101/706 
f 740/1058/674 729/1044/663 767/1091/701 780/1104/707 
f 780/1104/707 767/1091/701 771/1095/19 781/1105/19 
f 777/1101/706 780/1104/707 781/1105/19 778/1102/19 
f 782/1106/708 783/1107/709 784/1108/710 785/1109/711 
f 783/1107/709 786/1110/712 787/1111/713 784/1108/710 
f 784/1108/710 787/1111/713 788/1112/714 789/1113/501 
f 785/1109/711 784/1108/710 789/1113/501 790/1114/715 
f 786/1110/712 791/1115/716 792/1116/717 787/1111/713 
f 791/1115/716 793/1117/718 794/1118/719 792/1116/717 
f 792/1116/717 794/1118/719 795/1119/720 796/1120/721 
f 787/1111/713 792/1116/717 796/1120/721 788/1112/714 
f 793/1117/718 797/1121/722 798/1122/723 794/1118/719 
f 797/1121/722 799/1123/724 800/1124/725 798/1122/723 
f 798/1122/723 800/1124/725 801/1125/726 802/1126/505 
f 794/1118/719 798/1122/723 802/1126/505 795/1119/720 
f 799/1123/724 803/1127/727 804/1128/728 800/1124/725 
f 803/1129/727 782/1106/708 785/1109/711 804/1130/728 
f 804/1130/728 785/1109/711 790/1114/715 805/1131/73 
f 800/1124/725 804/1128/728 805/1132/73 801/1125/726 
f 806/1133/729 807/1134/730 808/1135/731 809/1136/732 
f 807/1137/730 746/1064/680 745/1063/679 808/1138/731 
f 808/1138/731 745/1063/679 744/1062/678 757/1076/691 
f 809/1139/732 808/1140/731 757/1082/691 761/1083/695 
f 810/1141/733 811/1142/734 812/1143/735 813/1144/736 
f 811/1145/734 695/999/629 694/998/628 812/1146/735 
f 812/1146/735 694/998/628 693/997/627 814/1147/737 
f 813/1144/736 812/1143/735 814/1148/737 815/1149/738 
f 816/1150/739 817/1151/740 818/1152/741 819/1153/742 
f 817/1154/740 752/1070/686 751/1069/685 818/1155/741 
f 818/1155/741 751/1069/685 750/1068/684 820/1156/743 
f 819/1153/742 818/1152/741 820/1157/743 821/1158/744 
f 759/1080/693 758/1079/692 822/1159/745 823/1160/746 
f 758/1077/692 689/993/623 692/996/626 822/1161/745 
f 822/1161/745 692/996/626 697/1001/631 824/1162/747 
f 823/1160/746 822/1159/745 824/1163/747 825/1164/748 
f 815/1149/738 814/1148/737 826/1165/749 827/1166/750 
f 814/1147/737 693/997/627 747/1065/681 826/1167/749 
f 826/1167/749 747/1065/681 746/1064/680 807/1137/730 
f 827/1166/750 826/1165/749 807/1134/730 806/1133/729 
f 759/1080/693 828/1168/751 829/1169/752 760/1081/694 
f 828/1168/751 731/1048/665 830/1170/753 829/1169/752 
f 829/1169/752 830/1170/753 706/1015/640 831/1171/754 
f 760/1081/694 829/1169/752 831/1171/754 761/1083/695 
f 821/1158/744 820/1157/743 832/1172/755 833/1173/756 
f 820/1156/743 750/1068/684 748/1066/682 832/1174/755 
f 832/1174/755 748/1066/682 695/999/629 811/1145/734 
f 833/1173/756 832/1172/755 811/1142/734 810/1141/733 
f 825/1164/748 824/1163/747 834/1175/757 835/1176/758 
f 824/1162/747 697/1001/631 753/1071/687 834/1177/757 
f 834/1177/757 753/1071/687 752/1070/686 817/1154/740 
f 835/1176/758 834/1175/757 817/1151/740 816/1150/739 
f 704/1010/638 836/1178/759 837/1179/760 705/1011/639 
f 836/1178/759 806/1133/729 809/1136/732 837/1179/760 
f 837/1180/760 809/1139/732 761/1083/695 831/1171/754 
f 705/1014/639 837/1180/760 831/1171/754 706/1015/640 
f 713/1024/647 838/1181/761 839/1182/762 714/1025/648 
f 838/1181/761 810/1141/733 813/1144/736 839/1182/762 
f 839/1182/762 813/1144/736 815/1149/738 840/1183/763 
f 714/1025/648 839/1182/762 840/1183/763 715/1027/649 
f 722/1036/656 841/1184/764 842/1185/765 723/1037/657 
f 841/1184/764 816/1150/739 819/1153/742 842/1185/765 
f 842/1185/765 819/1153/742 821/1158/744 843/1186/766 
f 723/1037/657 842/1185/765 843/1186/766 724/1039/658 
f 731/1048/665 828/1168/751 844/1187/767 732/1049/666 
f 828/1168/751 759/1080/693 823/1160/746 844/1187/767 
f 844/1187/767 823/1160/746 825/1164/748 845/1188/768 
f 732/1049/666 844/1187/767 845/1188/768 733/1051/667 
f 715/1027/649 840/1183/763 846/1189/769 755/1074/689 
f 840/1183/763 815/1149/738 827/1166/750 846/1189/769 
f 846/1189/769 827/1166/750 806/1133/729 836/1178/759 
f 755/1074/689 846/1189/769 836/1178/759 704/1010/638 
f 724/1039/658 843/1186/766 847/1190/770 763/1086/697 
f 843/1186/766 821/1158/744 833/1173/756 847/1190/770 
f 847/1190/770 833/1173/756 810/1141/733 838/1181/761 
f 763/1086/697 847/1190/770 838/1181/761 713/1024/647 
f 733/1051/667 845/1188/768 848/1191/771 765/1089/699 
f 845/1188/768 825/1164/748 835/1176/758 848/1191/771 
f 848/1191/771 835/1176/758 816/1150/739 841/1184/764 
f 765/1089/699 848/1191/771 841/1184/764 722/1036/656 
f 731/1048/665 730/1047/664 849/1192/772 830/1170/753 
f 730/1045/664 729/1044/663 741/1059/675 849/1193/772 
f 849/1193/772 741/1059/675 698/1002/632 701/1005/635 
f 830/1170/753 849/1192/772 701/1012/635 706/1015/640 
f 769/1093/19 850/1194/773 851/1195/774 770/1094/19 
f 850/1196/773 786/1110/712 783/1107/709 851/1107/774 
f 851/1107/774 783/1107/709 782/1106/708 852/1197/775 
f 770/1094/19 851/1195/774 852/1198/775 771/1095/19 
f 774/1098/19 853/1199/776 854/1200/777 775/1099/19 
f 853/1201/776 793/1117/718 791/1115/716 854/1202/777 
f 854/1202/777 791/1115/716 786/1110/712 850/1196/773 
f 775/1099/19 854/1200/777 850/1194/773 769/1093/19 
f 778/1102/19 855/1203/778 856/1204/779 779/1103/19 
f 855/1205/778 799/1123/724 797/1121/722 856/1121/779 
f 856/1121/779 797/1121/722 793/1117/718 853/1201/776 
f 779/1103/19 856/1204/779 853/1199/776 774/1098/19 
f 771/1095/19 852/1198/775 857/1206/780 781/1105/19 
f 852/1197/775 782/1106/708 803/1129/727 857/1207/780 
f 857/1208/780 803/1127/727 799/1123/724 855/1205/778 
f 781/1105/19 857/1206/780 855/1203/778 778/1102/19 
f 788/1112/714 858/1209/714 859/1210/460 789/1113/501 
f 858/1209/714 860/1211/781 861/1212/37 859/1210/460 
f 859/1210/460 861/1212/37 862/1213/715 863/1214/715 
f 789/1113/501 859/1210/460 863/1214/715 790/1114/715 
f 795/1119/720 864/1215/720 865/1216/721 796/1120/721 
f 864/1215/720 866/1217/720 867/1218/782 865/1216/721 
f 865/1216/721 867/1218/782 860/1211/781 858/1209/714 
f 796/1120/721 865/1216/721 858/1209/714 788/1112/714 
f 801/1125/726 868/1219/726 869/1220/598 802/1126/505 
f 868/1219/726 870/1221/726 871/1222/4 869/1220/598 
f 869/1220/598 871/1222/4 866/1217/720 864/1215/720 
f 802/1126/505 869/1220/598 864/1215/720 795/1119/720 
f 790/1114/715 863/1214/715 872/1223/783 805/1131/73 
f 863/1214/715 862/1213/715 873/1224/73 872/1223/783 
f 872/1225/783 873/1226/73 870/1221/726 868/1219/726 
f 805/1132/73 872/1225/783 868/1219/726 801/1125/726 
f 860/1211/781 874/1227/784 875/1228/785 861/1212/37 
f 874/1229/784 684/988/618 681/985/616 875/1230/785 
f 875/1230/785 681/985/616 680/984/615 876/1231/786 
f 861/1212/37 875/1228/785 876/1232/786 862/1213/715 
f 866/1217/720 877/1233/787 878/1234/788 867/1218/782 
f 877/1235/787 686/990/620 685/989/619 878/1236/788 
f 878/1236/788 685/989/619 684/988/618 874/1229/784 
f 867/1218/782 878/1234/788 874/1227/784 860/1211/781 
f 870/1221/726 879/1237/789 880/1238/790 871/1222/4 
f 879/1239/789 688/992/622 687/991/621 880/1240/790 
f 880/1240/790 687/991/621 686/990/620 877/1235/787 
f 871/1222/4 880/1238/790 877/1233/787 866/1217/720 
f 862/1213/715 876/1232/786 881/1241/791 873/1224/73 
f 876/1231/786 680/984/615 683/987/617 881/1242/791 
f 881/1242/791 683/987/617 688/992/622 879/1239/789 
f 873/1226/73 881/1243/791 879/1237/789 870/1221/726 
f 882/1244/792 883/1245/793 884/1246/794 885/1247/795 
f 883/1245/793 886/1248/796 887/1249/797 884/1246/794 
f 884/1246/794 887/1249/797 888/1250/798 889/1251/799 
f 885/1247/795 884/1246/794 889/1251/799 890/1252/800 
f 891/1253/801 892/1254/802 893/1255/803 894/1256/804 
f 892/1254/802 895/1257/805 896/1258/806 893/1255/803 
f 893/1255/803 896/1258/806 897/1259/807 898/1260/808 
f 894/1256/804 893/1255/803 898/1260/808 899/1261/809 
f 900/1262/810 901/1263/811 902/1264/812 903/1265/813 
f 901/1263/811 904/1266/814 905/1267/815 902/1264/812 
f 902/1268/812 905/1269/815 906/1270/816 907/1271/817 
f 903/1272/813 902/1273/812 907/1274/817 908/1275/818 
f 909/1276/819 910/1277/820 911/1278/821 912/1279/822 
f 910/1277/820 913/1280/823 914/1281/824 911/1278/821 
f 911/1282/821 914/1283/824 915/1284/825 916/1285/826 
f 912/1286/822 911/1282/821 916/1285/826 917/1287/827 
f 918/1288/828 919/1289/829 920/1290/830 921/1291/831 
f 919/1289/829 922/1292/832 923/1293/833 920/1290/830 
f 920/1294/830 923/1295/833 924/1296/834 925/1297/835 
f 921/1298/831 920/1294/830 925/1297/835 926/1299/836 
f 927/1300/837 928/1301/838 929/1302/839 930/1303/840 
f 928/1301/838 931/1304/841 932/1305/842 929/1302/839 
f 929/1306/839 932/1307/842 933/1308/843 934/1309/844 
f 930/1310/840 929/1306/839 934/1309/844 935/1311/845 
f 927/1300/837 936/1312/846 937/1313/847 938/1314/848 
f 936/1312/846 922/1292/832 919/1289/829 937/1313/847 
f 937/1313/847 919/1289/829 918/1288/828 939/1315/849 
f 938/1314/848 937/1313/847 939/1315/849 913/1280/823 
f 909/1276/819 940/1316/850 941/1317/851 942/1318/852 
f 940/1316/850 904/1266/814 901/1263/811 941/1317/851 
f 941/1317/851 901/1263/811 900/1262/810 943/1319/853 
f 942/1318/852 941/1317/851 943/1319/853 931/1304/841 
f 891/1253/801 944/1320/854 945/1321/855 892/1254/802 
f 944/1320/854 946/1322/856 947/1323/857 945/1321/855 
f 945/1321/855 947/1323/857 948/1324/858 949/1325/859 
f 892/1254/802 945/1321/855 949/1325/859 895/1257/805 
f 897/1259/807 950/1326/860 951/1327/861 898/1260/808 
f 950/1326/860 952/1328/862 953/1329/863 951/1327/861 
f 951/1327/861 953/1329/863 954/1330/864 955/1331/865 
f 898/1260/808 951/1327/861 955/1331/865 899/1261/809 
f 904/1266/814 940/1316/850 956/1332/866 905/1267/815 
f 940/1316/850 909/1276/819 912/1279/822 956/1332/866 
f 956/1333/866 912/1286/822 917/1287/827 957/1334/867 
f 905/1269/815 956/1333/866 957/1334/867 906/1270/816 
f 946/1322/856 944/1320/854 958/1335/868 959/1336/869 
f 944/1320/854 891/1253/801 960/1337/870 958/1335/868 
f 958/1338/868 960/1339/870 961/1340/871 962/1341/872 
f 959/1342/869 958/1338/868 962/1341/872 963/1343/873 
f 913/1280/823 939/1315/849 964/1344/874 914/1281/824 
f 939/1315/849 918/1288/828 921/1291/831 964/1344/874 
f 964/1345/874 921/1298/831 926/1299/836 965/1346/875 
f 914/1283/824 964/1345/874 965/1346/875 915/1284/825 
f 922/1292/832 936/1312/846 966/1347/876 923/1293/833 
f 936/1312/846 927/1300/837 930/1303/840 966/1347/876 
f 966/1348/876 930/1310/840 935/1311/845 967/1349/877 
f 923/1295/833 966/1348/876 967/1349/877 924/1296/834 
f 931/1304/841 928/1301/838 968/1350/878 969/1351/879 
f 928/1301/838 927/1300/837 970/1352/880 968/1350/878 
f 968/1350/878 970/1352/880 971/1353/881 972/1354/794 
f 969/1351/879 968/1350/878 972/1354/794 973/1355/881 
f 927/1300/837 938/1314/848 974/1356/882 970/1352/880 
f 938/1314/848 913/1280/823 975/1357/883 974/1356/882 
f 974/1356/882 975/1357/883 976/1358/881 977/1359/881 
f 970/1352/880 974/1356/882 977/1359/881 971/1353/881 
f 913/1280/823 910/1277/820 978/1360/884 975/1357/883 
f 910/1277/820 909/1276/819 979/1361/885 978/1360/884 
f 978/1360/884 979/1361/885 980/1362/881 981/1363/794 
f 975/1357/883 978/1360/884 981/1363/794 976/1358/881 
f 909/1276/819 942/1318/852 982/1364/886 979/1361/885 
f 942/1318/852 931/1304/841 969/1351/879 982/1364/886 
f 982/1364/886 969/1351/879 973/1355/881 983/1365/881 
f 979/1361/885 982/1364/886 983/1365/881 980/1362/881 
f 984/1366/887 985/1367/888 986/1368/889 987/1369/890 
f 985/1367/888 988/1370/891 989/1371/892 986/1368/889 
f 986/1368/889 989/1371/892 990/1372/893 991/1373/894 
f 987/1369/890 986/1368/889 991/1373/894 992/1374/895 
f 988/1370/891 993/1375/896 994/1376/897 989/1371/892 
f 993/1375/896 995/1377/898 996/1378/899 994/1376/897 
f 994/1376/897 996/1378/899 997/1379/900 998/1380/901 
f 989/1371/892 994/1376/897 998/1380/901 990/1372/893 
f 995/1377/898 999/1381/902 1000/1382/903 996/1378/899 
f 999/1381/902 1001/1383/904 1002/1384/905 1000/1382/903 
f 1000/1382/903 1002/1384/905 1003/1385/906 1004/1386/907 
f 996/1378/899 1000/1382/903 1004/1386/907 997/1379/900 
f 1001/1383/904 1005/1387/908 1006/1388/909 1002/1384/905 
f 1005/1389/908 984/1366/887 987/1369/890 1006/1390/909 
f 1006/1390/909 987/1369/890 992/1374/895 1007/1391/783 
f 1002/1384/905 1006/1388/909 1007/1392/783 1003/1385/906 
f 1008/1393/910 1009/1394/911 1010/1395/912 1011/1396/913 
f 1009/1397/911 948/1324/858 947/1323/857 1010/1398/912 
f 1010/1398/912 947/1323/857 946/1322/856 959/1336/869 
f 1011/1399/913 1010/1400/912 959/1342/869 963/1343/873 
f 1012/1401/914 1013/1402/915 1014/1403/916 1015/1404/917 
f 1013/1405/915 897/1259/807 896/1258/806 1014/1406/916 
f 1014/1406/916 896/1258/806 895/1257/805 1016/1407/918 
f 1015/1404/917 1014/1403/916 1016/1408/918 1017/1409/919 
f 1018/1410/920 1019/1411/921 1020/1412/922 1021/1413/923 
f 1019/1414/921 954/1330/864 953/1329/863 1020/1415/922 
f 1020/1415/922 953/1329/863 952/1328/862 1022/1416/924 
f 1021/1413/923 1020/1412/922 1022/1417/924 1023/1418/925 
f 961/1340/871 960/1339/870 1024/1419/926 1025/1420/927 
f 960/1337/870 891/1253/801 894/1256/804 1024/1421/926 
f 1024/1421/926 894/1256/804 899/1261/809 1026/1422/928 
f 1025/1420/927 1024/1419/926 1026/1423/928 1027/1424/929 
f 1017/1409/919 1016/1408/918 1028/1425/930 1029/1426/931 
f 1016/1407/918 895/1257/805 949/1325/859 1028/1427/930 
f 1028/1427/930 949/1325/859 948/1324/858 1009/1397/911 
f 1029/1426/931 1028/1425/930 1009/1394/911 1008/1393/910 
f 961/1340/871 1030/1428/932 1031/1429/933 962/1341/872 
f 1030/1428/932 933/1308/843 1032/1430/934 1031/1429/933 
f 1031/1429/933 1032/1430/934 908/1275/818 1033/1431/935 
f 962/1341/872 1031/1429/933 1033/1431/935 963/1343/873 
f 1023/1418/925 1022/1417/924 1034/1432/936 1035/1433/937 
f 1022/1416/924 952/1328/862 950/1326/860 1034/1434/936 
f 1034/1434/936 950/1326/860 897/1259/807 1013/1405/915 
f 1035/1433/937 1034/1432/936 1013/1402/915 1012/1401/914 
f 1027/1424/929 1026/1423/928 1036/1435/938 1037/1436/939 
f 1026/1422/928 899/1261/809 955/1331/865 1036/1437/938 
f 1036/1437/938 955/1331/865 954/1330/864 1019/1414/921 
f 1037/1436/939 1036/1435/938 1019/1411/921 1018/1410/920 
f 906/1270/816 1038/1438/940 1039/1439/941 907/1271/817 
f 1038/1438/940 1008/1393/910 1011/1396/913 1039/1439/941 
f 1039/1440/941 1011/1399/913 963/1343/873 1033/1431/935 
f 907/1274/817 1039/1440/941 1033/1431/935 908/1275/818 
f 915/1284/825 1040/1441/942 1041/1442/943 916/1285/826 
f 1040/1441/942 1012/1401/914 1015/1404/917 1041/1442/943 
f 1041/1442/943 1015/1404/917 1017/1409/919 1042/1443/944 
f 916/1285/826 1041/1442/943 1042/1443/944 917/1287/827 
f 924/1296/834 1043/1444/945 1044/1445/946 925/1297/835 
f 1043/1444/945 1018/1410/920 1021/1413/923 1044/1445/946 
f 1044/1445/946 1021/1413/923 1023/1418/925 1045/1446/947 
f 925/1297/835 1044/1445/946 1045/1446/947 926/1299/836 
f 933/1308/843 1030/1428/932 1046/1447/948 934/1309/844 
f 1030/1428/932 961/1340/871 1025/1420/927 1046/1447/948 
f 1046/1447/948 1025/1420/927 1027/1424/929 1047/1448/949 
f 934/1309/844 1046/1447/948 1047/1448/949 935/1311/845 
f 917/1287/827 1042/1443/944 1048/1449/950 957/1334/867 
f 1042/1443/944 1017/1409/919 1029/1426/931 1048/1449/950 
f 1048/1449/950 1029/1426/931 1008/1393/910 1038/1438/940 
f 957/1334/867 1048/1449/950 1038/1438/940 906/1270/816 
f 926/1299/836 1045/1446/947 1049/1450/951 965/1346/875 
f 1045/1446/947 1023/1418/925 1035/1433/937 1049/1450/951 
f 1049/1450/951 1035/1433/937 1012/1401/914 1040/1441/942 
f 965/1346/875 1049/1450/951 1040/1441/942 915/1284/825 
f 935/1311/845 1047/1448/949 1050/1451/952 967/1349/877 
f 1047/1448/949 1027/1424/929 1037/1436/939 1050/1451/952 
f 1050/1451/952 1037/1436/939 1018/1410/920 1043/1444/945 
f 967/1349/877 1050/1451/952 1043/1444/945 924/1296/834 
f 933/1308/843 932/1307/842 1051/1452/953 1032/1430/934 
f 932/1305/842 931/1304/841 943/1319/853 1051/1453/953 
f 1051/1453/953 943/1319/853 900/1262/810 903/1265/813 
f 1032/1430/934 1051/1452/953 903/1272/813 908/1275/818 
f 971/1353/881 1052/1454/954 1053/1455/955 972/1354/794 
f 1052/1456/954 988/1370/891 985/1367/888 1053/1457/955 
f 1053/1457/955 985/1367/888 984/1366/887 1054/1458/956 
f 972/1354/794 1053/1455/955 1054/1459/956 973/1355/881 
f 976/1358/881 1055/1460/957 1056/1461/958 977/1359/881 
f 1055/1462/957 995/1377/898 993/1375/896 1056/1463/958 
f 1056/1463/958 993/1375/896 988/1370/891 1052/1456/954 
f 977/1359/881 1056/1461/958 1052/1454/954 971/1353/881 
f 980/1362/881 1057/1464/959 1058/1465/960 981/1363/794 
f 1057/1466/959 1001/1383/904 999/1381/902 1058/1467/960 
f 1058/1467/960 999/1381/902 995/1377/898 1055/1462/957 
f 981/1363/794 1058/1465/960 1055/1460/957 976/1358/881 
f 973/1355/881 1054/1459/956 1059/1468/961 983/1365/881 
f 1054/1458/956 984/1366/887 1005/1389/908 1059/1469/961 
f 1059/1470/961 1005/1387/908 1001/1383/904 1057/1466/959 
f 983/1365/881 1059/1468/961 1057/1464/959 980/1362/881 
f 990/1372/893 1060/1471/893 1061/1472/962 991/1373/894 
f 1060/1471/893 1062/1473/893 1063/1474/894 1061/1472/962 
f 1061/1472/962 1063/1474/894 1064/1475/895 1065/1476/895 
f 991/1373/894 1061/1472/962 1065/1476/895 992/1374/895 
f 997/1379/900 1066/1477/900 1067/1478/901 998/1380/901 
f 1066/1477/900 1068/1479/900 1069/1480/721 1067/1478/901 
f 1067/1478/901 1069/1480/721 1062/1473/893 1060/1471/893 
f 998/1380/901 1067/1478/901 1060/1471/893 990/1372/893 
f 1003/1385/906 1070/1481/906 1071/1482/963 1004/1386/907 
f 1070/1481/906 1072/1483/906 1073/1484/907 1071/1482/963 
f 1071/1482/963 1073/1484/907 1068/1479/900 1066/1477/900 
f 1004/1386/907 1071/1482/963 1066/1477/900 997/1379/900 
f 992/1374/895 1065/1476/895 1074/1485/964 1007/1391/783 
f 1065/1476/895 1064/1475/895 1075/1486/965 1074/1485/964 
f 1074/1487/964 1075/1488/965 1072/1483/906 1070/1481/906 
f 1007/1392/783 1074/1487/964 1070/1481/906 1003/1385/906 
f 1062/1473/893 1076/1489/966 1077/1490/967 1063/1474/894 
f 1076/1491/966 886/1248/796 883/1245/793 1077/1492/967 
f 1077/1492/967 883/1245/793 882/1244/792 1078/1493/968 
f 1063/1474/894 1077/1490/967 1078/1494/968 1064/1475/895 
f 1068/1479/900 1079/1495/969 1080/1496/970 1069/1480/721 
f 1079/1497/969 888/1250/798 887/1249/797 1080/1498/970 
f 1080/1498/970 887/1249/797 886/1248/796 1076/1491/966 
f 1069/1480/721 1080/1496/970 1076/1489/966 1062/1473/893 
f 1072/1483/906 1081/1499/971 1082/1500/972 1073/1484/907 
f 1081/1501/971 890/1252/800 889/1251/799 1082/1502/972 
f 1082/1502/972 889/1251/799 888/1250/798 1079/1497/969 
f 1073/1484/907 1082/1500/972 1079/1495/969 1068/1479/900 
f 1064/1475/895 1078/1494/968 1083/1503/973 1075/1486/965 
f 1078/1493/968 882/1244/792 885/1247/795 1083/1504/973 
f 1083/1504/973 885/1247/795 890/1252/800 1081/1501/971 
f 1075/1488/965 1083/1505/973 1081/1499/971 1072/1483/906 
f 1084/1506/974 1085/1507/975 1086/1508/976 1087/1509/977 
f 1085/1507/975 1088/1510/978 1089/1511/979 1086/1508/976 
f 1086/1508/976 1089/1511/979 1090/1512/980 1091/1513/981 
f 1087/1509/977 1086/1508/976 1091/1513/981 1092/1514/982 
f 1093/1515/983 1094/1516/984 1095/1517/985 1096/1518/986 
f 1094/1516/984 1097/1519/987 1098/1520/988 1095/1517/985 
f 1095/1517/985 1098/1520/988 1099/1521/989 1100/1522/990 
f 1096/1518/986 1095/1517/985 1100/1522/990 1101/1523/991 
f 1102/1524/992 1103/1525/993 1104/1526/994 1105/1527/995 
f 1103/1525/993 1106/1528/996 1107/1529/997 1104/1526/994 
f 1104/1530/994 1107/1531/997 1108/1532/998 1109/1533/999 
f 1105/1534/995 1104/1535/994 1109/1536/999 1110/1537/1000 
f 1111/1538/1001 1112/1539/1002 1113/1540/1003 1114/1541/1004 
f 1112/1539/1002 1115/1542/1005 1116/1543/1006 1113/1540/1003 
f 1113/1544/1003 1116/1545/1006 1117/1546/1007 1118/1547/1008 
f 1114/1548/1004 1113/1544/1003 1118/1547/1008 1119/1549/1009 
f 1120/1550/1010 1121/1551/1011 1122/1552/1012 1123/1553/1013 
f 1121/1551/1011 1124/1554/1014 1125/1555/1015 1122/1552/1012 
f 1122/1556/1012 1125/1557/1015 1126/1558/1016 1127/1559/1017 
f 1123/1560/1013 1122/1556/1012 1127/1559/1017 1128/1561/1018 
f 1129/1562/1019 1130/1563/1020 1131/1564/1021 1132/1565/1022 
f 1130/1563/1020 1133/1566/1023 1134/1567/1024 1131/1564/1021 
f 1131/1568/1021 1134/1569/1024 1135/1570/1025 1136/1571/1026 
f 1132/1572/1022 1131/1568/1021 1136/1571/1026 1137/1573/1027 
f 1129/1562/1019 1138/1574/1028 1139/1575/1029 1140/1576/1030 
f 1138/1574/1028 1124/1554/1014 1121/1551/1011 1139/1575/1029 
f 1139/1575/1029 1121/1551/1011 1120/1550/1010 1141/1577/1031 
f 1140/1576/1030 1139/1575/1029 1141/1577/1031 1115/1542/1005 
f 1111/1538/1001 1142/1578/1032 1143/1579/1033 1144/1580/1034 
f 1142/1578/1032 1106/1528/996 1103/1525/993 1143/1579/1033 
f 1143/1579/1033 1103/1525/993 1102/1524/992 1145/1581/1035 
f 1144/1580/1034 1143/1579/1033 1145/1581/1035 1133/1566/1023 
f 1093/1515/983 1146/1582/1036 1147/1583/1037 1094/1516/984 
f 1146/1582/1036 1148/1584/1038 1149/1585/1039 1147/1583/1037 
f 1147/1583/1037 1149/1585/1039 1150/1586/1040 1151/1587/1041 
f 1094/1516/984 1147/1583/1037 1151/1587/1041 1097/1519/987 
f 1099/1521/989 1152/1588/1042 1153/1589/1043 1100/1522/990 
f 1152/1588/1042 1154/1590/1044 1155/1591/1045 1153/1589/1043 
f 1153/1589/1043 1155/1591/1045 1156/1592/1046 1157/1593/1047 
f 1100/1522/990 1153/1589/1043 1157/1593/1047 1101/1523/991 
f 1106/1528/996 1142/1578/1032 1158/1594/1048 1107/1529/997 
f 1142/1578/1032 1111/1538/1001 1114/1541/1004 1158/1594/1048 
f 1158/1595/1048 1114/1548/1004 1119/1549/1009 1159/1596/1049 
f 1107/1531/997 1158/1595/1048 1159/1596/1049 1108/1532/998 
f 1148/1584/1038 1146/1582/1036 1160/1597/1050 1161/1598/1051 
f 1146/1582/1036 1093/1515/983 1162/1599/1052 1160/1597/1050 
f 1160/1600/1050 1162/1601/1052 1163/1602/1053 1164/1603/1054 
f 1161/1604/1051 1160/1600/1050 1164/1603/1054 1165/1605/1055 
f 1115/1542/1005 1141/1577/1031 1166/1606/1056 1116/1543/1006 
f 1141/1577/1031 1120/1550/1010 1123/1553/1013 1166/1606/1056 
f 1166/1607/1056 1123/1560/1013 1128/1561/1018 1167/1608/1057 
f 1116/1545/1006 1166/1607/1056 1167/1608/1057 1117/1546/1007 
f 1124/1554/1014 1138/1574/1028 1168/1609/1058 1125/1555/1015 
f 1138/1574/1028 1129/1562/1019 1132/1565/1022 1168/1609/1058 
f 1168/1610/1058 1132/1572/1022 1137/1573/1027 1169/1611/1059 
f 1125/1557/1015 1168/1610/1058 1169/1611/1059 1126/1558/1016 
f 1133/1566/1023 1130/1563/1020 1170/1612/1060 1171/1613/1061 
f 1130/1563/1020 1129/1562/1019 1172/1614/1062 1170/1612/1060 
f 1170/1612/1060 1172/1614/1062 1173/1615/1063 1174/1616/1063 
f 1171/1613/1061 1170/1612/1060 1174/1616/1063 1175/1617/976 
f 1129/1562/1019 1140/1576/1030 1176/1618/1064 1172/1614/1062 
f 1140/1576/1030 1115/1542/1005 1177/1619/1065 1176/1618/1064 
f 1176/1618/1064 1177/1619/1065 1178/1620/976 1179/1621/1063 
f 1172/1614/1062 1176/1618/1064 1179/1621/1063 1173/1615/1063 
f 1115/1542/1005 1112/1539/1002 1180/1622/1066 1177/1619/1065 
f 1112/1539/1002 1111/1538/1001 1181/1623/1067 1180/1622/1066 
f 1180/1622/1066 1181/1623/1067 1182/1624/1063 1183/1625/1063 
f 1177/1619/1065 1180/1622/1066 1183/1625/1063 1178/1620/976 
f 1111/1538/1001 1144/1580/1034 1184/1626/1068 1181/1623/1067 
f 1144/1580/1034 1133/1566/1023 1171/1613/1061 1184/1626/1068 
f 1184/1626/1068 1171/1613/1061 1175/1617/976 1185/1627/1063 
f 1181/1623/1067 1184/1626/1068 1185/1627/1063 1182/1624/1063 
f 1186/1628/1069 1187/1629/1070 1188/1630/1071 1189/1631/1072 
f 1187/1629/1070 1190/1632/1073 1191/1633/1074 1188/1630/1071 
f 1188/1630/1071 1191/1633/1074 1192/1634/1075 1193/1635/1076 
f 1189/1631/1072 1188/1630/1071 1193/1635/1076 1194/1636/1077 
f 1190/1632/1073 1195/1637/1078 1196/1638/1079 1191/1633/1074 
f 1195/1637/1078 1197/1639/1080 1198/1640/1081 1196/1638/1079 
f 1196/1638/1079 1198/1640/1081 1199/1641/1082 1200/1642/721 
f 1191/1633/1074 1196/1638/1079 1200/1642/721 1192/1634/1075 
f 1197/1639/1080 1201/1643/1083 1202/1644/1084 1198/1640/1081 
f 1201/1643/1083 1203/1645/1085 1204/1646/1086 1202/1644/1084 
f 1202/1644/1084 1204/1646/1086 1205/1647/1087 1206/1648/1088 
f 1198/1640/1081 1202/1644/1084 1206/1648/1088 1199/1641/1082 
f 1203/1645/1085 1207/1649/1089 1208/1650/1090 1204/1646/1086 
f 1207/1651/1089 1186/1628/1069 1189/1631/1072 1208/1652/1090 
f 1208/1652/1090 1189/1631/1072 1194/1636/1077 1209/1653/783 
f 1204/1646/1086 1208/1650/1090 1209/1654/783 1205/1647/1087 
f 1210/1655/1091 1211/1656/1092 1212/1657/1093 1213/1658/1094 
f 1211/1659/1092 1150/1586/1040 1149/1585/1039 1212/1660/1093 
f 1212/1660/1093 1149/1585/1039 1148/1584/1038 1161/1598/1051 
f 1213/1661/1094 1212/1662/1093 1161/1604/1051 1165/1605/1055 
f 1214/1663/1095 1215/1664/1096 1216/1665/1097 1217/1666/1098 
f 1215/1667/1096 1099/1521/989 1098/1520/988 1216/1668/1097 
f 1216/1668/1097 1098/1520/988 1097/1519/987 1218/1669/1099 
f 1217/1666/1098 1216/1665/1097 1218/1670/1099 1219/1671/1100 
f 1220/1672/1101 1221/1673/1102 1222/1674/1103 1223/1675/1104 
f 1221/1676/1102 1156/1592/1046 1155/1591/1045 1222/1677/1103 
f 1222/1677/1103 1155/1591/1045 1154/1590/1044 1224/1678/1105 
f 1223/1675/1104 1222/1674/1103 1224/1679/1105 1225/1680/1106 
f 1163/1602/1053 1162/1601/1052 1226/1681/1107 1227/1682/1108 
f 1162/1599/1052 1093/1515/983 1096/1518/986 1226/1683/1107 
f 1226/1683/1107 1096/1518/986 1101/1523/991 1228/1684/1109 
f 1227/1682/1108 1226/1681/1107 1228/1685/1109 1229/1686/1110 
f 1219/1671/1100 1218/1670/1099 1230/1687/1111 1231/1688/1112 
f 1218/1669/1099 1097/1519/987 1151/1587/1041 1230/1689/1111 
f 1230/1689/1111 1151/1587/1041 1150/1586/1040 1211/1659/1092 
f 1231/1688/1112 1230/1687/1111 1211/1656/1092 1210/1655/1091 
f 1163/1602/1053 1232/1690/1113 1233/1691/1114 1164/1603/1054 
f 1232/1690/1113 1135/1570/1025 1234/1692/1115 1233/1691/1114 
f 1233/1691/1114 1234/1692/1115 1110/1537/1000 1235/1693/1116 
f 1164/1603/1054 1233/1691/1114 1235/1693/1116 1165/1605/1055 
f 1225/1680/1106 1224/1679/1105 1236/1694/1117 1237/1695/1118 
f 1224/1678/1105 1154/1590/1044 1152/1588/1042 1236/1696/1117 
f 1236/1696/1117 1152/1588/1042 1099/1521/989 1215/1667/1096 
f 1237/1695/1118 1236/1694/1117 1215/1664/1096 1214/1663/1095 
f 1229/1686/1110 1228/1685/1109 1238/1697/1119 1239/1698/1120 
f 1228/1684/1109 1101/1523/991 1157/1593/1047 1238/1699/1119 
f 1238/1699/1119 1157/1593/1047 1156/1592/1046 1221/1676/1102 
f 1239/1698/1120 1238/1697/1119 1221/1673/1102 1220/1672/1101 
f 1108/1532/998 1240/1700/1121 1241/1701/1122 1109/1533/999 
f 1240/1700/1121 1210/1655/1091 1213/1658/1094 1241/1701/1122 
f 1241/1702/1122 1213/1661/1094 1165/1605/1055 1235/1693/1116 
f 1109/1536/999 1241/1702/1122 1235/1693/1116 1110/1537/1000 
f 1117/1546/1007 1242/1703/1123 1243/1704/1124 1118/1547/1008 
f 1242/1703/1123 1214/1663/1095 1217/1666/1098 1243/1704/1124 
f 1243/1704/1124 1217/1666/1098 1219/1671/1100 1244/1705/1125 
f 1118/1547/1008 1243/1704/1124 1244/1705/1125 1119/1549/1009 
f 1126/1558/1016 1245/1706/1126 1246/1707/1127 1127/1559/1017 
f 1245/1706/1126 1220/1672/1101 1223/1675/1104 1246/1707/1127 
f 1246/1707/1127 1223/1675/1104 1225/1680/1106 1247/1708/1128 
f 1127/1559/1017 1246/1707/1127 1247/1708/1128 1128/1561/1018 
f 1135/1570/1025 1232/1690/1113 1248/1709/1129 1136/1571/1026 
f 1232/1690/1113 1163/1602/1053 1227/1682/1108 1248/1709/1129 
f 1248/1709/1129 1227/1682/1108 1229/1686/1110 1249/1710/1130 
f 1136/1571/1026 1248/1709/1129 1249/1710/1130 1137/1573/1027 
f 1119/1549/1009 1244/1705/1125 1250/1711/1131 1159/1596/1049 
f 1244/1705/1125 1219/1671/1100 1231/1688/1112 1250/1711/1131 
f 1250/1711/1131 1231/1688/1112 1210/1655/1091 1240/1700/1121 
f 1159/1596/1049 1250/1711/1131 1240/1700/1121 1108/1532/998 
f 1128/1561/1018 1247/1708/1128 1251/1712/1132 1167/1608/1057 
f 1247/1708/1128 1225/1680/1106 1237/1695/1118 1251/1712/1132 
f 1251/1712/1132 1237/1695/1118 1214/1663/1095 1242/1703/1123 
f 1167/1608/1057 1251/1712/1132 1242/1703/1123 1117/1546/1007 
f 1137/1573/1027 1249/1710/1130 1252/1713/1133 1169/1611/1059 
f 1249/1710/1130 1229/1686/1110 1239/1698/1120 1252/1713/1133 
f 1252/1713/1133 1239/1698/1120 1220/1672/1101 1245/1706/1126 
f 1169/1611/1059 1252/1713/1133 1245/1706/1126 1126/1558/1016 
f 1135/1570/1025 1134/1569/1024 1253/1714/1134 1234/1692/1115 
f 1134/1567/1024 1133/1566/1023 1145/1581/1035 1253/1715/1134 
f 1253/1715/1134 1145/1581/1035 1102/1524/992 1105/1527/995 
f 1234/1692/1115 1253/1714/1134 1105/1534/995 1110/1537/1000 
f 1173/1615/1063 1254/1716/1135 1255/1717/1136 1174/1616/1063 
f 1254/1718/1135 1190/1632/1073 1187/1629/1070 1255/1719/1136 
f 1255/1719/1136 1187/1629/1070 1186/1628/1069 1256/1720/1137 
f 1174/1616/1063 1255/1717/1136 1256/1721/1137 1175/1617/976 
f 1178/1620/976 1257/1722/1138 1258/1723/1139 1179/1621/1063 
f 1257/1724/1138 1197/1639/1080 1195/1637/1078 1258/1725/1139 
f 1258/1725/1139 1195/1637/1078 1190/1632/1073 1254/1718/1135 
f 1179/1621/1063 1258/1723/1139 1254/1716/1135 1173/1615/1063 
f 1182/1624/1063 1259/1726/1140 1260/1727/1141 1183/1625/1063 
f 1259/1728/1140 1203/1645/1085 1201/1643/1083 1260/1729/1141 
f 1260/1729/1141 1201/1643/1083 1197/1639/1080 1257/1724/1138 
f 1183/1625/1063 1260/1727/1141 1257/1722/1138 1178/1620/976 
f 1175/1617/976 1256/1721/1137 1261/1730/1142 1185/1627/1063 
f 1256/1720/1137 1186/1628/1069 1207/1651/1089 1261/1731/1142 
f 1261/1732/1142 1207/1649/1089 1203/1645/1085 1259/1728/1140 
f 1185/1627/1063 1261/1730/1142 1259/1726/1140 1182/1624/1063 
f 1192/1634/1075 1262/1733/1075 1263/1734/1076 1193/1635/1076 
f 1262/1733/1075 1264/1735/1075 1265/1736/1143 1263/1734/1076 
f 1263/1734/1076 1265/1736/1143 1266/1737/1077 1267/1738/1077 
f 1193/1635/1076 1263/1734/1076 1267/1738/1077 1194/1636/1077 
f 1199/1641/1082 1268/1739/1082 1269/1740/721 1200/1642/721 
f 1268/1739/1082 1270/1741/1082 1271/1742/74 1269/1740/721 
f 1269/1740/721 1271/1742/74 1264/1735/1075 1262/1733/1075 
f 1200/1642/721 1269/1740/721 1262/1733/1075 1192/1634/1075 
f 1205/1647/1087 1272/1743/1087 1273/1744/1144 1206/1648/1088 
f 1272/1743/1087 1274/1745/1087 1275/1746/1088 1273/1744/1144 
f 1273/1744/1144 1275/1746/1088 1270/1741/1082 1268/1739/1082 
f 1206/1648/1088 1273/1744/1144 1268/1739/1082 1199/1641/1082 
f 1194/1636/1077 1267/1738/1077 1276/1747/73 1209/1653/783 
f 1267/1738/1077 1266/1737/1077 1277/1748/73 1276/1747/73 
f 1276/1749/73 1277/1750/73 1274/1745/1087 1272/1743/1087 
f 1209/1654/783 1276/1749/73 1272/1743/1087 1205/1647/1087 
f 1264/1735/1075 1278/1751/1145 1279/1752/1146 1265/1736/1143 
f 1278/1753/1145 1088/1510/978 1085/1507/975 1279/1754/1146 
f 1279/1754/1146 1085/1507/975 1084/1506/974 1280/1755/1147 
f 1265/1736/1143 1279/1752/1146 1280/1756/1147 1266/1737/1077 
f 1270/1741/1082 1281/1757/1148 1282/1758/1149 1271/1742/74 
f 1281/1759/1148 1090/1512/980 1089/1511/979 1282/1760/1149 
f 1282/1760/1149 1089/1511/979 1088/1510/978 1278/1753/1145 
f 1271/1742/74 1282/1758/1149 1278/1751/1145 1264/1735/1075 
f 1274/1745/1087 1283/1761/1150 1284/1762/1151 1275/1746/1088 
f 1283/1763/1150 1092/1514/982 1091/1513/981 1284/1764/1151 
f 1284/1764/1151 1091/1513/981 1090/1512/980 1281/1759/1148 
f 1275/1746/1088 1284/1762/1151 1281/1757/1148 1270/1741/1082 
f 1266/1737/1077 1280/1756/1147 1285/1765/1152 1277/1748/73 
f 1280/1755/1147 1084/1506/974 1087/1509/977 1285/1766/1152 
f 1285/1766/1152 1087/1509/977 1092/1514/982 1283/1763/1150 
f 1277/1750/73 1285/1767/1152 1283/1761/1150 1274/1745/1087 
f 1286/1768/1153 1287/1769/1154 1288/1770/1155 1289/1771/1156 
f 1290/1772/1157 1286/1768/1153 1289/1771/1156 1291/1773/1158 
f 1292/1774/1159 1290/1772/1157 1291/1773/1158 1293/1775/1160 
f 1294/1776/1161 1292/1774/1159 1293/1775/1160 1295/1777/1162 
f 1296/1778/1163 1294/1776/1161 1295/1777/1162 1297/1779/1164 
f 1298/1780/1165 1296/1778/1163 1297/1779/1164 1299/1781/1166 
f 1300/1782/1167 1301/1783/1168 1287/1769/1154 1286/1768/1153 
f 1302/1784/1169 1300/1782/1167 1286/1768/1153 1290/1772/1157 
f 1303/1785/1170 1302/1784/1169 1290/1772/1157 1292/1774/1159 
f 1304/1786/1171 1303/1785/1170 1292/1774/1159 1294/1776/1161 
f 1305/1787/1172 1304/1786/1171 1294/1776/1161 1296/1778/1163 
f 1306/1788/1173 1305/1787/1172 1296/1778/1163 1298/1780/1165 
f 1307/1789/1174 1308/1790/1175 1301/1783/1168 1300/1782/1167 
f 1309/1791/1176 1307/1789/1174 1300/1782/1167 1302/1784/1169 
f 1310/1792/782 1309/1791/1176 1302/1784/1169 1303/1785/1170 
f 1311/1793/1177 1310/1792/782 1303/1785/1170 1304/1786/1171 
f 1312/1794/1178 1311/1793/1177 1304/1786/1171 1305/1787/1172 
f 1313/1795/1179 1312/1794/1178 1305/1787/1172 1306/1788/1173 
f 1314/1796/1180 1315/1797/1181 1308/1790/1175 1307/1789/1174 
f 1316/1798/1182 1314/1796/1180 1307/1789/1174 1309/1791/1176 
f 1317/1799/1183 1316/1798/1182 1309/1791/1176 1310/1792/782 
f 1318/1800/1184 1317/1799/1183 1310/1792/782 1311/1793/1177 
f 1319/1801/1185 1318/1800/1184 1311/1793/1177 1312/1794/1178 
f 1320/1802/1186 1319/1801/1185 1312/1794/1178 1313/1795/1179 
f 1321/1803/1187 1322/1804/1188 1315/1797/1181 1314/1796/1180 
f 1323/1805/1189 1321/1803/1187 1314/1796/1180 1316/1798/1182 
f 1324/1806/1190 1323/1805/1189 1316/1798/1182 1317/1799/1183 
f 1325/1807/1191 1324/1806/1190 1317/1799/1183 1318/1800/1184 
f 1326/1808/1192 1325/1807/1191 1318/1800/1184 1319/1801/1185 
f 1327/1809/1193 1326/1808/1192 1319/1801/1185 1320/1802/1186 
f 1328/1810/1194 1329/1811/1195 1322/1804/1188 1321/1803/1187 
f 1330/1812/1196 1328/1810/1194 1321/1803/1187 1323/1805/1189 
f 1331/1813/1197 1330/1812/1196 1323/1805/1189 1324/1806/1190 
f 1332/1814/1198 1331/1813/1197 1324/1806/1190 1325/1807/1191 
f 1333/1815/1199 1332/1814/1198 1325/1807/1191 1326/1808/1192 
f 1334/1816/1200 1333/1815/1199 1326/1808/1192 1327/1809/1193 
f 1335/1817/1201 1336/1818/1202 1337/1819/1203 1338/1820/1204 
f 1339/1821/1205 1335/1817/1201 1338/1820/1204 1340/1822/1206 
f 1341/1823/1207 1339/1821/1205 1340/1822/1206 1342/1824/1208 
f 1343/1825/1209 1341/1823/1207 1342/1824/1208 1344/1826/1210 
f 1345/1827/1211 1343/1825/1209 1344/1826/1210 1346/1828/1212 
f 1347/1829/1213 1345/1827/1211 1346/1828/1212 1348/1830/1214 
f 1349/1831/1215 1350/1832/1216 1336/1818/1202 1335/1817/1201 
f 1351/1833/1217 1349/1831/1215 1335/1817/1201 1339/1821/1205 
f 1352/1834/1218 1351/1833/1217 1339/1821/1205 1341/1823/1207 
f 1353/1835/1219 1352/1834/1218 1341/1823/1207 1343/1825/1209 
f 1354/1836/1220 1353/1835/1219 1343/1825/1209 1345/1827/1211 
f 1355/1837/1221 1354/1836/1220 1345/1827/1211 1347/1829/1213 
f 1289/1771/1156 1288/1770/1155 1350/1832/1216 1349/1831/1215 
f 1291/1773/1158 1289/1771/1156 1349/1831/1215 1351/1833/1217 
f 1293/1775/1160 1291/1773/1158 1351/1833/1217 1352/1834/1218 
f 1295/1777/1162 1293/1775/1160 1352/1834/1218 1353/1835/1219 
f 1297/1779/1164 1295/1777/1162 1353/1835/1219 1354/1836/1220 
f 1299/1781/1166 1297/1779/1164 1354/1836/1220 1355/1837/1221 
f 1356/1838/1222 1347/1829/1213 1348/1830/1214 1357/1839/1223 
f 1358/1840/1224 1356/1838/1222 1357/1839/1223 1359/1841/1225 
f 1360/1842/1226 1358/1840/1224 1359/1841/1225 1361/1843/1227 
f 1362/1844/1228 1360/1842/1226 1361/1843/1227 1363/1845/1229 
f 1364/1846/1230 1362/1844/1228 1363/1845/1229 1365/1847/1231 
f 1366/1848/1232 1364/1846/1230 1365/1847/1231 1367/1849/1233 
f 1368/1850/1234 1355/1837/1221 1347/1829/1213 1356/1838/1222 
f 1369/1851/1235 1368/1850/1234 1356/1838/1222 1358/1840/1224 
f 1370/1852/1236 1369/1851/1235 1358/1840/1224 1360/1842/1226 
f 1371/1853/1237 1370/1852/1236 1360/1842/1226 1362/1844/1228 
f 1372/1854/1238 1371/1853/1237 1362/1844/1228 1364/1846/1230 
f 1373/1855/1239 1372/1854/1238 1364/1846/1230 1366/1848/1232 
f 1298/1780/1165 1299/1781/1166 1355/1837/1221 1368/1850/1234 
f 1306/1788/1173 1298/1780/1165 1368/1850/1234 1369/1851/1235 
f 1313/1795/1179 1306/1788/1173 1369/1851/1235 1370/1852/1236 
f 1320/1802/1186 1313/1795/1179 1370/1852/1236 1371/1853/1237 
f 1327/1809/1193 1320/1802/1186 1371/1853/1237 1372/1854/1238 
f 1334/1816/1200 1327/1809/1193 1372/1854/1238 1373/1855/1239 
f 1374/1856/1240 1366/1848/1232 1367/1849/1233 1375/1857/1241 
f 1376/1858/1242 1374/1856/1240 1375/1857/1241 1377/1859/1243 
f 1378/1860/1244 1376/1858/1242 1377/1859/1243 1379/1861/1245 
f 1380/1862/1246 1378/1860/1244 1379/1861/1245 1381/1863/1247 
f 1382/1864/1248 1380/1862/1246 1381/1863/1247 1383/1865/1249 
f 1384/1866/1250 1382/1864/1248 1383/1865/1249 1385/1867/1251 
f 1386/1868/1252 1373/1855/1239 1366/1848/1232 1374/1856/1240 
f 1387/1869/1253 1386/1868/1252 1374/1856/1240 1376/1858/1242 
f 1388/1870/1254 1387/1869/1253 1376/1858/1242 1378/1860/1244 
f 1389/1871/1255 1388/1870/1254 1378/1860/1244 1380/1862/1246 
f 1390/1872/1256 1389/1871/1255 1380/1862/1246 1382/1864/1248 
f 1391/1873/1257 1390/1872/1256 1382/1864/1248 1384/1866/1250 
f 1333/1815/1199 1334/1816/1200 1373/1855/1239 1386/1868/1252 
f 1332/1814/1198 1333/1815/1199 1386/1868/1252 1387/1869/1253 
f 1331/1813/1197 1332/1814/1198 1387/1869/1253 1388/1870/1254 
f 1330/1812/1196 1331/1813/1197 1388/1870/1254 1389/1871/1255 
f 1328/1810/1194 1330/1812/1196 1389/1871/1255 1390/1872/1256 
f 1329/1811/1195 1328/1810/1194 1390/1872/1256 1391/1873/1257 
f 1392/1874/1258 1384/1866/1250 1385/1867/1251 1393/1875/1259 
f 1394/1876/1260 1392/1874/1258 1393/1875/1259 1395/1877/1261 
f 1396/1878/1262 1394/1876/1260 1395/1877/1261 1397/1879/1263 
f 1398/1880/1264 1396/1878/1262 1397/1879/1263 1399/1881/1265 
f 1400/1882/1266 1398/1880/1264 1399/1881/1265 1401/1883/1267 
f 1336/1818/1202 1400/1882/1266 1401/1883/1267 1337/1819/1203 
f 1402/1884/1268 1391/1873/1257 1384/1866/1250 1392/1874/1258 
f 1403/1885/1269 1402/1884/1268 1392/1874/1258 1394/1876/1260 
f 1404/1886/1270 1403/1885/1269 1394/1876/1260 1396/1878/1262 
f 1405/1887/1271 1404/1886/1270 1396/1878/1262 1398/1880/1264 
f 1406/1888/1272 1405/1887/1271 1398/1880/1264 1400/1882/1266 
f 1350/1832/1216 1406/1888/1272 1400/1882/1266 1336/1818/1202 
f 1322/1804/1188 1329/1811/1195 1391/1873/1257 1402/1884/1268 
f 1315/1797/1181 1322/1804/1188 1402/1884/1268 1403/1885/1269 
f 1308/1790/1175 1315/1797/1181 1403/1885/1269 1404/1886/1270 
f 1301/1783/1168 1308/1790/1175 1404/1886/1270 1405/1887/1271 
f 1287/1769/1154 1301/1783/1168 1405/1887/1271 1406/1888/1272 
f 1288/1770/1155 1287/1769/1154 1406/1888/1272 1350/1832/1216 
f 1407/1889/1153 1408/1890/1154 1409/1891/1155 1410/1892/1156 
f 1411/1893/1157 1407/1889/1153 1410/1892/1156 1412/1894/1158 
f 1413/1895/1159 1411/1893/1157 1412/1894/1158 1414/1896/1160 
f 1415/1897/1161 1413/1895/1159 1414/1896/1160 1416/1898/1162 
f 1417/1899/1163 1415/1897/1161 1416/1898/1162 1418/1900/1164 
f 1419/1901/1165 1417/1899/1163 1418/1900/1164 1420/1902/1166 
f 1421/1903/1167 1422/1904/1168 1408/1890/1154 1407/1889/1153 
f 1423/1905/1169 1421/1903/1167 1407/1889/1153 1411/1893/1157 
f 1424/1906/1170 1423/1905/1169 1411/1893/1157 1413/1895/1159 
f 1425/1907/1171 1424/1906/1170 1413/1895/1159 1415/1897/1161 
f 1426/1908/1172 1425/1907/1171 1415/1897/1161 1417/1899/1163 
f 1427/1909/1173 1426/1908/1172 1417/1899/1163 1419/1901/1165 
f 1428/1910/1174 1429/1911/1175 1422/1904/1168 1421/1903/1167 
f 1430/1912/1176 1428/1910/1174 1421/1903/1167 1423/1905/1169 
f 1431/1913/74 1430/1912/1176 1423/1905/1169 1424/1906/1170 
f 1432/1914/1177 1431/1913/74 1424/1906/1170 1425/1907/1171 
f 1433/1915/1178 1432/1914/1177 1425/1907/1171 1426/1908/1172 
f 1434/1916/1179 1433/1915/1178 1426/1908/1172 1427/1909/1173 
f 1435/1917/1180 1436/1918/1181 1429/1911/1175 1428/1910/1174 
f 1437/1919/1182 1435/1917/1180 1428/1910/1174 1430/1912/1176 
f 1438/1920/1183 1437/1919/1182 1430/1912/1176 1431/1913/74 
f 1439/1921/1184 1438/1920/1183 1431/1913/74 1432/1914/1177 
f 1440/1922/1185 1439/1921/1184 1432/1914/1177 1433/1915/1178 
f 1441/1923/1186 1440/1922/1185 1433/1915/1178 1434/1916/1179 
f 1442/1924/1187 1443/1925/1188 1436/1918/1181 1435/1917/1180 
f 1444/1926/1189 1442/1924/1187 1435/1917/1180 1437/1919/1182 
f 1445/1927/1190 1444/1926/1189 1437/1919/1182 1438/1920/1183 
f 1446/1928/1191 1445/1927/1190 1438/1920/1183 1439/1921/1184 
f 1447/1929/1192 1446/1928/1191 1439/1921/1184 1440/1922/1185 
f 1448/1930/1193 1447/1929/1192 1440/1922/1185 1441/1923/1186 
f 1449/1931/1194 1450/1932/1195 1443/1925/1188 1442/1924/1187 
f 1451/1933/1196 1449/1931/1194 1442/1924/1187 1444/1926/1189 
f 1452/1934/1197 1451/1933/1196 1444/1926/1189 1445/1927/1190 
f 1453/1935/1198 1452/1934/1197 1445/1927/1190 1446/1928/1191 
f 1454/1936/1199 1453/1935/1198 1446/1928/1191 1447/1929/1192 
f 1455/1937/1200 1454/1936/1199 1447/1929/1192 1448/1930/1193 
f 1456/1938/1201 1457/1939/1202 1458/1940/1203 1459/1941/1204 
f 1460/1942/1205 1456/1938/1201 1459/1941/1204 1461/1943/1206 
f 1462/1944/1207 1460/1942/1205 1461/1943/1206 1463/1945/1208 
f 1464/1946/1209 1462/1944/1207 1463/1945/1208 1465/1947/1210 
f 1466/1948/1211 1464/1946/1209 1465/1947/1210 1467/1949/1212 
f 1468/1950/1213 1466/1948/1211 1467/1949/1212 1469/1951/1214 
f 1470/1952/1215 1471/1953/1273 1457/1939/1202 1456/1938/1201 
f 1472/1954/1217 1470/1952/1215 1456/1938/1201 1460/1942/1205 
f 1473/1955/1218 1472/1954/1217 1460/1942/1205 1462/1944/1207 
f 1474/1956/1219 1473/1955/1218 1462/1944/1207 1464/1946/1209 
f 1475/1957/1220 1474/1956/1219 1464/1946/1209 1466/1948/1211 
f 1476/1958/1221 1475/1957/1220 1466/1948/1211 1468/1950/1213 
f 1410/1892/1156 1409/1891/1155 1471/1953/1273 1470/1952/1215 
f 1412/1894/1158 1410/1892/1156 1470/1952/1215 1472/1954/1217 
f 1414/1896/1160 1412/1894/1158 1472/1954/1217 1473/1955/1218 
f 1416/1898/1162 1414/1896/1160 1473/1955/1218 1474/1956/1219 
f 1418/1900/1164 1416/1898/1162 1474/1956/1219 1475/1957/1220 
f 1420/1902/1166 1418/1900/1164 1475/1957/1220 1476/1958/1221 
f 1477/1959/1222 1468/1950/1213 1469/1951/1214 1478/1960/1223 
f 1479/1961/1224 1477/1959/1222 1478/1960/1223 1480/1962/1225 
f 1481/1963/1226 1479/1961/1224 1480/1962/1225 1482/1964/1227 
f 1483/1965/1228 1481/1963/1226 1482/1964/1227 1484/1966/1229 
f 1485/1967/1230 1483/1965/1228 1484/1966/1229 1486/1968/1231 
f 1487/1969/1232 1485/1967/1230 1486/1968/1231 1488/1970/1233 
f 1489/1971/1234 1476/1958/1221 1468/1950/1213 1477/1959/1222 
f 1490/1972/1235 1489/1971/1234 1477/1959/1222 1479/1961/1224 
f 1491/1973/1236 1490/1972/1235 1479/1961/1224 1481/1963/1226 
f 1492/1974/1237 1491/1973/1236 1481/1963/1226 1483/1965/1228 
f 1493/1975/1238 1492/1974/1237 1483/1965/1228 1485/1967/1230 
f 1494/1976/1274 1493/1975/1238 1485/1967/1230 1487/1969/1232 
f 1419/1901/1165 1420/1902/1166 1476/1958/1221 1489/1971/1234 
f 1427/1909/1173 1419/1901/1165 1489/1971/1234 1490/1972/1235 
f 1434/1916/1179 1427/1909/1173 1490/1972/1235 1491/1973/1236 
f 1441/1923/1186 1434/1916/1179 1491/1973/1236 1492/1974/1237 
f 1448/1930/1193 1441/1923/1186 1492/1974/1237 1493/1975/1238 
f 1455/1937/1200 1448/1930/1193 1493/1975/1238 1494/1976/1274 
f 1495/1977/1240 1487/1969/1232 1488/1970/1233 1496/1978/1241 
f 1497/1979/1242 1495/1977/1240 1496/1978/1241 1498/1980/1243 
f 1499/1981/1244 1497/1979/1242 1498/1980/1243 1500/1982/1245 
f 1501/1983/1246 1499/1981/1244 1500/1982/1245 1502/1984/1247 
f 1503/1985/1248 1501/1983/1246 1502/1984/1247 1504/1986/1249 
f 1505/1987/1250 1503/1985/1248 1504/1986/1249 1506/1988/1251 
f 1507/1989/1252 1494/1976/1274 1487/1969/1232 1495/1977/1240 
f 1508/1990/1253 1507/1989/1252 1495/1977/1240 1497/1979/1242 
f 1509/1991/1254 1508/1990/1253 1497/1979/1242 1499/1981/1244 
f 1510/1992/1255 1509/1991/1254 1499/1981/1244 1501/1983/1246 
f 1511/1993/1256 1510/1992/1255 1501/1983/1246 1503/1985/1248 
f 1512/1994/1257 1511/1993/1256 1503/1985/1248 1505/1987/1250 
f 1454/1936/1199 1455/1937/1200 1494/1976/1274 1507/1989/1252 
f 1453/1935/1198 1454/1936/1199 1507/1989/1252 1508/1990/1253 
f 1452/1934/1197 1453/1935/1198 1508/1990/1253 1509/1991/1254 
f 1451/1933/1196 1452/1934/1197 1509/1991/1254 1510/1992/1255 
f 1449/1931/1194 1451/1933/1196 1510/1992/1255 1511/1993/1256 
f 1450/1932/1195 1449/1931/1194 1511/1993/1256 1512/1994/1257 
f 1513/1995/1258 1505/1987/1250 1506/1988/1251 1514/1996/1259 
f 1515/1997/1260 1513/1995/1258 1514/1996/1259 1516/1998/1261 
f 1517/1999/1262 1515/1997/1260 1516/1998/1261 1518/2000/1263 
f 1519/2001/1264 1517/1999/1262 1518/2000/1263 1520/2002/1265 
f 1521/2003/1266 1519/2001/1264 1520/2002/1265 1522/2004/1267 
f 1457/1939/1202 1521/2003/1266 1522/2004/1267 1458/1940/1203 
f 1523/2005/1268 1512/1994/1257 1505/1987/1250 1513/1995/1258 
f 1524/2006/1269 1523/2005/1268 1513/1995/1258 1515/1997/1260 
f 1525/2007/1270 1524/2006/1269 1515/1997/1260 1517/1999/1262 
f 1526/2008/1271 1525/2007/1270 1517/1999/1262 1519/2001/1264 
f 1527/2009/1272 1526/2008/1271 1519/2001/1264 1521/2003/1266 
f 1471/1953/1273 1527/2009/1272 1521/2003/1266 1457/1939/1202 
f 1443/1925/1188 1450/1932/1195 1512/1994/1257 1523/2005/1268 
f 1436/1918/1181 1443/1925/1188 1523/2005/1268 1524/2006/1269 
f 1429/1911/1175 1436/1918/1181 1524/2006/1269 1525/2007/1270 
f 1422/1904/1168 1429/1911/1175 1525/2007/1270 1526/2008/1271 
f 1408/1890/1154 1422/1904/1168 1526/2008/1271 1527/2009/1272 
f 1409/1891/1155 1408/1890/1154 1527/2009/1272 1471/1953/1273 
f 1528/2010/1275 1529/2011/1276 1530/2012/1277 1531/2013/1278 
f 1532/2014/1279 1528/2010/1275 1531/2013/1278 1533/2015/1280 
f 1534/2016/1281 1532/2014/1279 1533/2015/1280 1535/2017/1282 
f 1536/2018/1283 1534/2016/1281 1535/2017/1282 1537/2019/1284 
f 1538/2020/1285 1536/2018/1283 1537/2019/1284 1539/2021/1286 
f 1540/2022/1287 1538/2020/1285 1539/2021/1286 1541/2023/1288 
f 1542/2024/1289 1543/2025/1290 1529/2011/1276 1528/2010/1275 
f 1544/2026/1291 1542/2024/1289 1528/2010/1275 1532/2014/1279 
f 1545/2027/1292 1544/2026/1291 1532/2014/1279 1534/2016/1281 
f 1546/2028/1293 1545/2027/1292 1534/2016/1281 1536/2018/1283 
f 1547/2029/1294 1546/2028/1293 1536/2018/1283 1538/2020/1285 
f 1548/2030/1295 1547/2029/1294 1538/2020/1285 1540/2022/1287 
f 1549/2031/1296 1550/2032/1297 1543/2025/1290 1542/2024/1289 
f 1551/2033/1298 1549/2031/1296 1542/2024/1289 1544/2026/1291 
f 1552/2034/219 1551/2033/1298 1544/2026/1291 1545/2027/1292 
f 1553/2035/1299 1552/2034/219 1545/2027/1292 1546/2028/1293 
f 1554/2036/1300 1553/2035/1299 1546/2028/1293 1547/2029/1294 
f 1555/2037/1301 1554/2036/1300 1547/2029/1294 1548/2030/1295 
f 1556/2038/1302 1557/2039/1303 1550/2032/1297 1549/2031/1296 
f 1558/2040/1304 1556/2038/1302 1549/2031/1296 1551/2033/1298 
f 1559/2041/1305 1558/2040/1304 1551/2033/1298 1552/2034/219 
f 1560/2042/1306 1559/2041/1305 1552/2034/219 1553/2035/1299 
f 1561/2043/1307 1560/2042/1306 1553/2035/1299 1554/2036/1300 
f 1562/2044/1308 1561/2043/1307 1554/2036/1300 1555/2037/1301 
f 1563/2045/1309 1564/2046/1310 1557/2039/1303 1556/2038/1302 
f 1565/2047/1311 1563/2045/1309 1556/2038/1302 1558/2040/1304 
f 1566/2048/1312 1565/2047/1311 1558/2040/1304 1559/2041/1305 
f 1567/2049/1313 1566/2048/1312 1559/2041/1305 1560/2042/1306 
f 1568/2050/1314 1567/2049/1313 1560/2042/1306 1561/2043/1307 
f 1569/2051/1315 1568/2050/1314 1561/2043/1307 1562/2044/1308 
f 1570/2052/1316 1571/2053/1317 1564/2046/1310 1563/2045/1309 
f 1572/2054/1318 1570/2052/1316 1563/2045/1309 1565/2047/1311 
f 1573/2055/1319 1572/2054/1318 1565/2047/1311 1566/2048/1312 
f 1574/2056/1320 1573/2055/1319 1566/2048/1312 1567/2049/1313 
f 1575/2057/1321 1574/2056/1320 1567/2049/1313 1568/2050/1314 
f 1576/2058/1322 1575/2057/1321 1568/2050/1314 1569/2051/1315 
f 1577/2059/1323 1578/2060/1324 1579/2061/1325 1580/2062/1326 
f 1581/2063/1327 1577/2059/1323 1580/2062/1326 1582/2064/1328 
f 1583/2065/1329 1581/2063/1327 1582/2064/1328 1584/2066/1330 
f 1585/2067/1331 1583/2065/1329 1584/2066/1330 1586/2068/1332 
f 1587/2069/1333 1585/2067/1331 1586/2068/1332 1588/2070/1334 
f 1589/2071/1335 1587/2069/1333 1588/2070/1334 1590/2072/1336 
f 1591/2073/1337 1592/2074/1338 1578/2060/1324 1577/2059/1323 
f 1593/2075/1339 1591/2073/1337 1577/2059/1323 1581/2063/1327 
f 1594/2076/1340 1593/2075/1339 1581/2063/1327 1583/2065/1329 
f 1595/2077/1341 1594/2076/1340 1583/2065/1329 1585/2067/1331 
f 1596/2078/1342 1595/2077/1341 1585/2067/1331 1587/2069/1333 
f 1597/2079/1343 1596/2078/1342 1587/2069/1333 1589/2071/1335 
f 1531/2013/1278 1530/2012/1277 1592/2074/1338 1591/2073/1337 
f 1533/2015/1280 1531/2013/1278 1591/2073/1337 1593/2075/1339 
f 1535/2017/1282 1533/2015/1280 1593/2075/1339 1594/2076/1340 
f 1537/2019/1284 1535/2017/1282 1594/2076/1340 1595/2077/1341 
f 1539/2021/1286 1537/2019/1284 1595/2077/1341 1596/2078/1342 
f 1541/2023/1288 1539/2021/1286 1596/2078/1342 1597/2079/1343 
f 1598/2080/1344 1589/2071/1335 1590/2072/1336 1599/2081/1345 
f 1600/2082/1346 1598/2080/1344 1599/2081/1345 1601/2083/1347 
f 1602/2084/1348 1600/2082/1346 1601/2083/1347 1603/2085/1349 
f 1604/2086/1350 1602/2084/1348 1603/2085/1349 1605/2087/1351 
f 1606/2088/1352 1604/2086/1350 1605/2087/1351 1607/2089/1353 
f 1608/2090/1354 1606/2088/1352 1607/2089/1353 1609/2091/1355 
f 1610/2092/1356 1597/2079/1343 1589/2071/1335 1598/2080/1344 
f 1611/2093/1357 1610/2092/1356 1598/2080/1344 1600/2082/1346 
f 1612/2094/1358 1611/2093/1357 1600/2082/1346 1602/2084/1348 
f 1613/2095/1359 1612/2094/1358 1602/2084/1348 1604/2086/1350 
f 1614/2096/1360 1613/2095/1359 1604/2086/1350 1606/2088/1352 
f 1615/2097/1361 1614/2096/1360 1606/2088/1352 1608/2090/1354 
f 1540/2022/1287 1541/2023/1288 1597/2079/1343 1610/2092/1356 
f 1548/2030/1295 1540/2022/1287 1610/2092/1356 1611/2093/1357 
f 1555/2037/1301 1548/2030/1295 1611/2093/1357 1612/2094/1358 
f 1562/2044/1308 1555/2037/1301 1612/2094/1358 1613/2095/1359 
f 1569/2051/1315 1562/2044/1308 1613/2095/1359 1614/2096/1360 
f 1576/2058/1322 1569/2051/1315 1614/2096/1360 1615/2097/1361 
f 1616/2098/1362 1608/2090/1354 1609/2091/1355 1617/2099/1363 
f 1618/2100/1364 1616/2098/1362 1617/2099/1363 1619/2101/1365 
f 1620/2102/1366 1618/2100/1364 1619/2101/1365 1621/2103/1367 
f 1622/2104/1368 1620/2102/1366 1621/2103/1367 1623/2105/1369 
f 1624/2106/1370 1622/2104/1368 1623/2105/1369 1625/2107/1371 
f 1626/2108/1372 1624/2106/1370 1625/2107/1371 1627/2109/1373 
f 1628/2110/1374 1615/2097/1361 1608/2090/1354 1616/2098/1362 
f 1629/2111/1375 1628/2110/1374 1616/2098/1362 1618/2100/1364 
f 1630/2112/1376 1629/2111/1375 1618/2100/1364 1620/2102/1366 
f 1631/2113/1377 1630/2112/1376 1620/2102/1366 1622/2104/1368 
f 1632/2114/1378 1631/2113/1377 1622/2104/1368 1624/2106/1370 
f 1633/2115/1379 1632/2114/1378 1624/2106/1370 1626/2108/1372 
f 1575/2057/1321 1576/2058/1322 1615/2097/1361 1628/2110/1374 
f 1574/2056/1320 1575/2057/1321 1628/2110/1374 1629/2111/1375 
f 1573/2055/1319 1574/2056/1320 1629/2111/1375 1630/2112/1376 
f 1572/2054/1318 1573/2055/1319 1630/2112/1376 1631/2113/1377 
f 1570/2052/1316 1572/2054/1318 1631/2113/1377 1632/2114/1378 
f 1571/2053/1317 1570/2052/1316 1632/2114/1378 1633/2115/1379 
f 1634/2116/1380 1626/2108/1372 1627/2109/1373 1635/2117/1381 
f 1636/2118/1382 1634/2116/1380 1635/2117/1381 1637/2119/1383 
f 1638/2120/1384 1636/2118/1382 1637/2119/1383 1639/2121/1385 
f 1640/2122/1386 1638/2120/1384 1639/2121/1385 1641/2123/1387 
f 1642/2124/1388 1640/2122/1386 1641/2123/1387 1643/2125/1389 
f 1578/2060/1324 1642/2124/1388 1643/2125/1389 1579/2061/1325 
f 1644/2126/1390 1633/2115/1379 1626/2108/1372 1634/2116/1380 
f 1645/2127/1391 1644/2126/1390 1634/2116/1380 1636/2118/1382 
f 1646/2128/1392 1645/2127/1391 1636/2118/1382 1638/2120/1384 
f 1647/2129/1393 1646/2128/1392 1638/2120/1384 1640/2122/1386 
f 1648/2130/1394 1647/2129/1393 1640/2122/1386 1642/2124/1388 
f 1592/2074/1338 1648/2130/1394 1642/2124/1388 1578/2060/1324 
f 1564/2046/1310 1571/2053/1317 1633/2115/1379 1644/2126/1390 
f 1557/2039/1303 1564/2046/1310 1644/2126/1390 1645/2127/1391 
f 1550/2032/1297 1557/2039/1303 1645/2127/1391 1646/2128/1392 
f 1543/2025/1290 1550/2032/1297 1646/2128/1392 1647/2129/1393 
f 1529/2011/1276 1543/2025/1290 1647/2129/1393 1648/2130/1394 
f 1530/2012/1277 1529/2011/1276 1648/2130/1394 1592/2074/1338 
f 1649/2131/1275 1650/2132/1276 1651/2133/1277 1652/2134/1278 
f 1653/2135/1279 1649/2131/1275 1652/2134/1278 1654/2136/1280 
f 1655/2137/1281 1653/2135/1279 1654/2136/1280 1656/2138/1282 
f 1657/2139/1283 1655/2137/1281 1656/2138/1282 1658/2140/1284 
f 1659/2141/1285 1657/2139/1283 1658/2140/1284 1660/2142/1286 
f 1661/2143/1287 1659/2141/1285 1660/2142/1286 1662/2144/1288 
f 1663/2145/1289 1664/2146/1290 1650/2132/1276 1649/2131/1275 
f 1665/2147/1291 1663/2145/1289 1649/2131/1275 1653/2135/1279 
f 1666/2148/1292 1665/2147/1291 1653/2135/1279 1655/2137/1281 
f 1667/2149/1293 1666/2148/1292 1655/2137/1281 1657/2139/1283 
f 1668/2150/1294 1667/2149/1293 1657/2139/1283 1659/2141/1285 
f 1669/2151/1295 1668/2150/1294 1659/2141/1285 1661/2143/1287 
f 1670/2152/1296 1671/2153/1297 1664/2146/1290 1663/2145/1289 
f 1672/2154/1298 1670/2152/1296 1663/2145/1289 1665/2147/1291 
f 1673/2155/219 1672/2154/1298 1665/2147/1291 1666/2148/1292 
f 1674/2156/1299 1673/2155/219 1666/2148/1292 1667/2149/1293 
f 1675/2157/1300 1674/2156/1299 1667/2149/1293 1668/2150/1294 
f 1676/2158/1301 1675/2157/1300 1668/2150/1294 1669/2151/1295 
f 1677/2159/1302 1678/2160/1303 1671/2153/1297 1670/2152/1296 
f 1679/2161/1304 1677/2159/1302 1670/2152/1296 1672/2154/1298 
f 1680/2162/1305 1679/2161/1304 1672/2154/1298 1673/2155/219 
f 1681/2163/1306 1680/2162/1305 1673/2155/219 1674/2156/1299 
f 1682/2164/1307 1681/2163/1306 1674/2156/1299 1675/2157/1300 
f 1683/2165/1308 1682/2164/1307 1675/2157/1300 1676/2158/1301 
f 1684/2166/1309 1685/2167/1310 1678/2160/1303 1677/2159/1302 
f 1686/2168/1311 1684/2166/1309 1677/2159/1302 1679/2161/1304 
f 1687/2169/1312 1686/2168/1311 1679/2161/1304 1680/2162/1305 
f 1688/2170/1313 1687/2169/1312 1680/2162/1305 1681/2163/1306 
f 1689/2171/1314 1688/2170/1313 1681/2163/1306 1682/2164/1307 
f 1690/2172/1315 1689/2171/1314 1682/2164/1307 1683/2165/1308 
f 1691/2173/1316 1692/2174/1317 1685/2167/1310 1684/2166/1309 
f 1693/2175/1318 1691/2173/1316 1684/2166/1309 1686/2168/1311 
f 1694/2176/1319 1693/2175/1318 1686/2168/1311 1687/2169/1312 
f 1695/2177/1320 1694/2176/1319 1687/2169/1312 1688/2170/1313 
f 1696/2178/1321 1695/2177/1320 1688/2170/1313 1689/2171/1314 
f 1697/2179/1322 1696/2178/1321 1689/2171/1314 1690/2172/1315 
f 1698/2180/1323 1699/2181/1324 1700/2182/1325 1701/2183/1326 
f 1702/2184/1327 1698/2180/1323 1701/2183/1326 1703/2185/1328 
f 1704/2186/1329 1702/2184/1327 1703/2185/1328 1705/2187/1330 
f 1706/2188/1331 1704/2186/1329 1705/2187/1330 1707/2189/1332 
f 1708/2190/1333 1706/2188/1331 1707/2189/1332 1709/2191/1334 
f 1710/2192/1335 1708/2190/1333 1709/2191/1334 1711/2193/1336 
f 1712/2194/1337 1713/2195/1338 1699/2181/1324 1698/2180/1323 
f 1714/2196/1339 1712/2194/1337 1698/2180/1323 1702/2184/1327 
f 1715/2197/1340 1714/2196/1339 1702/2184/1327 1704/2186/1329 
f 1716/2198/1341 1715/2197/1340 1704/2186/1329 1706/2188/1331 
f 1717/2199/1342 1716/2198/1341 1706/2188/1331 1708/2190/1333 
f 1718/2200/1343 1717/2199/1342 1708/2190/1333 1710/2192/1335 
f 1652/2134/1278 1651/2133/1277 1713/2195/1338 1712/2194/1337 
f 1654/2136/1280 1652/2134/1278 1712/2194/1337 1714/2196/1339 
f 1656/2138/1282 1654/2136/1280 1714/2196/1339 1715/2197/1340 
f 1658/2140/1284 1656/2138/1282 1715/2197/1340 1716/2198/1341 
f 1660/2142/1286 1658/2140/1284 1716/2198/1341 1717/2199/1342 
f 1662/2144/1288 1660/2142/1286 1717/2199/1342 1718/2200/1343 
f 1719/2201/1344 1710/2192/1335 1711/2193/1336 1720/2202/1345 
f 1721/2203/1346 1719/2201/1344 1720/2202/1345 1722/2204/1347 
f 1723/2205/1348 1721/2203/1346 1722/2204/1347 1724/2206/1349 
f 1725/2207/1350 1723/2205/1348 1724/2206/1349 1726/2208/1351 
f 1727/2209/1352 1725/2207/1350 1726/2208/1351 1728/2210/1353 
f 1729/2211/1354 1727/2209/1352 1728/2210/1353 1730/2212/1355 
f 1731/2213/1356 1718/2200/1343 1710/2192/1335 1719/2201/1344 
f 1732/2214/1357 1731/2213/1356 1719/2201/1344 1721/2203/1346 
f 1733/2215/1358 1732/2214/1357 1721/2203/1346 1723/2205/1348 
f 1734/2216/1359 1733/2215/1358 1723/2205/1348 1725/2207/1350 
f 1735/2217/1360 1734/2216/1359 1725/2207/1350 1727/2209/1352 
f 1736/2218/1361 1735/2217/1360 1727/2209/1352 1729/2211/1354 
f 1661/2143/1287 1662/2144/1288 1718/2200/1343 1731/2213/1356 
f 1669/2151/1295 1661/2143/1287 1731/2213/1356 1732/2214/1357 
f 1676/2158/1301 1669/2151/1295 1732/2214/1357 1733/2215/1358 
f 1683/2165/1308 1676/2158/1301 1733/2215/1358 1734/2216/1359 
f 1690/2172/1315 1683/2165/1308 1734/2216/1359 1735/2217/1360 
f 1697/2179/1322 1690/2172/1315 1735/2217/1360 1736/2218/1361 
f 1737/2219/1362 1729/2211/1354 1730/2212/1355 1738/2220/1363 
f 1739/2221/1364 1737/2219/1362 1738/2220/1363 1740/2222/1365 
f 1741/2223/1366 1739/2221/1364 1740/2222/1365 1742/2224/1367 
f 1743/2225/1368 1741/2223/1366 1742/2224/1367 1744/2226/1369 
f 1745/2227/1370 1743/2225/1368 1744/2226/1369 1746/2228/1371 
f 1747/2229/1372 1745/2227/1370 1746/2228/1371 1748/2230/1373 
f 1749/2231/1374 1736/2218/1361 1729/2211/1354 1737/2219/1362 
f 1750/2232/1375 1749/2231/1374 1737/2219/1362 1739/2221/1364 
f 1751/2233/1376 1750/2232/1375 1739/2221/1364 1741/2223/1366 
f 1752/2234/1377 1751/2233/1376 1741/2223/1366 1743/2225/1368 
f 1753/2235/1378 1752/2234/1377 1743/2225/1368 1745/2227/1370 
f 1754/2236/1379 1753/2235/1378 1745/2227/1370 1747/2229/1372 
f 1696/2178/1321 1697/2179/1322 1736/2218/1361 1749/2231/1374 
f 1695/2177/1320 1696/2178/1321 1749/2231/1374 1750/2232/1375 
f 1694/2176/1319 1695/2177/1320 1750/2232/1375 1751/2233/1376 
f 1693/2175/1318 1694/2176/1319 1751/2233/1376 1752/2234/1377 
f 1691/2173/1316 1693/2175/1318 1752/2234/1377 1753/2235/1378 
f 1692/2174/1317 1691/2173/1316 1753/2235/1378 1754/2236/1379 
f 1755/2237/1380 1747/2229/1372 1748/2230/1373 1756/2238/1381 
f 1757/2239/1382 1755/2237/1380 1756/2238/1381 1758/2240/1383 
f 1759/2241/1384 1757/2239/1382 1758/2240/1383 1760/2242/1385 
f 1761/2243/1386 1759/2241/1384 1760/2242/1385 1762/2244/1387 
f 1763/2245/1388 1761/2243/1386 1762/2244/1387 1764/2246/1389 
f 1699/2181/1324 1763/2245/1388 1764/2246/1389 1700/2182/1325 
f 1765/2247/1390 1754/2236/1379 1747/2229/1372 1755/2237/1380 
f 1766/2248/1391 1765/2247/1390 1755/2237/1380 1757/2239/1382 
f 1767/2249/1392 1766/2248/1391 1757/2239/1382 1759/2241/1384 
f 1768/2250/1393 1767/2249/1392 1759/2241/1384 1761/2243/1386 
f 1769/2251/1394 1768/2250/1393 1761/2243/1386 1763/2245/1388 
f 1713/2195/1338 1769/2251/1394 1763/2245/1388 1699/2181/1324 
f 1685/2167/1310 1692/2174/1317 1754/2236/1379 1765/2247/1390 
f 1678/2160/1303 1685/2167/1310 1765/2247/1390 1766/2248/1391 
f 1671/2153/1297 1678/2160/1303 1766/2248/1391 1767/2249/1392 
f 1664/2146/1290 1671/2153/1297 1767/2249/1392 1768/2250/1393 
f 1650/2132/1276 1664/2146/1290 1768/2250/1393 1769/2251/1394 
f 1651/2133/1277 1650/2132/1276 1769/2251/1394 1713/2195/1338 
f 1770/2252/1275 1771/2253/1276 1772/2254/1277 1773/2255/1278 
f 1774/2256/1279 1770/2252/1275 1773/2255/1278 1775/2257/1280 
f 1776/2258/1281 1774/2256/1279 1775/2257/1280 1777/2259/1282 
f 1778/2260/1283 1776/2258/1281 1777/2259/1282 1779/2261/1284 
f 1780/2262/1285 1778/2260/1283 1779/2261/1284 1781/2263/1286 
f 1782/2264/1287 1780/2262/1285 1781/2263/1286 1783/2265/1288 
f 1784/2266/1289 1785/2267/1290 1771/2253/1276 1770/2252/1275 
f 1786/2268/1291 1784/2266/1289 1770/2252/1275 1774/2256/1279 
f 1787/2269/1292 1786/2268/1291 1774/2256/1279 1776/2258/1281 
f 1788/2270/1293 1787/2269/1292 1776/2258/1281 1778/2260/1283 
f 1789/2271/1294 1788/2270/1293 1778/2260/1283 1780/2262/1285 
f 1790/2272/1295 1789/2271/1294 1780/2262/1285 1782/2264/1287 
f 1791/2273/1296 1792/2274/1297 1785/2267/1290 1784/2266/1289 
f 1793/2275/1298 1791/2273/1296 1784/2266/1289 1786/2268/1291 
f 1794/2276/219 1793/2275/1298 1786/2268/1291 1787/2269/1292 
f 1795/2277/1299 1794/2276/219 1787/2269/1292 1788/2270/1293 
f 1796/2278/1300 1795/2277/1299 1788/2270/1293 1789/2271/1294 
f 1797/2279/1301 1796/2278/1300 1789/2271/1294 1790/2272/1295 
f 1798/2280/1302 1799/2281/1303 1792/2274/1297 1791/2273/1296 
f 1800/2282/1304 1798/2280/1302 1791/2273/1296 1793/2275/1298 
f 1801/2283/1305 1800/2282/1304 1793/2275/1298 1794/2276/219 
f 1802/2284/1306 1801/2283/1305 1794/2276/219 1795/2277/1299 
f 1803/2285/1307 1802/2284/1306 1795/2277/1299 1796/2278/1300 
f 1804/2286/1308 1803/2285/1307 1796/2278/1300 1797/2279/1301 
f 1805/2287/1309 1806/2288/1310 1799/2281/1303 1798/2280/1302 
f 1807/2289/1311 1805/2287/1309 1798/2280/1302 1800/2282/1304 
f 1808/2290/1312 1807/2289/1311 1800/2282/1304 1801/2283/1305 
f 1809/2291/1313 1808/2290/1312 1801/2283/1305 1802/2284/1306 
f 1810/2292/1314 1809/2291/1313 1802/2284/1306 1803/2285/1307 
f 1811/2293/1315 1810/2292/1314 1803/2285/1307 1804/2286/1308 
f 1812/2294/1316 1813/2295/1317 1806/2288/1310 1805/2287/1309 
f 1814/2296/1318 1812/2294/1316 1805/2287/1309 1807/2289/1311 
f 1815/2297/1319 1814/2296/1318 1807/2289/1311 1808/2290/1312 
f 1816/2298/1320 1815/2297/1319 1808/2290/1312 1809/2291/1313 
f 1817/2299/1321 1816/2298/1320 1809/2291/1313 1810/2292/1314 
f 1818/2300/1322 1817/2299/1321 1810/2292/1314 1811/2293/1315 
f 1819/2301/1323 1820/2302/1324 1821/2303/1325 1822/2304/1326 
f 1823/2305/1327 1819/2301/1323 1822/2304/1326 1824/2306/1328 
f 1825/2307/1329 1823/2305/1327 1824/2306/1328 1826/2308/1330 
f 1827/2309/1331 1825/2307/1329 1826/2308/1330 1828/2310/1332 
f 1829/2311/1333 1827/2309/1331 1828/2310/1332 1830/2312/1334 
f 1831/2313/1335 1829/2311/1333 1830/2312/1334 1832/2314/1336 
f 1833/2315/1337 1834/2316/1395 1820/2302/1324 1819/2301/1323 
f 1835/2317/1339 1833/2315/1337 1819/2301/1323 1823/2305/1327 
f 1836/2318/1340 1835/2317/1339 1823/2305/1327 1825/2307/1329 
f 1837/2319/1341 1836/2318/1340 1825/2307/1329 1827/2309/1331 
f 1838/2320/1342 1837/2319/1341 1827/2309/1331 1829/2311/1333 
f 1839/2321/1343 1838/2320/1342 1829/2311/1333 1831/2313/1335 
f 1773/2255/1278 1772/2254/1277 1834/2316/1395 1833/2315/1337 
f 1775/2257/1280 1773/2255/1278 1833/2315/1337 1835/2317/1339 
f 1777/2259/1282 1775/2257/1280 1835/2317/1339 1836/2318/1340 
f 1779/2261/1284 1777/2259/1282 1836/2318/1340 1837/2319/1341 
f 1781/2263/1286 1779/2261/1284 1837/2319/1341 1838/2320/1342 
f 1783/2265/1288 1781/2263/1286 1838/2320/1342 1839/2321/1343 
f 1840/2322/1344 1831/2313/1335 1832/2314/1336 1841/2323/1345 
f 1842/2324/1346 1840/2322/1344 1841/2323/1345 1843/2325/1347 
f 1844/2326/1348 1842/2324/1346 1843/2325/1347 1845/2327/1349 
f 1846/2328/1350 1844/2326/1348 1845/2327/1349 1847/2329/1351 
f 1848/2330/1352 1846/2328/1350 1847/2329/1351 1849/2331/1353 
f 1850/2332/1354 1848/2330/1352 1849/2331/1353 1851/2333/1355 
f 1852/2334/1356 1839/2321/1343 1831/2313/1335 1840/2322/1344 
f 1853/2335/1357 1852/2334/1356 1840/2322/1344 1842/2324/1346 
f 1854/2336/1358 1853/2335/1357 1842/2324/1346 1844/2326/1348 
f 1855/2337/1359 1854/2336/1358 1844/2326/1348 1846/2328/1350 
f 1856/2338/1360 1855/2337/1359 1846/2328/1350 1848/2330/1352 
f 1857/2339/1396 1856/2338/1360 1848/2330/1352 1850/2332/1354 
f 1782/2264/1287 1783/2265/1288 1839/2321/1343 1852/2334/1356 
f 1790/2272/1295 1782/2264/1287 1852/2334/1356 1853/2335/1357 
f 1797/2279/1301 1790/2272/1295 1853/2335/1357 1854/2336/1358 
f 1804/2286/1308 1797/2279/1301 1854/2336/1358 1855/2337/1359 
f 1811/2293/1315 1804/2286/1308 1855/2337/1359 1856/2338/1360 
f 1818/2300/1322 1811/2293/1315 1856/2338/1360 1857/2339/1396 
f 1858/2340/1362 1850/2332/1354 1851/2333/1355 1859/2341/1363 
f 1860/2342/1364 1858/2340/1362 1859/2341/1363 1861/2343/1365 
f 1862/2344/1366 1860/2342/1364 1861/2343/1365 1863/2345/1367 
f 1864/2346/1368 1862/2344/1366 1863/2345/1367 1865/2347/1369 
f 1866/2348/1370 1864/2346/1368 1865/2347/1369 1867/2349/1371 
f 1868/2350/1372 1866/2348/1370 1867/2349/1371 1869/2351/1373 
f 1870/2352/1374 1857/2339/1396 1850/2332/1354 1858/2340/1362 
f 1871/2353/1375 1870/2352/1374 1858/2340/1362 1860/2342/1364 
f 1872/2354/1376 1871/2353/1375 1860/2342/1364 1862/2344/1366 
f 1873/2355/1377 1872/2354/1376 1862/2344/1366 1864/2346/1368 
f 1874/2356/1378 1873/2355/1377 1864/2346/1368 1866/2348/1370 
f 1875/2357/1379 1874/2356/1378 1866/2348/1370 1868/2350/1372 
f 1817/2299/1321 1818/2300/1322 1857/2339/1396 1870/2352/1374 
f 1816/2298/1320 1817/2299/1321 1870/2352/1374 1871/2353/1375 
f 1815/2297/1319 1816/2298/1320 1871/2353/1375 1872/2354/1376 
f 1814/2296/1318 1815/2297/1319 1872/2354/1376 1873/2355/1377 
f 1812/2294/1316 1814/2296/1318 1873/2355/1377 1874/2356/1378 
f 1813/2295/1317 1812/2294/1316 1874/2356/1378 1875/2357/1379 
f 1876/2358/1380 1868/2350/1372 1869/2351/1373 1877/2359/1381 
f 1878/2360/1382 1876/2358/1380 1877/2359/1381 1879/2361/1383 
f 1880/2362/1384 1878/2360/1382 1879/2361/1383 1881/2363/1385 
f 1882/2364/1386 1880/2362/1384 1881/2363/1385 1883/2365/1387 
f 1884/2366/1388 1882/2364/1386 1883/2365/1387 1885/2367/1389 
f 1820/2302/1324 1884/2366/1388 1885/2367/1389 1821/2303/1325 
f 1886/2368/1390 1875/2357/1379 1868/2350/1372 1876/2358/1380 
f 1887/2369/1391 1886/2368/1390 1876/2358/1380 1878/2360/1382 
f 1888/2370/1392 1887/2369/1391 1878/2360/1382 1880/2362/1384 
f 1889/2371/1393 1888/2370/1392 1880/2362/1384 1882/2364/1386 
f 1890/2372/1394 1889/2371/1393 1882/2364/1386 1884/2366/1388 
f 1834/2316/1395 1890/2372/1394 1884/2366/1388 1820/2302/1324 
f 1806/2288/1310 1813/2295/1317 1875/2357/1379 1886/2368/1390 
f 1799/2281/1303 1806/2288/1310 1886/2368/1390 1887/2369/1391 
f 1792/2274/1297 1799/2281/1303 1887/2369/1391 1888/2370/1392 
f 1785/2267/1290 1792/2274/1297 1888/2370/1392 1889/2371/1393 
f 1771/2253/1276 1785/2267/1290 1889/2371/1393 1890/2372/1394 
f 1772/2254/1277 1771/2253/1276 1890/2372/1394 1834/2316/1395 
f 1891/2373/1275 1892/2374/1276 1893/2375/1277 1894/2376/1278 
f 1895/2377/1279 1891/2373/1275 1894/2376/1278 1896/2378/1280 
f 1897/2379/1281 1895/2377/1279 1896/2378/1280 1898/2380/1282 
f 1899/2381/1283 1897/2379/1281 1898/2380/1282 1900/2382/1284 
f 1901/2383/1285 1899/2381/1283 1900/2382/1284 1902/2384/1286 
f 1903/2385/1287 1901/2383/1285 1902/2384/1286 1904/2386/1288 
f 1905/2387/1289 1906/2388/1290 1892/2374/1276 1891/2373/1275 
f 1907/2389/1291 1905/2387/1289 1891/2373/1275 1895/2377/1279 
f 1908/2390/1292 1907/2389/1291 1895/2377/1279 1897/2379/1281 
f 1909/2391/1293 1908/2390/1292 1897/2379/1281 1899/2381/1283 
f 1910/2392/1294 1909/2391/1293 1899/2381/1283 1901/2383/1285 
f 1911/2393/1295 1910/2392/1294 1901/2383/1285 1903/2385/1287 
f 1912/2394/1296 1913/2395/1297 1906/2388/1290 1905/2387/1289 
f 1914/2396/1298 1912/2394/1296 1905/2387/1289 1907/2389/1291 
f 1915/2397/219 1914/2396/1298 1907/2389/1291 1908/2390/1292 
f 1916/2398/1299 1915/2397/219 1908/2390/1292 1909/2391/1293 
f 1917/2399/1300 1916/2398/1299 1909/2391/1293 1910/2392/1294 
f 1918/2400/1301 1917/2399/1300 1910/2392/1294 1911/2393/1295 
f 1919/2401/1302 1920/2402/1303 1913/2395/1297 1912/2394/1296 
f 1921/2403/1304 1919/2401/1302 1912/2394/1296 1914/2396/1298 
f 1922/2404/1305 1921/2403/1304 1914/2396/1298 1915/2397/219 
f 1923/2405/1306 1922/2404/1305 1915/2397/219 1916/2398/1299 
f 1924/2406/1307 1923/2405/1306 1916/2398/1299 1917/2399/1300 
f 1925/2407/1308 1924/2406/1307 1917/2399/1300 1918/2400/1301 
f 1926/2408/1309 1927/2409/1310 1920/2402/1303 1919/2401/1302 
f 1928/2410/1311 1926/2408/1309 1919/2401/1302 1921/2403/1304 
f 1929/2411/1312 1928/2410/1311 1921/2403/1304 1922/2404/1305 
f 1930/2412/1313 1929/2411/1312 1922/2404/1305 1923/2405/1306 
f 1931/2413/1314 1930/2412/1313 1923/2405/1306 1924/2406/1307 
f 1932/2414/1315 1931/2413/1314 1924/2406/1307 1925/2407/1308 
f 1933/2415/1316 1934/2416/1317 1927/2409/1310 1926/2408/1309 
f 1935/2417/1318 1933/2415/1316 1926/2408/1309 1928/2410/1311 
f 1936/2418/1319 1935/2417/1318 1928/2410/1311 1929/2411/1312 
f 1937/2419/1320 1936/2418/1319 1929/2411/1312 1930/2412/1313 
f 1938/2420/1321 1937/2419/1320 1930/2412/1313 1931/2413/1314 
f 1939/2421/1322 1938/2420/1321 1931/2413/1314 1932/2414/1315 
f 1940/2422/1323 1941/2423/1324 1942/2424/1325 1943/2425/1326 
f 1944/2426/1327 1940/2422/1323 1943/2425/1326 1945/2427/1328 
f 1946/2428/1329 1944/2426/1327 1945/2427/1328 1947/2429/1330 
f 1948/2430/1331 1946/2428/1329 1947/2429/1330 1949/2431/1332 
f 1950/2432/1333 1948/2430/1331 1949/2431/1332 1951/2433/1334 
f 1952/2434/1335 1950/2432/1333 1951/2433/1334 1953/2435/1336 
f 1954/2436/1337 1955/2437/1395 1941/2423/1324 1940/2422/1323 
f 1956/2438/1339 1954/2436/1337 1940/2422/1323 1944/2426/1327 
f 1957/2439/1340 1956/2438/1339 1944/2426/1327 1946/2428/1329 
f 1958/2440/1341 1957/2439/1340 1946/2428/1329 1948/2430/1331 
f 1959/2441/1342 1958/2440/1341 1948/2430/1331 1950/2432/1333 
f 1960/2442/1343 1959/2441/1342 1950/2432/1333 1952/2434/1335 
f 1894/2376/1278 1893/2375/1277 1955/2437/1395 1954/2436/1337 
f 1896/2378/1280 1894/2376/1278 1954/2436/1337 1956/2438/1339 
f 1898/2380/1282 1896/2378/1280 1956/2438/1339 1957/2439/1340 
f 1900/2382/1284 1898/2380/1282 1957/2439/1340 1958/2440/1341 
f 1902/2384/1286 1900/2382/1284 1958/2440/1341 1959/2441/1342 
f 1904/2386/1288 1902/2384/1286 1959/2441/1342 1960/2442/1343 
f 1961/2443/1344 1952/2434/1335 1953/2435/1336 1962/2444/1345 
f 1963/2445/1346 1961/2443/1344 1962/2444/1345 1964/2446/1347 
f 1965/2447/1348 1963/2445/1346 1964/2446/1347 1966/2448/1349 
f 1967/2449/1350 1965/2447/1348 1966/2448/1349 1968/2450/1351 
f 1969/2451/1352 1967/2449/1350 1968/2450/1351 1970/2452/1353 
f 1971/2453/1354 1969/2451/1352 1970/2452/1353 1972/2454/1355 
f 1973/2455/1356 1960/2442/1343 1952/2434/1335 1961/2443/1344 
f 1974/2456/1357 1973/2455/1356 1961/2443/1344 1963/2445/1346 
f 1975/2457/1358 1974/2456/1357 1963/2445/1346 1965/2447/1348 
f 1976/2458/1359 1975/2457/1358 1965/2447/1348 1967/2449/1350 
f 1977/2459/1360 1976/2458/1359 1967/2449/1350 1969/2451/1352 
f 1978/2460/1396 1977/2459/1360 1969/2451/1352 1971/2453/1354 
f 1903/2385/1287 1904/2386/1288 1960/2442/1343 1973/2455/1356 
f 1911/2393/1295 1903/2385/1287 1973/2455/1356 1974/2456/1357 
f 1918/2400/1301 1911/2393/1295 1974/2456/1357 1975/2457/1358 
f 1925/2407/1308 1918/2400/1301 1975/2457/1358 1976/2458/1359 
f 1932/2414/1315 1925/2407/1308 1976/2458/1359 1977/2459/1360 
f 1939/2421/1322 1932/2414/1315 1977/2459/1360 1978/2460/1396 
f 1979/2461/1362 1971/2453/1354 1972/2454/1355 1980/2462/1363 
f 1981/2463/1364 1979/2461/1362 1980/2462/1363 1982/2464/1365 
f 1983/2465/1366 1981/2463/1364 1982/2464/1365 1984/2466/1367 
f 1985/2467/1368 1983/2465/1366 1984/2466/1367 1986/2468/1369 
f 1987/2469/1370 1985/2467/1368 1986/2468/1369 1988/2470/1371 
f 1989/2471/1372 1987/2469/1370 1988/2470/1371 1990/2472/1373 
f 1991/2473/1374 1978/2460/1396 1971/2453/1354 1979/2461/1362 
f 1992/2474/1375 1991/2473/1374 1979/2461/1362 1981/2463/1364 
f 1993/2475/1376 1992/2474/1375 1981/2463/1364 1983/2465/1366 
f 1994/2476/1377 1993/2475/1376 1983/2465/1366 1985/2467/1368 
f 1995/2477/1378 1994/2476/1377 1985/2467/1368 1987/2469/1370 
f 1996/2478/1379 1995/2477/1378 1987/2469/1370 1989/2471/1372 
f 1938/2420/1321 1939/2421/1322 1978/2460/1396 1991/2473/1374 
f 1937/2419/1320 1938/2420/1321 1991/2473/1374 1992/2474/1375 
f 1936/2418/1319 1937/2419/1320 1992/2474/1375 1993/2475/1376 
f 1935/2417/1318 1936/2418/1319 1993/2475/1376 1994/2476/1377 
f 1933/2415/1316 1935/2417/1318 1994/2476/1377 1995/2477/1378 
f 1934/2416/1317 1933/2415/1316 1995/2477/1378 1996/2478/1379 
f 1997/2479/1380 1989/2471/1372 1990/2472/1373 1998/2480/1381 
f 1999/2481/1382 1997/2479/1380 1998/2480/1381 2000/2482/1383 
f 2001/2483/1384 1999/2481/1382 2000/2482/1383 2002/2484/1385 
f 2003/2485/1386 2001/2483/1384 2002/2484/1385 2004/2486/1387 
f 2005/2487/1388 2003/2485/1386 2004/2486/1387 2006/2488/1389 
f 1941/2423/1324 2005/2487/1388 2006/2488/1389 1942/2424/1325 
f 2007/2489/1390 1996/2478/1379 1989/2471/1372 1997/2479/1380 
f 2008/2490/1391 2007/2489/1390 1997/2479/1380 1999/2481/1382 
f 2009/2491/1392 2008/2490/1391 1999/2481/1382 2001/2483/1384 
f 2010/2492/1393 2009/2491/1392 2001/2483/1384 2003/2485/1386 
f 2011/2493/1394 2010/2492/1393 2003/2485/1386 2005/2487/1388 
f 1955/2437/1395 2011/2493/1394 2005/2487/1388 1941/2423/1324 
f 1927/2409/1310 1934/2416/1317 1996/2478/1379 2007/2489/1390 
f 1920/2402/1303 1927/2409/1310 2007/2489/1390 2008/2490/1391 
f 1913/2395/1297 1920/2402/1303 2008/2490/1391 2009/2491/1392 
f 1906/2388/1290 1913/2395/1297 2009/2491/1392 2010/2492/1393 
f 1892/2374/1276 1906/2388/1290 2010/2492/1393 2011/2493/1394 
f 1893/2375/1277 1892/2374/1276 2011/2493/1394 1955/2437/1395 
f 2012/2494/1153 2013/2495/1154 2014/2496/1155 2015/2497/1156 
f 2016/2498/1157 2012/2494/1153 2015/2497/1156 2017/2499/1158 
f 2018/2500/1159 2016/2498/1157 2017/2499/1158 2019/2501/1160 
f 2020/2502/1161 2018/2500/1159 2019/2501/1160 2021/2503/1162 
f 2022/2504/1163 2020/2502/1161 2021/2503/1162 2023/2505/1164 
f 2024/2506/1165 2022/2504/1163 2023/2505/1164 2025/2507/1166 
f 2026/2508/1167 2027/2509/1168 2013/2495/1154 2012/2494/1153 
f 2028/2510/1169 2026/2508/1167 2012/2494/1153 2016/2498/1157 
f 2029/2511/1170 2028/2510/1169 2016/2498/1157 2018/2500/1159 
f 2030/2512/1171 2029/2511/1170 2018/2500/1159 2020/2502/1161 
f 2031/2513/1172 2030/2512/1171 2020/2502/1161 2022/2504/1163 
f 2032/2514/1173 2031/2513/1172 2022/2504/1163 2024/2506/1165 
f 2033/2515/1174 2034/2516/1175 2027/2509/1168 2026/2508/1167 
f 2035/2517/1176 2033/2515/1174 2026/2508/1167 2028/2510/1169 
f 2036/2518/74 2035/2517/1176 2028/2510/1169 2029/2511/1170 
f 2037/2519/1177 2036/2518/74 2029/2511/1170 2030/2512/1171 
f 2038/2520/1178 2037/2519/1177 2030/2512/1171 2031/2513/1172 
f 2039/2521/1179 2038/2520/1178 2031/2513/1172 2032/2514/1173 
f 2040/2522/1180 2041/2523/1181 2034/2516/1175 2033/2515/1174 
f 2042/2524/1182 2040/2522/1180 2033/2515/1174 2035/2517/1176 
f 2043/2525/1183 2042/2524/1182 2035/2517/1176 2036/2518/74 
f 2044/2526/1184 2043/2525/1183 2036/2518/74 2037/2519/1177 
f 2045/2527/1185 2044/2526/1184 2037/2519/1177 2038/2520/1178 
f 2046/2528/1186 2045/2527/1185 2038/2520/1178 2039/2521/1179 
f 2047/2529/1187 2048/2530/1188 2041/2523/1181 2040/2522/1180 
f 2049/2531/1189 2047/2529/1187 2040/2522/1180 2042/2524/1182 
f 2050/2532/1190 2049/2531/1189 2042/2524/1182 2043/2525/1183 
f 2051/2533/1191 2050/2532/1190 2043/2525/1183 2044/2526/1184 
f 2052/2534/1192 2051/2533/1191 2044/2526/1184 2045/2527/1185 
f 2053/2535/1193 2052/2534/1192 2045/2527/1185 2046/2528/1186 
f 2054/2536/1194 2055/2537/1195 2048/2530/1188 2047/2529/1187 
f 2056/2538/1196 2054/2536/1194 2047/2529/1187 2049/2531/1189 
f 2057/2539/1197 2056/2538/1196 2049/2531/1189 2050/2532/1190 
f 2058/2540/1198 2057/2539/1197 2050/2532/1190 2051/2533/1191 
f 2059/2541/1199 2058/2540/1198 2051/2533/1191 2052/2534/1192 
f 2060/2542/1200 2059/2541/1199 2052/2534/1192 2053/2535/1193 
f 2061/2543/1201 2062/2544/1202 2063/2545/1203 2064/2546/1204 
f 2065/2547/1205 2061/2543/1201 2064/2546/1204 2066/2548/1206 
f 2067/2549/1207 2065/2547/1205 2066/2548/1206 2068/2550/1397 
f 2069/2551/1209 2067/2549/1207 2068/2550/1397 2070/2552/1210 
f 2071/2553/1211 2069/2551/1209 2070/2552/1210 2072/2554/1212 
f 2073/2555/1213 2071/2553/1211 2072/2554/1212 2074/2556/1214 
f 2075/2557/1215 2076/2558/1216 2062/2544/1202 2061/2543/1201 
f 2077/2559/1217 2075/2557/1215 2061/2543/1201 2065/2547/1205 
f 2078/2560/1218 2077/2559/1217 2065/2547/1205 2067/2549/1207 
f 2079/2561/1219 2078/2560/1218 2067/2549/1207 2069/2551/1209 
f 2080/2562/1220 2079/2561/1219 2069/2551/1209 2071/2553/1211 
f 2081/2563/1221 2080/2562/1220 2071/2553/1211 2073/2555/1213 
f 2015/2497/1156 2014/2496/1155 2076/2558/1216 2075/2557/1215 
f 2017/2499/1158 2015/2497/1156 2075/2557/1215 2077/2559/1217 
f 2019/2501/1160 2017/2499/1158 2077/2559/1217 2078/2560/1218 
f 2021/2503/1162 2019/2501/1160 2078/2560/1218 2079/2561/1219 
f 2023/2505/1164 2021/2503/1162 2079/2561/1219 2080/2562/1220 
f 2025/2507/1166 2023/2505/1164 2080/2562/1220 2081/2563/1221 
f 2082/2564/1222 2073/2555/1213 2074/2556/1214 2083/2565/1223 
f 2084/2566/1224 2082/2564/1222 2083/2565/1223 2085/2567/1225 
f 2086/2568/1226 2084/2566/1224 2085/2567/1225 2087/2569/1398 
f 2088/2570/1228 2086/2568/1226 2087/2569/1398 2089/2571/1229 
f 2090/2572/1230 2088/2570/1228 2089/2571/1229 2091/2573/1231 
f 2092/2574/1232 2090/2572/1230 2091/2573/1231 2093/2575/1233 
f 2094/2576/1234 2081/2563/1221 2073/2555/1213 2082/2564/1222 
f 2095/2577/1235 2094/2576/1234 2082/2564/1222 2084/2566/1224 
f 2096/2578/1236 2095/2577/1235 2084/2566/1224 2086/2568/1226 
f 2097/2579/1237 2096/2578/1236 2086/2568/1226 2088/2570/1228 
f 2098/2580/1238 2097/2579/1237 2088/2570/1228 2090/2572/1230 
f 2099/2581/1239 2098/2580/1238 2090/2572/1230 2092/2574/1232 
f 2024/2506/1165 2025/2507/1166 2081/2563/1221 2094/2576/1234 
f 2032/2514/1173 2024/2506/1165 2094/2576/1234 2095/2577/1235 
f 2039/2521/1179 2032/2514/1173 2095/2577/1235 2096/2578/1236 
f 2046/2528/1186 2039/2521/1179 2096/2578/1236 2097/2579/1237 
f 2053/2535/1193 2046/2528/1186 2097/2579/1237 2098/2580/1238 
f 2060/2542/1200 2053/2535/1193 2098/2580/1238 2099/2581/1239 
f 2100/2582/1240 2092/2574/1232 2093/2575/1233 2101/2583/1241 
f 2102/2584/1242 2100/2582/1240 2101/2583/1241 2103/2585/1243 
f 2104/2586/1244 2102/2584/1242 2103/2585/1243 2105/2587/1399 
f 2106/2588/1246 2104/2586/1244 2105/2587/1399 2107/2589/1247 
f 2108/2590/1248 2106/2588/1246 2107/2589/1247 2109/2591/1249 
f 2110/2592/1250 2108/2590/1248 2109/2591/1249 2111/2593/1251 
f 2112/2594/1252 2099/2581/1239 2092/2574/1232 2100/2582/1240 
f 2113/2595/1253 2112/2594/1252 2100/2582/1240 2102/2584/1242 
f 2114/2596/1254 2113/2595/1253 2102/2584/1242 2104/2586/1244 
f 2115/2597/1255 2114/2596/1254 2104/2586/1244 2106/2588/1246 
f 2116/2598/1256 2115/2597/1255 2106/2588/1246 2108/2590/1248 
f 2117/2599/1257 2116/2598/1256 2108/2590/1248 2110/2592/1250 
f 2059/2541/1199 2060/2542/1200 2099/2581/1239 2112/2594/1252 
f 2058/2540/1198 2059/2541/1199 2112/2594/1252 2113/2595/1253 
f 2057/2539/1197 2058/2540/1198 2113/2595/1253 2114/2596/1254 
f 2056/2538/1196 2057/2539/1197 2114/2596/1254 2115/2597/1255 
f 2054/2536/1194 2056/2538/1196 2115/2597/1255 2116/2598/1256 
f 2055/2537/1195 2054/2536/1194 2116/2598/1256 2117/2599/1257 
f 2118/2600/1258 2110/2592/1250 2111/2593/1251 2119/2601/1259 
f 2120/2602/1260 2118/2600/1258 2119/2601/1259 2121/2603/1261 
f 2122/2604/1262 2120/2602/1260 2121/2603/1261 2123/2605/1400 
f 2124/2606/1264 2122/2604/1262 2123/2605/1400 2125/2607/1265 
f 2126/2608/1266 2124/2606/1264 2125/2607/1265 2127/2609/1267 
f 2062/2544/1202 2126/2608/1266 2127/2609/1267 2063/2545/1203 
f 2128/2610/1268 2117/2599/1257 2110/2592/1250 2118/2600/1258 
f 2129/2611/1269 2128/2610/1268 2118/2600/1258 2120/2602/1260 
f 2130/2612/1270 2129/2611/1269 2120/2602/1260 2122/2604/1262 
f 2131/2613/1271 2130/2612/1270 2122/2604/1262 2124/2606/1264 
f 2132/2614/1272 2131/2613/1271 2124/2606/1264 2126/2608/1266 
f 2076/2558/1216 2132/2614/1272 2126/2608/1266 2062/2544/1202 
f 2048/2530/1188 2055/2537/1195 2117/2599/1257 2128/2610/1268 
f 2041/2523/1181 2048/2530/1188 2128/2610/1268 2129/2611/1269 
f 2034/2516/1175 2041/2523/1181 2129/2611/1269 2130/2612/1270 
f 2027/2509/1168 2034/2516/1175 2130/2612/1270 2131/2613/1271 
f 2013/2495/1154 2027/2509/1168 2131/2613/1271 2132/2614/1272 
f 2014/2496/1155 2013/2495/1154 2132/2614/1272 2076/2558/1216 
f 2133/2615/324 2134/2616/325 2135/2617/326 2136/2618/327 
f 2137/2619/328 2133/2615/324 2136/2618/327 2138/2620/329 
f 2139/2621/330 2137/2619/328 2138/2620/329 2140/2622/331 
f 2141/2623/332 2139/2621/330 2140/2622/331 2142/2624/333 
f 2143/2625/334 2141/2623/332 2142/2624/333 2144/2626/335 
f 2145/2627/336 2143/2625/334 2144/2626/335 2146/2628/337 
f 2147/2629/338 2148/2630/339 2134/2616/325 2133/2615/324 
f 2149/2631/340 2147/2629/338 2133/2615/324 2137/2619/328 
f 2150/2632/341 2149/2631/340 2137/2619/328 2139/2621/330 
f 2151/2633/342 2150/2632/341 2139/2621/330 2141/2623/332 
f 2152/2634/343 2151/2633/342 2141/2623/332 2143/2625/334 
f 2153/2635/344 2152/2634/343 2143/2625/334 2145/2627/336 
f 2154/2636/345 2155/2637/346 2148/2630/339 2147/2629/338 
f 2156/2638/347 2154/2636/345 2147/2629/338 2149/2631/340 
f 2157/2639/4 2156/2638/347 2149/2631/340 2150/2632/341 
f 2158/2640/348 2157/2639/4 2150/2632/341 2151/2633/342 
f 2159/2641/349 2158/2640/348 2151/2633/342 2152/2634/343 
f 2160/2642/350 2159/2641/349 2152/2634/343 2153/2635/344 
f 2161/2643/351 2162/2644/352 2155/2637/346 2154/2636/345 
f 2163/2645/353 2161/2643/351 2154/2636/345 2156/2638/347 
f 2164/2646/354 2163/2645/353 2156/2638/347 2157/2639/4 
f 2165/2647/355 2164/2646/354 2157/2639/4 2158/2640/348 
f 2166/2648/356 2165/2647/355 2158/2640/348 2159/2641/349 
f 2167/2649/357 2166/2648/356 2159/2641/349 2160/2642/350 
f 2168/2650/358 2169/2651/359 2162/2644/352 2161/2643/351 
f 2170/2652/360 2168/2650/358 2161/2643/351 2163/2645/353 
f 2171/2653/361 2170/2652/360 2163/2645/353 2164/2646/354 
f 2172/2654/362 2171/2653/361 2164/2646/354 2165/2647/355 
f 2173/2655/363 2172/2654/362 2165/2647/355 2166/2648/356 
f 2174/2656/364 2173/2655/363 2166/2648/356 2167/2649/357 
f 2175/2657/365 2176/2658/366 2169/2651/359 2168/2650/358 
f 2177/2659/367 2175/2657/365 2168/2650/358 2170/2652/360 
f 2178/2660/368 2177/2659/367 2170/2652/360 2171/2653/361 
f 2179/2661/369 2178/2660/368 2171/2653/361 2172/2654/362 
f 2180/2662/370 2179/2661/369 2172/2654/362 2173/2655/363 
f 2181/2663/371 2180/2662/370 2173/2655/363 2174/2656/364 
f 2182/2664/372 2183/2665/373 2184/2666/374 2185/2667/375 
f 2186/2668/376 2182/2664/372 2185/2667/375 2187/2669/377 
f 2188/2670/378 2186/2668/376 2187/2669/377 2189/2671/1401 
f 2190/2672/380 2188/2670/378 2189/2671/1401 2191/2673/381 
f 2192/2674/382 2190/2672/380 2191/2673/381 2193/2675/383 
f 2194/2676/384 2192/2674/382 2193/2675/383 2195/2677/385 
f 2196/2678/386 2197/2679/387 2183/2665/373 2182/2664/372 
f 2198/2680/388 2196/2678/386 2182/2664/372 2186/2668/376 
f 2199/2681/389 2198/2680/388 2186/2668/376 2188/2670/378 
f 2200/2682/390 2199/2681/389 2188/2670/378 2190/2672/380 
f 2201/2683/391 2200/2682/390 2190/2672/380 2192/2674/382 
f 2202/2684/1402 2201/2683/391 2192/2674/382 2194/2676/384 
f 2136/2618/327 2135/2617/326 2197/2679/387 2196/2678/386 
f 2138/2620/329 2136/2618/327 2196/2678/386 2198/2680/388 
f 2140/2622/331 2138/2620/329 2198/2680/388 2199/2681/389 
f 2142/2624/333 2140/2622/331 2199/2681/389 2200/2682/390 
f 2144/2626/335 2142/2624/333 2200/2682/390 2201/2683/391 
f 2146/2628/337 2144/2626/335 2201/2683/391 2202/2684/1402 
f 2203/2685/393 2194/2676/384 2195/2677/385 2204/2686/394 
f 2205/2687/395 2203/2685/393 2204/2686/394 2206/2688/396 
f 2207/2689/397 2205/2687/395 2206/2688/396 2208/2690/398 
f 2209/2691/399 2207/2689/397 2208/2690/398 2210/2692/400 
f 2211/2693/401 2209/2691/399 2210/2692/400 2212/2694/402 
f 2213/2695/403 2211/2693/401 2212/2694/402 2214/2696/404 
f 2215/2697/405 2202/2684/1402 2194/2676/384 2203/2685/393 
f 2216/2698/406 2215/2697/405 2203/2685/393 2205/2687/395 
f 2217/2699/407 2216/2698/406 2205/2687/395 2207/2689/397 
f 2218/2700/408 2217/2699/407 2207/2689/397 2209/2691/399 
f 2219/2701/409 2218/2700/408 2209/2691/399 2211/2693/401 
f 2220/2702/410 2219/2701/409 2211/2693/401 2213/2695/403 
f 2145/2627/336 2146/2628/337 2202/2684/1402 2215/2697/405 
f 2153/2635/344 2145/2627/336 2215/2697/405 2216/2698/406 
f 2160/2642/350 2153/2635/344 2216/2698/406 2217/2699/407 
f 2167/2649/357 2160/2642/350 2217/2699/407 2218/2700/408 
f 2174/2656/364 2167/2649/357 2218/2700/408 2219/2701/409 
f 2181/2663/371 2174/2656/364 2219/2701/409 2220/2702/410 
f 2221/2703/411 2213/2695/403 2214/2696/404 2222/2704/412 
f 2223/2705/413 2221/2703/411 2222/2704/412 2224/2706/414 
f 2225/2707/415 2223/2705/413 2224/2706/414 2226/2708/1403 
f 2227/2709/417 2225/2707/415 2226/2708/1403 2228/2710/418 
f 2229/2711/419 2227/2709/417 2228/2710/418 2230/2712/420 
f 2231/2713/421 2229/2711/419 2230/2712/420 2232/2714/422 
f 2233/2715/423 2220/2702/410 2213/2695/403 2221/2703/411 
f 2234/2716/424 2233/2715/423 2221/2703/411 2223/2705/413 
f 2235/2717/425 2234/2716/424 2223/2705/413 2225/2707/415 
f 2236/2718/426 2235/2717/425 2225/2707/415 2227/2709/417 
f 2237/2719/427 2236/2718/426 2227/2709/417 2229/2711/419 
f 2238/2720/1404 2237/2719/427 2229/2711/419 2231/2713/421 
f 2180/2662/370 2181/2663/371 2220/2702/410 2233/2715/423 
f 2179/2661/369 2180/2662/370 2233/2715/423 2234/2716/424 
f 2178/2660/368 2179/2661/369 2234/2716/424 2235/2717/425 
f 2177/2659/367 2178/2660/368 2235/2717/425 2236/2718/426 
f 2175/2657/365 2177/2659/367 2236/2718/426 2237/2719/427 
f 2176/2658/366 2175/2657/365 2237/2719/427 2238/2720/1404 
f 2239/2721/429 2231/2713/421 2232/2714/422 2240/2722/430 
f 2241/2723/431 2239/2721/429 2240/2722/430 2242/2724/432 
f 2243/2725/433 2241/2723/431 2242/2724/432 2244/2726/434 
f 2245/2727/435 2243/2725/433 2244/2726/434 2246/2728/436 
f 2247/2729/437 2245/2727/435 2246/2728/436 2248/2730/438 
f 2183/2665/373 2247/2729/437 2248/2730/438 2184/2666/374 
f 2249/2731/439 2238/2720/1404 2231/2713/421 2239/2721/429 
f 2250/2732/440 2249/2731/439 2239/2721/429 2241/2723/431 
f 2251/2733/441 2250/2732/440 2241/2723/431 2243/2725/433 
f 2252/2734/442 2251/2733/441 2243/2725/433 2245/2727/435 
f 2253/2735/443 2252/2734/442 2245/2727/435 2247/2729/437 
f 2197/2679/387 2253/2735/443 2247/2729/437 2183/2665/373 
f 2169/2651/359 2176/2658/366 2238/2720/1404 2249/2731/439 
f 2162/2644/352 2169/2651/359 2249/2731/439 2250/2732/440 
f 2155/2637/346 2162/2644/352 2250/2732/440 2251/2733/441 
f 2148/2630/339 2155/2637/346 2251/2733/441 2252/2734/442 
f 2134/2616/325 2148/2630/339 2252/2734/442 2253/2735/443 
f 2135/2617/326 2134/2616/325 2253/2735/443 2197/2679/387 
f 2254/2736/1405 2255/2737/1405 2256/2738/1405 2257/2739/1405 
f 2258/2740/625 2259/2741/625 2260/2742/625 2261/2743/625 
f 2262/2744/1406 2263/2745/1407 2264/2746/1407 2265/2747/1406 
f 2266/2748/1408 2267/2749/1408 2268/2750/1408 2269/2751/1408 
f 2270/2752/1409 2271/2753/1409 2272/2754/1409 2273/2755/1409 
f 2274/2756/1410 2275/2757/1411 2276/2758/1410 2277/2759/1410 
s 2
f 2262/2744/1412 2275/2760/1412 2254/2761/1412 
f 2257/2762/1413 2266/2763/1413 2263/2745/1413 
f 2274/2764/1414 2271/2753/1414 2255/2765/1414 
f 2256/2766/1415 2270/2752/1415 2267/2767/1415 
f 2265/2747/1416 2258/2768/1416 2276/2769/1416 
f 2269/2770/1417 2259/2771/1417 2264/2746/1417 
f 2277/2772/1418 2261/2773/1418 2272/2754/1418 
f 2273/2755/1419 2260/2774/1419 2268/2775/1419 
s 4
f 2254/2776/1420 2275/2757/1420 2274/2756/1420 2255/2777/1420 
s 8
f 2255/2765/1421 2271/2753/1421 2270/2752/1421 2256/2766/1421 
s 4
f 2256/2778/1422 2267/2749/1422 2266/2748/1423 2257/2779/1423 
s 8
f 2257/2762/1424 2263/2745/1424 2262/2744/1424 2254/2761/1424 
s 4
f 2258/2768/1425 2265/2747/1425 2264/2746/1425 2259/2771/1425 
s 8
f 2259/2780/1426 2269/2751/1426 2268/2750/1427 2260/2781/1427 
s 4
f 2260/2774/1428 2273/2755/1428 2272/2754/1428 2261/2773/1428 
s 8
f 2261/2782/1429 2277/2759/1429 2276/2758/1429 2258/2783/1429 
s 16
f 2263/2745/1430 2266/2763/1430 2269/2770/1430 2264/2746/1430 
f 2265/2747/1431 2276/2769/1432 2275/2760/1431 2262/2744/1431 
f 2267/2767/1433 2270/2752/1433 2273/2755/1433 2268/2775/1433 
f 2271/2753/1434 2274/2764/1434 2277/2772/1434 2272/2754/1435 
s 1
f 2278/2784/19 2279/2785/1405 2280/2786/1405 2281/2787/19 
f 2282/2788/1436 2283/2789/1436 2284/2790/625 2285/2791/625 
f 2286/2792/1437 2287/2793/1437 2288/2794/1437 2289/2795/1437 
f 2290/2796/1438 2291/2797/1438 2292/2798/1438 2293/2799/1438 
f 2294/2800/1439 2295/2801/1439 2296/2802/1439 2297/2803/1439 
f 2298/2804/1440 2299/2805/1440 2300/2806/1440 2301/2807/1440 
s 2
f 2286/2792/1441 2278/2808/1441 2301/2809/1441 
f 2279/2810/1442 2289/2795/1442 2290/2811/1442 
f 2298/2812/1443 2281/2813/1443 2297/2803/1443 
f 2280/2814/1444 2293/2815/1444 2294/2800/1444 
f 2287/2793/1445 2300/2816/1445 2282/2817/1445 
f 2291/2818/1446 2288/2794/1446 2285/2819/1446 
f 2299/2820/1447 2296/2802/1447 2283/2821/1447 
f 2295/2801/1448 2292/2822/1448 2284/2823/1448 
s 4
f 2278/2824/1449 2281/2825/1449 2298/2804/1449 2301/2807/1449 
s 8
f 2281/2813/1450 2280/2814/1450 2294/2800/1450 2297/2803/1450 
s 4
f 2280/2826/1451 2279/2827/1451 2290/2796/1451 2293/2799/1451 
s 8
f 2279/2810/1452 2278/2808/1453 2286/2792/1453 2289/2795/1452 
s 4
f 2282/2817/1454 2285/2819/1455 2288/2794/1455 2287/2793/1454 
s 8
f 2285/2828/1456 2284/2829/1456 2292/2798/1456 2291/2797/1456 
s 4
f 2284/2823/1457 2283/2821/1458 2296/2802/1458 2295/2801/1457 
s 8
f 2283/2830/1459 2282/2831/1459 2300/2806/1459 2299/2805/1459 
s 16
f 2289/2795/1460 2288/2794/1460 2291/2818/1460 2290/2811/1460 
f 2287/2793/1461 2286/2792/1462 2301/2809/1463 2300/2816/1461 
f 2293/2815/1464 2292/2822/1464 2295/2801/1464 2294/2800/1465 
f 2297/2803/1466 2296/2802/1467 2299/2820/1466 2298/2812/1466 
# 2114 polygons - 80 triangles

